"CVE","KB","ProductID","ProductName","FixedBuild","Severity","ExploitStatus","PublishedDate"
"CVE-2026-50472","5120238","11571","Windows Server 2019","10.0.17763.9115","7.0","Publicly Disclosed:No;Exploited:No;Latest Software Release:Exploitation Less Likely","2026-08-11T07:00:00"
"CVE-2026-50472","5120238","11572","Windows Server 2019 (Server Core installation)","10.0.17763.9115","7.0","Publicly Disclosed:No;Exploited:No;Latest Software Release:Exploitation Less Likely","2026-08-11T07:00:00"
"CVE-2026-50472","5120242","11923","Windows Server 2022","10.0.20348.5499","7.0","Publicly Disclosed:No;Exploited:No;Latest Software Release:Exploitation Less Likely","2026-08-11T07:00:00"
"CVE-2026-50472","5120242","11924","Windows Server 2022 (Server Core installation)","10.0.20348.5499","7.0","Publicly Disclosed:No;Exploited:No;Latest Software Release:Exploitation Less Likely","2026-08-11T07:00:00"
"CVE-2026-50472","5120229","11923","Windows Server 2022","10.0.20348.5440","7.0","Publicly Disclosed:No;Exploited:No;Latest Software Release:Exploitation Less Likely","2026-08-11T07:00:00"
"CVE-2026-50472","5120229","11924","Windows Server 2022 (Server Core installation)","10.0.20348.5440","7.0","Publicly Disclosed:No;Exploited:No;Latest Software Release:Exploitation Less Likely","2026-08-11T07:00:00"
"CVE-2026-50472","5120249","11929","Windows 10 Version 21H2 for 32-bit Systems","10.0.19044.7663","7.0","Publicly Disclosed:No;Exploited:No;Latest Software Release:Exploitation Less Likely","2026-08-11T07:00:00"
"CVE-2026-50472","5120249","11930","Windows 10 Version 21H2 for ARM64-based Systems","10.0.19044.7663","7.0","Publicly Disclosed:No;Exploited:No;Latest Software Release:Exploitation Less Likely","2026-08-11T07:00:00"
"CVE-2026-50472","5120249","11931","Windows 10 Version 21H2 for x64-based Systems","10.0.19044.7663","7.0","Publicly Disclosed:No;Exploited:No;Latest Software Release:Exploitation Less Likely","2026-08-11T07:00:00"
"CVE-2026-50472","5120249","12097","Windows 10 Version 22H2 for x64-based Systems","10.0.19045.7663","7.0","Publicly Disclosed:No;Exploited:No;Latest Software Release:Exploitation Less Likely","2026-08-11T07:00:00"
"CVE-2026-50472","5120249","12098","Windows 10 Version 22H2 for ARM64-based Systems","10.0.19045.7663","7.0","Publicly Disclosed:No;Exploited:No;Latest Software Release:Exploitation Less Likely","2026-08-11T07:00:00"
"CVE-2026-50472","5120249","12099","Windows 10 Version 22H2 for 32-bit Systems","10.0.19045.7663","7.0","Publicly Disclosed:No;Exploited:No;Latest Software Release:Exploitation Less Likely","2026-08-11T07:00:00"
"CVE-2026-50472","5120233","12437","Windows Server 2025 (Server Core installation)","10.0.26100.33296","7.0","Publicly Disclosed:No;Exploited:No;Latest Software Release:Exploitation Less Likely","2026-08-11T07:00:00"
"CVE-2026-50472","5120233","12436","Windows Server 2025","10.0.26100.33296","7.0","Publicly Disclosed:No;Exploited:No;Latest Software Release:Exploitation Less Likely","2026-08-11T07:00:00"
"CVE-2026-50472","5120228","12437","Windows Server 2025 (Server Core installation)","10.0.26100.33222","7.0","Publicly Disclosed:No;Exploited:No;Latest Software Release:Exploitation Less Likely","2026-08-11T07:00:00"
"CVE-2026-50472","5120228","12436","Windows Server 2025","10.0.26100.33222","7.0","Publicly Disclosed:No;Exploited:No;Latest Software Release:Exploitation Less Likely","2026-08-11T07:00:00"
"CVE-2026-50472","5120240","12242","Windows 11 Version 23H2 for ARM64-based Systems","10.0.22631.7517","7.0","Publicly Disclosed:No;Exploited:No;Latest Software Release:Exploitation Less Likely","2026-08-11T07:00:00"
"CVE-2026-50472","5120240","12243","Windows 11 Version 23H2 for x64-based Systems","10.0.22631.7517","7.0","Publicly Disclosed:No;Exploited:No;Latest Software Release:Exploitation Less Likely","2026-08-11T07:00:00"
"CVE-2026-50472","5120418","10816","Windows Server 2016","10.0.14393.9418","7.0","Publicly Disclosed:No;Exploited:No;Latest Software Release:Exploitation Less Likely","2026-08-11T07:00:00"
"CVE-2026-50472","5120418","10855","Windows Server 2016 (Server Core installation)","10.0.14393.9418","7.0","Publicly Disclosed:No;Exploited:No;Latest Software Release:Exploitation Less Likely","2026-08-11T07:00:00"
"CVE-2026-56174","5120238","11571","Windows Server 2019","10.0.17763.9115","7.8","Publicly Disclosed:No;Exploited:No;Latest Software Release:Exploitation Less Likely","2026-08-11T07:00:00"
"CVE-2026-56174","5120238","11572","Windows Server 2019 (Server Core installation)","10.0.17763.9115","7.8","Publicly Disclosed:No;Exploited:No;Latest Software Release:Exploitation Less Likely","2026-08-11T07:00:00"
"CVE-2026-56174","5120242","11923","Windows Server 2022","10.0.20348.5499","7.8","Publicly Disclosed:No;Exploited:No;Latest Software Release:Exploitation Less Likely","2026-08-11T07:00:00"
"CVE-2026-56174","5120242","11924","Windows Server 2022 (Server Core installation)","10.0.20348.5499","7.8","Publicly Disclosed:No;Exploited:No;Latest Software Release:Exploitation Less Likely","2026-08-11T07:00:00"
"CVE-2026-56174","5120229","11923","Windows Server 2022","10.0.20348.5440","7.8","Publicly Disclosed:No;Exploited:No;Latest Software Release:Exploitation Less Likely","2026-08-11T07:00:00"
"CVE-2026-56174","5120229","11924","Windows Server 2022 (Server Core installation)","10.0.20348.5440","7.8","Publicly Disclosed:No;Exploited:No;Latest Software Release:Exploitation Less Likely","2026-08-11T07:00:00"
"CVE-2026-56174","5120249","11929","Windows 10 Version 21H2 for 32-bit Systems","10.0.19044.7663","7.8","Publicly Disclosed:No;Exploited:No;Latest Software Release:Exploitation Less Likely","2026-08-11T07:00:00"
"CVE-2026-56174","5120249","11930","Windows 10 Version 21H2 for ARM64-based Systems","10.0.19044.7663","7.8","Publicly Disclosed:No;Exploited:No;Latest Software Release:Exploitation Less Likely","2026-08-11T07:00:00"
"CVE-2026-56174","5120249","11931","Windows 10 Version 21H2 for x64-based Systems","10.0.19044.7663","7.8","Publicly Disclosed:No;Exploited:No;Latest Software Release:Exploitation Less Likely","2026-08-11T07:00:00"
"CVE-2026-56174","5120249","12097","Windows 10 Version 22H2 for x64-based Systems","10.0.19045.7663","7.8","Publicly Disclosed:No;Exploited:No;Latest Software Release:Exploitation Less Likely","2026-08-11T07:00:00"
"CVE-2026-56174","5120249","12098","Windows 10 Version 22H2 for ARM64-based Systems","10.0.19045.7663","7.8","Publicly Disclosed:No;Exploited:No;Latest Software Release:Exploitation Less Likely","2026-08-11T07:00:00"
"CVE-2026-56174","5120249","12099","Windows 10 Version 22H2 for 32-bit Systems","10.0.19045.7663","7.8","Publicly Disclosed:No;Exploited:No;Latest Software Release:Exploitation Less Likely","2026-08-11T07:00:00"
"CVE-2026-56174","5120233","12437","Windows Server 2025 (Server Core installation)","10.0.26100.33296","7.8","Publicly Disclosed:No;Exploited:No;Latest Software Release:Exploitation Less Likely","2026-08-11T07:00:00"
"CVE-2026-56174","5120233","12436","Windows Server 2025","10.0.26100.33296","7.8","Publicly Disclosed:No;Exploited:No;Latest Software Release:Exploitation Less Likely","2026-08-11T07:00:00"
"CVE-2026-56174","5120228","12437","Windows Server 2025 (Server Core installation)","10.0.26100.33222","7.8","Publicly Disclosed:No;Exploited:No;Latest Software Release:Exploitation Less Likely","2026-08-11T07:00:00"
"CVE-2026-56174","5120228","12436","Windows Server 2025","10.0.26100.33222","7.8","Publicly Disclosed:No;Exploited:No;Latest Software Release:Exploitation Less Likely","2026-08-11T07:00:00"
"CVE-2026-56174","5120240","12242","Windows 11 Version 23H2 for ARM64-based Systems","10.0.22631.7517","7.8","Publicly Disclosed:No;Exploited:No;Latest Software Release:Exploitation Less Likely","2026-08-11T07:00:00"
"CVE-2026-56174","5120240","12243","Windows 11 Version 23H2 for x64-based Systems","10.0.22631.7517","7.8","Publicly Disclosed:No;Exploited:No;Latest Software Release:Exploitation Less Likely","2026-08-11T07:00:00"
"CVE-2026-54113","5120238","11571","Windows Server 2019","10.0.17763.9115","7.5","Publicly Disclosed:No;Exploited:No;Latest Software Release:Exploitation Unlikely","2026-08-11T07:00:00"
"CVE-2026-54113","5120238","11572","Windows Server 2019 (Server Core installation)","10.0.17763.9115","7.5","Publicly Disclosed:No;Exploited:No;Latest Software Release:Exploitation Unlikely","2026-08-11T07:00:00"
"CVE-2026-54113","5120242","11923","Windows Server 2022","10.0.20348.5499","7.5","Publicly Disclosed:No;Exploited:No;Latest Software Release:Exploitation Unlikely","2026-08-11T07:00:00"
"CVE-2026-54113","5120242","11924","Windows Server 2022 (Server Core installation)","10.0.20348.5499","7.5","Publicly Disclosed:No;Exploited:No;Latest Software Release:Exploitation Unlikely","2026-08-11T07:00:00"
"CVE-2026-54113","5120229","11923","Windows Server 2022","10.0.20348.5440","7.5","Publicly Disclosed:No;Exploited:No;Latest Software Release:Exploitation Unlikely","2026-08-11T07:00:00"
"CVE-2026-54113","5120229","11924","Windows Server 2022 (Server Core installation)","10.0.20348.5440","7.5","Publicly Disclosed:No;Exploited:No;Latest Software Release:Exploitation Unlikely","2026-08-11T07:00:00"
"CVE-2026-54113","5120249","11929","Windows 10 Version 21H2 for 32-bit Systems","10.0.19044.7663","7.5","Publicly Disclosed:No;Exploited:No;Latest Software Release:Exploitation Unlikely","2026-08-11T07:00:00"
"CVE-2026-54113","5120249","11930","Windows 10 Version 21H2 for ARM64-based Systems","10.0.19044.7663","7.5","Publicly Disclosed:No;Exploited:No;Latest Software Release:Exploitation Unlikely","2026-08-11T07:00:00"
"CVE-2026-54113","5120249","11931","Windows 10 Version 21H2 for x64-based Systems","10.0.19044.7663","7.5","Publicly Disclosed:No;Exploited:No;Latest Software Release:Exploitation Unlikely","2026-08-11T07:00:00"
"CVE-2026-54113","5120249","12097","Windows 10 Version 22H2 for x64-based Systems","10.0.19045.7663","7.5","Publicly Disclosed:No;Exploited:No;Latest Software Release:Exploitation Unlikely","2026-08-11T07:00:00"
"CVE-2026-54113","5120249","12098","Windows 10 Version 22H2 for ARM64-based Systems","10.0.19045.7663","7.5","Publicly Disclosed:No;Exploited:No;Latest Software Release:Exploitation Unlikely","2026-08-11T07:00:00"
"CVE-2026-54113","5120249","12099","Windows 10 Version 22H2 for 32-bit Systems","10.0.19045.7663","7.5","Publicly Disclosed:No;Exploited:No;Latest Software Release:Exploitation Unlikely","2026-08-11T07:00:00"
"CVE-2026-54113","5120233","12437","Windows Server 2025 (Server Core installation)","10.0.26100.33296","7.5","Publicly Disclosed:No;Exploited:No;Latest Software Release:Exploitation Unlikely","2026-08-11T07:00:00"
"CVE-2026-54113","5120233","12436","Windows Server 2025","10.0.26100.33296","7.5","Publicly Disclosed:No;Exploited:No;Latest Software Release:Exploitation Unlikely","2026-08-11T07:00:00"
"CVE-2026-54113","5120228","12437","Windows Server 2025 (Server Core installation)","10.0.26100.33222","7.5","Publicly Disclosed:No;Exploited:No;Latest Software Release:Exploitation Unlikely","2026-08-11T07:00:00"
"CVE-2026-54113","5120228","12436","Windows Server 2025","10.0.26100.33222","7.5","Publicly Disclosed:No;Exploited:No;Latest Software Release:Exploitation Unlikely","2026-08-11T07:00:00"
"CVE-2026-54113","5120240","12242","Windows 11 Version 23H2 for ARM64-based Systems","10.0.22631.7517","7.5","Publicly Disclosed:No;Exploited:No;Latest Software Release:Exploitation Unlikely","2026-08-11T07:00:00"
"CVE-2026-54113","5120240","12243","Windows 11 Version 23H2 for x64-based Systems","10.0.22631.7517","7.5","Publicly Disclosed:No;Exploited:No;Latest Software Release:Exploitation Unlikely","2026-08-11T07:00:00"
"CVE-2026-54113","5120418","10816","Windows Server 2016","10.0.14393.9418","7.5","Publicly Disclosed:No;Exploited:No;Latest Software Release:Exploitation Unlikely","2026-08-11T07:00:00"
"CVE-2026-54113","5120418","10855","Windows Server 2016 (Server Core installation)","10.0.14393.9418","7.5","Publicly Disclosed:No;Exploited:No;Latest Software Release:Exploitation Unlikely","2026-08-11T07:00:00"
"CVE-2026-54984","5120238","11571","Windows Server 2019","10.0.17763.9115","7.8","Publicly Disclosed:No;Exploited:No;Latest Software Release:Exploitation Unlikely","2026-08-11T07:00:00"
"CVE-2026-54984","5120238","11572","Windows Server 2019 (Server Core installation)","10.0.17763.9115","7.8","Publicly Disclosed:No;Exploited:No;Latest Software Release:Exploitation Unlikely","2026-08-11T07:00:00"
"CVE-2026-54984","5120242","11923","Windows Server 2022","10.0.20348.5499","7.8","Publicly Disclosed:No;Exploited:No;Latest Software Release:Exploitation Unlikely","2026-08-11T07:00:00"
"CVE-2026-54984","5120242","11924","Windows Server 2022 (Server Core installation)","10.0.20348.5499","7.8","Publicly Disclosed:No;Exploited:No;Latest Software Release:Exploitation Unlikely","2026-08-11T07:00:00"
"CVE-2026-54984","5120229","11923","Windows Server 2022","10.0.20348.5440","7.8","Publicly Disclosed:No;Exploited:No;Latest Software Release:Exploitation Unlikely","2026-08-11T07:00:00"
"CVE-2026-54984","5120229","11924","Windows Server 2022 (Server Core installation)","10.0.20348.5440","7.8","Publicly Disclosed:No;Exploited:No;Latest Software Release:Exploitation Unlikely","2026-08-11T07:00:00"
"CVE-2026-54984","5120249","11929","Windows 10 Version 21H2 for 32-bit Systems","10.0.19044.7663","7.8","Publicly Disclosed:No;Exploited:No;Latest Software Release:Exploitation Unlikely","2026-08-11T07:00:00"
"CVE-2026-54984","5120249","11930","Windows 10 Version 21H2 for ARM64-based Systems","10.0.19044.7663","7.8","Publicly Disclosed:No;Exploited:No;Latest Software Release:Exploitation Unlikely","2026-08-11T07:00:00"
"CVE-2026-54984","5120249","11931","Windows 10 Version 21H2 for x64-based Systems","10.0.19044.7663","7.8","Publicly Disclosed:No;Exploited:No;Latest Software Release:Exploitation Unlikely","2026-08-11T07:00:00"
"CVE-2026-54984","5120249","12097","Windows 10 Version 22H2 for x64-based Systems","10.0.19045.7663","7.8","Publicly Disclosed:No;Exploited:No;Latest Software Release:Exploitation Unlikely","2026-08-11T07:00:00"
"CVE-2026-54984","5120249","12098","Windows 10 Version 22H2 for ARM64-based Systems","10.0.19045.7663","7.8","Publicly Disclosed:No;Exploited:No;Latest Software Release:Exploitation Unlikely","2026-08-11T07:00:00"
"CVE-2026-54984","5120249","12099","Windows 10 Version 22H2 for 32-bit Systems","10.0.19045.7663","7.8","Publicly Disclosed:No;Exploited:No;Latest Software Release:Exploitation Unlikely","2026-08-11T07:00:00"
"CVE-2026-54984","5120233","12437","Windows Server 2025 (Server Core installation)","10.0.26100.33296","7.8","Publicly Disclosed:No;Exploited:No;Latest Software Release:Exploitation Unlikely","2026-08-11T07:00:00"
"CVE-2026-54984","5120233","12436","Windows Server 2025","10.0.26100.33296","7.8","Publicly Disclosed:No;Exploited:No;Latest Software Release:Exploitation Unlikely","2026-08-11T07:00:00"
"CVE-2026-54984","5120228","12437","Windows Server 2025 (Server Core installation)","10.0.26100.33222","7.8","Publicly Disclosed:No;Exploited:No;Latest Software Release:Exploitation Unlikely","2026-08-11T07:00:00"
"CVE-2026-54984","5120228","12436","Windows Server 2025","10.0.26100.33222","7.8","Publicly Disclosed:No;Exploited:No;Latest Software Release:Exploitation Unlikely","2026-08-11T07:00:00"
"CVE-2026-54984","5120240","12242","Windows 11 Version 23H2 for ARM64-based Systems","10.0.22631.7517","7.8","Publicly Disclosed:No;Exploited:No;Latest Software Release:Exploitation Unlikely","2026-08-11T07:00:00"
"CVE-2026-54984","5120240","12243","Windows 11 Version 23H2 for x64-based Systems","10.0.22631.7517","7.8","Publicly Disclosed:No;Exploited:No;Latest Software Release:Exploitation Unlikely","2026-08-11T07:00:00"
"CVE-2026-54984","5120418","10816","Windows Server 2016","10.0.14393.9418","7.8","Publicly Disclosed:No;Exploited:No;Latest Software Release:Exploitation Unlikely","2026-08-11T07:00:00"
"CVE-2026-54984","5120418","10855","Windows Server 2016 (Server Core installation)","10.0.14393.9418","7.8","Publicly Disclosed:No;Exploited:No;Latest Software Release:Exploitation Unlikely","2026-08-11T07:00:00"
"CVE-2026-49179","5120238","11571","Windows Server 2019","10.0.17763.9115","8.8","Publicly Disclosed:No;Exploited:No;Latest Software Release:Exploitation Unlikely","2026-08-11T07:00:00"
"CVE-2026-49179","5120238","11572","Windows Server 2019 (Server Core installation)","10.0.17763.9115","8.8","Publicly Disclosed:No;Exploited:No;Latest Software Release:Exploitation Unlikely","2026-08-11T07:00:00"
"CVE-2026-49179","5120242","11923","Windows Server 2022","10.0.20348.5499","8.8","Publicly Disclosed:No;Exploited:No;Latest Software Release:Exploitation Unlikely","2026-08-11T07:00:00"
"CVE-2026-49179","5120242","11924","Windows Server 2022 (Server Core installation)","10.0.20348.5499","8.8","Publicly Disclosed:No;Exploited:No;Latest Software Release:Exploitation Unlikely","2026-08-11T07:00:00"
"CVE-2026-49179","5120229","11923","Windows Server 2022","10.0.20348.5440","8.8","Publicly Disclosed:No;Exploited:No;Latest Software Release:Exploitation Unlikely","2026-08-11T07:00:00"
"CVE-2026-49179","5120229","11924","Windows Server 2022 (Server Core installation)","10.0.20348.5440","8.8","Publicly Disclosed:No;Exploited:No;Latest Software Release:Exploitation Unlikely","2026-08-11T07:00:00"
"CVE-2026-49179","5120249","11929","Windows 10 Version 21H2 for 32-bit Systems","10.0.19044.7663","8.8","Publicly Disclosed:No;Exploited:No;Latest Software Release:Exploitation Unlikely","2026-08-11T07:00:00"
"CVE-2026-49179","5120249","11930","Windows 10 Version 21H2 for ARM64-based Systems","10.0.19044.7663","8.8","Publicly Disclosed:No;Exploited:No;Latest Software Release:Exploitation Unlikely","2026-08-11T07:00:00"
"CVE-2026-49179","5120249","11931","Windows 10 Version 21H2 for x64-based Systems","10.0.19044.7663","8.8","Publicly Disclosed:No;Exploited:No;Latest Software Release:Exploitation Unlikely","2026-08-11T07:00:00"
"CVE-2026-49179","5120249","12097","Windows 10 Version 22H2 for x64-based Systems","10.0.19045.7663","8.8","Publicly Disclosed:No;Exploited:No;Latest Software Release:Exploitation Unlikely","2026-08-11T07:00:00"
"CVE-2026-49179","5120249","12098","Windows 10 Version 22H2 for ARM64-based Systems","10.0.19045.7663","8.8","Publicly Disclosed:No;Exploited:No;Latest Software Release:Exploitation Unlikely","2026-08-11T07:00:00"
"CVE-2026-49179","5120249","12099","Windows 10 Version 22H2 for 32-bit Systems","10.0.19045.7663","8.8","Publicly Disclosed:No;Exploited:No;Latest Software Release:Exploitation Unlikely","2026-08-11T07:00:00"
"CVE-2026-49179","5120233","12437","Windows Server 2025 (Server Core installation)","10.0.26100.33296","8.8","Publicly Disclosed:No;Exploited:No;Latest Software Release:Exploitation Unlikely","2026-08-11T07:00:00"
"CVE-2026-49179","5120233","12436","Windows Server 2025","10.0.26100.33296","8.8","Publicly Disclosed:No;Exploited:No;Latest Software Release:Exploitation Unlikely","2026-08-11T07:00:00"
"CVE-2026-49179","5120228","12437","Windows Server 2025 (Server Core installation)","10.0.26100.33222","8.8","Publicly Disclosed:No;Exploited:No;Latest Software Release:Exploitation Unlikely","2026-08-11T07:00:00"
"CVE-2026-49179","5120228","12436","Windows Server 2025","10.0.26100.33222","8.8","Publicly Disclosed:No;Exploited:No;Latest Software Release:Exploitation Unlikely","2026-08-11T07:00:00"
"CVE-2026-49179","5120240","12242","Windows 11 Version 23H2 for ARM64-based Systems","10.0.22631.7517","8.8","Publicly Disclosed:No;Exploited:No;Latest Software Release:Exploitation Unlikely","2026-08-11T07:00:00"
"CVE-2026-49179","5120240","12243","Windows 11 Version 23H2 for x64-based Systems","10.0.22631.7517","8.8","Publicly Disclosed:No;Exploited:No;Latest Software Release:Exploitation Unlikely","2026-08-11T07:00:00"
"CVE-2026-49179","5120418","10816","Windows Server 2016","10.0.14393.9418","8.8","Publicly Disclosed:No;Exploited:No;Latest Software Release:Exploitation Unlikely","2026-08-11T07:00:00"
"CVE-2026-49179","5120418","10855","Windows Server 2016 (Server Core installation)","10.0.14393.9418","8.8","Publicly Disclosed:No;Exploited:No;Latest Software Release:Exploitation Unlikely","2026-08-11T07:00:00"
"CVE-2026-6727","5120238","11571","Windows Server 2019","10.0.17763.9115","5.9","Publicly Disclosed:No;Exploited:No;Latest Software Release:Exploitation Less Likely","2026-08-11T07:00:00"
"CVE-2026-6727","5120238","11572","Windows Server 2019 (Server Core installation)","10.0.17763.9115","5.9","Publicly Disclosed:No;Exploited:No;Latest Software Release:Exploitation Less Likely","2026-08-11T07:00:00"
"CVE-2026-6727","5120242","11923","Windows Server 2022","10.0.20348.5499","5.9","Publicly Disclosed:No;Exploited:No;Latest Software Release:Exploitation Less Likely","2026-08-11T07:00:00"
"CVE-2026-6727","5120242","11924","Windows Server 2022 (Server Core installation)","10.0.20348.5499","5.9","Publicly Disclosed:No;Exploited:No;Latest Software Release:Exploitation Less Likely","2026-08-11T07:00:00"
"CVE-2026-6727","5120229","11923","Windows Server 2022","10.0.20348.5440","5.9","Publicly Disclosed:No;Exploited:No;Latest Software Release:Exploitation Less Likely","2026-08-11T07:00:00"
"CVE-2026-6727","5120229","11924","Windows Server 2022 (Server Core installation)","10.0.20348.5440","5.9","Publicly Disclosed:No;Exploited:No;Latest Software Release:Exploitation Less Likely","2026-08-11T07:00:00"
"CVE-2026-6727","5123303","11923","Windows Server 2022","10.0.20348.5499","5.9","Publicly Disclosed:No;Exploited:No;Latest Software Release:Exploitation Less Likely","2026-08-11T07:00:00"
"CVE-2026-6727","5123303","11924","Windows Server 2022 (Server Core installation)","10.0.20348.5499","5.9","Publicly Disclosed:No;Exploited:No;Latest Software Release:Exploitation Less Likely","2026-08-11T07:00:00"
"CVE-2026-6727","5120249","11929","Windows 10 Version 21H2 for 32-bit Systems","10.0.19044.7663","5.9","Publicly Disclosed:No;Exploited:No;Latest Software Release:Exploitation Less Likely","2026-08-11T07:00:00"
"CVE-2026-6727","5120249","11930","Windows 10 Version 21H2 for ARM64-based Systems","10.0.19044.7663","5.9","Publicly Disclosed:No;Exploited:No;Latest Software Release:Exploitation Less Likely","2026-08-11T07:00:00"
"CVE-2026-6727","5120249","11931","Windows 10 Version 21H2 for x64-based Systems","10.0.19044.7663","5.9","Publicly Disclosed:No;Exploited:No;Latest Software Release:Exploitation Less Likely","2026-08-11T07:00:00"
"CVE-2026-6727","5120249","12097","Windows 10 Version 22H2 for x64-based Systems","10.0.19045.7663","5.9","Publicly Disclosed:No;Exploited:No;Latest Software Release:Exploitation Less Likely","2026-08-11T07:00:00"
"CVE-2026-6727","5120249","12098","Windows 10 Version 22H2 for ARM64-based Systems","10.0.19045.7663","5.9","Publicly Disclosed:No;Exploited:No;Latest Software Release:Exploitation Less Likely","2026-08-11T07:00:00"
"CVE-2026-6727","5120249","12099","Windows 10 Version 22H2 for 32-bit Systems","10.0.19045.7663","5.9","Publicly Disclosed:No;Exploited:No;Latest Software Release:Exploitation Less Likely","2026-08-11T07:00:00"
"CVE-2026-6727","5120233","12437","Windows Server 2025 (Server Core installation)","10.0.26100.33296","5.9","Publicly Disclosed:No;Exploited:No;Latest Software Release:Exploitation Less Likely","2026-08-11T07:00:00"
"CVE-2026-6727","5120233","12436","Windows Server 2025","10.0.26100.33296","5.9","Publicly Disclosed:No;Exploited:No;Latest Software Release:Exploitation Less Likely","2026-08-11T07:00:00"
"CVE-2026-6727","5120228","12437","Windows Server 2025 (Server Core installation)","10.0.26100.33222","5.9","Publicly Disclosed:No;Exploited:No;Latest Software Release:Exploitation Less Likely","2026-08-11T07:00:00"
"CVE-2026-6727","5120228","12436","Windows Server 2025","10.0.26100.33222","5.9","Publicly Disclosed:No;Exploited:No;Latest Software Release:Exploitation Less Likely","2026-08-11T07:00:00"
"CVE-2026-6727","5120240","12242","Windows 11 Version 23H2 for ARM64-based Systems","10.0.22631.7517","5.9","Publicly Disclosed:No;Exploited:No;Latest Software Release:Exploitation Less Likely","2026-08-11T07:00:00"
"CVE-2026-6727","5120240","12243","Windows 11 Version 23H2 for x64-based Systems","10.0.22631.7517","5.9","Publicly Disclosed:No;Exploited:No;Latest Software Release:Exploitation Less Likely","2026-08-11T07:00:00"
"CVE-2026-59127","5120238","11571","Windows Server 2019","10.0.17763.9115","7.8","Publicly Disclosed:No;Exploited:No;Latest Software Release:Exploitation Unlikely","2026-08-11T07:00:00"
"CVE-2026-59127","5120238","11572","Windows Server 2019 (Server Core installation)","10.0.17763.9115","7.8","Publicly Disclosed:No;Exploited:No;Latest Software Release:Exploitation Unlikely","2026-08-11T07:00:00"
"CVE-2026-59127","5120242","11923","Windows Server 2022","10.0.20348.5499","7.8","Publicly Disclosed:No;Exploited:No;Latest Software Release:Exploitation Unlikely","2026-08-11T07:00:00"
"CVE-2026-59127","5120242","11924","Windows Server 2022 (Server Core installation)","10.0.20348.5499","7.8","Publicly Disclosed:No;Exploited:No;Latest Software Release:Exploitation Unlikely","2026-08-11T07:00:00"
"CVE-2026-59127","5120229","11923","Windows Server 2022","10.0.20348.5440","7.8","Publicly Disclosed:No;Exploited:No;Latest Software Release:Exploitation Unlikely","2026-08-11T07:00:00"
"CVE-2026-59127","5120229","11924","Windows Server 2022 (Server Core installation)","10.0.20348.5440","7.8","Publicly Disclosed:No;Exploited:No;Latest Software Release:Exploitation Unlikely","2026-08-11T07:00:00"
"CVE-2026-59127","5120249","11929","Windows 10 Version 21H2 for 32-bit Systems","10.0.19044.7663","7.8","Publicly Disclosed:No;Exploited:No;Latest Software Release:Exploitation Unlikely","2026-08-11T07:00:00"
"CVE-2026-59127","5120249","11930","Windows 10 Version 21H2 for ARM64-based Systems","10.0.19044.7663","7.8","Publicly Disclosed:No;Exploited:No;Latest Software Release:Exploitation Unlikely","2026-08-11T07:00:00"
"CVE-2026-59127","5120249","11931","Windows 10 Version 21H2 for x64-based Systems","10.0.19044.7663","7.8","Publicly Disclosed:No;Exploited:No;Latest Software Release:Exploitation Unlikely","2026-08-11T07:00:00"
"CVE-2026-59127","5120249","12097","Windows 10 Version 22H2 for x64-based Systems","10.0.19045.7663","7.8","Publicly Disclosed:No;Exploited:No;Latest Software Release:Exploitation Unlikely","2026-08-11T07:00:00"
"CVE-2026-59127","5120249","12098","Windows 10 Version 22H2 for ARM64-based Systems","10.0.19045.7663","7.8","Publicly Disclosed:No;Exploited:No;Latest Software Release:Exploitation Unlikely","2026-08-11T07:00:00"
"CVE-2026-59127","5120249","12099","Windows 10 Version 22H2 for 32-bit Systems","10.0.19045.7663","7.8","Publicly Disclosed:No;Exploited:No;Latest Software Release:Exploitation Unlikely","2026-08-11T07:00:00"
"CVE-2026-59127","5120233","12437","Windows Server 2025 (Server Core installation)","10.0.26100.33296","7.8","Publicly Disclosed:No;Exploited:No;Latest Software Release:Exploitation Unlikely","2026-08-11T07:00:00"
"CVE-2026-59127","5120233","12436","Windows Server 2025","10.0.26100.33296","7.8","Publicly Disclosed:No;Exploited:No;Latest Software Release:Exploitation Unlikely","2026-08-11T07:00:00"
"CVE-2026-59127","5120228","12437","Windows Server 2025 (Server Core installation)","10.0.26100.33222","7.8","Publicly Disclosed:No;Exploited:No;Latest Software Release:Exploitation Unlikely","2026-08-11T07:00:00"
"CVE-2026-59127","5120228","12436","Windows Server 2025","10.0.26100.33222","7.8","Publicly Disclosed:No;Exploited:No;Latest Software Release:Exploitation Unlikely","2026-08-11T07:00:00"
"CVE-2026-59127","5120240","12242","Windows 11 Version 23H2 for ARM64-based Systems","10.0.22631.7517","7.8","Publicly Disclosed:No;Exploited:No;Latest Software Release:Exploitation Unlikely","2026-08-11T07:00:00"
"CVE-2026-59127","5120240","12243","Windows 11 Version 23H2 for x64-based Systems","10.0.22631.7517","7.8","Publicly Disclosed:No;Exploited:No;Latest Software Release:Exploitation Unlikely","2026-08-11T07:00:00"
"CVE-2026-59127","5120418","10816","Windows Server 2016","10.0.14393.9418","7.8","Publicly Disclosed:No;Exploited:No;Latest Software Release:Exploitation Unlikely","2026-08-11T07:00:00"
"CVE-2026-59127","5120418","10855","Windows Server 2016 (Server Core installation)","10.0.14393.9418","7.8","Publicly Disclosed:No;Exploited:No;Latest Software Release:Exploitation Unlikely","2026-08-11T07:00:00"
"CVE-2026-59128","5120238","11571","Windows Server 2019","10.0.17763.9115","5.5","Publicly Disclosed:No;Exploited:No;Latest Software Release:Exploitation Unlikely","2026-08-11T07:00:00"
"CVE-2026-59128","5120238","11572","Windows Server 2019 (Server Core installation)","10.0.17763.9115","5.5","Publicly Disclosed:No;Exploited:No;Latest Software Release:Exploitation Unlikely","2026-08-11T07:00:00"
"CVE-2026-59128","5120242","11923","Windows Server 2022","10.0.20348.5499","5.5","Publicly Disclosed:No;Exploited:No;Latest Software Release:Exploitation Unlikely","2026-08-11T07:00:00"
"CVE-2026-59128","5120242","11924","Windows Server 2022 (Server Core installation)","10.0.20348.5499","5.5","Publicly Disclosed:No;Exploited:No;Latest Software Release:Exploitation Unlikely","2026-08-11T07:00:00"
"CVE-2026-59128","5120229","11923","Windows Server 2022","10.0.20348.5440","5.5","Publicly Disclosed:No;Exploited:No;Latest Software Release:Exploitation Unlikely","2026-08-11T07:00:00"
"CVE-2026-59128","5120229","11924","Windows Server 2022 (Server Core installation)","10.0.20348.5440","5.5","Publicly Disclosed:No;Exploited:No;Latest Software Release:Exploitation Unlikely","2026-08-11T07:00:00"
"CVE-2026-59128","5120249","11929","Windows 10 Version 21H2 for 32-bit Systems","10.0.19044.7663","5.5","Publicly Disclosed:No;Exploited:No;Latest Software Release:Exploitation Unlikely","2026-08-11T07:00:00"
"CVE-2026-59128","5120249","11930","Windows 10 Version 21H2 for ARM64-based Systems","10.0.19044.7663","5.5","Publicly Disclosed:No;Exploited:No;Latest Software Release:Exploitation Unlikely","2026-08-11T07:00:00"
"CVE-2026-59128","5120249","11931","Windows 10 Version 21H2 for x64-based Systems","10.0.19044.7663","5.5","Publicly Disclosed:No;Exploited:No;Latest Software Release:Exploitation Unlikely","2026-08-11T07:00:00"
"CVE-2026-59128","5120249","12097","Windows 10 Version 22H2 for x64-based Systems","10.0.19045.7663","5.5","Publicly Disclosed:No;Exploited:No;Latest Software Release:Exploitation Unlikely","2026-08-11T07:00:00"
"CVE-2026-59128","5120249","12098","Windows 10 Version 22H2 for ARM64-based Systems","10.0.19045.7663","5.5","Publicly Disclosed:No;Exploited:No;Latest Software Release:Exploitation Unlikely","2026-08-11T07:00:00"
"CVE-2026-59128","5120249","12099","Windows 10 Version 22H2 for 32-bit Systems","10.0.19045.7663","5.5","Publicly Disclosed:No;Exploited:No;Latest Software Release:Exploitation Unlikely","2026-08-11T07:00:00"
"CVE-2026-59128","5120233","12437","Windows Server 2025 (Server Core installation)","10.0.26100.33296","5.5","Publicly Disclosed:No;Exploited:No;Latest Software Release:Exploitation Unlikely","2026-08-11T07:00:00"
"CVE-2026-59128","5120233","12436","Windows Server 2025","10.0.26100.33296","5.5","Publicly Disclosed:No;Exploited:No;Latest Software Release:Exploitation Unlikely","2026-08-11T07:00:00"
"CVE-2026-59128","5120228","12437","Windows Server 2025 (Server Core installation)","10.0.26100.33222","5.5","Publicly Disclosed:No;Exploited:No;Latest Software Release:Exploitation Unlikely","2026-08-11T07:00:00"
"CVE-2026-59128","5120228","12436","Windows Server 2025","10.0.26100.33222","5.5","Publicly Disclosed:No;Exploited:No;Latest Software Release:Exploitation Unlikely","2026-08-11T07:00:00"
"CVE-2026-59128","5120240","12242","Windows 11 Version 23H2 for ARM64-based Systems","10.0.22631.7517","5.5","Publicly Disclosed:No;Exploited:No;Latest Software Release:Exploitation Unlikely","2026-08-11T07:00:00"
"CVE-2026-59128","5120240","12243","Windows 11 Version 23H2 for x64-based Systems","10.0.22631.7517","5.5","Publicly Disclosed:No;Exploited:No;Latest Software Release:Exploitation Unlikely","2026-08-11T07:00:00"
"CVE-2026-59128","5120418","10816","Windows Server 2016","10.0.14393.9418","5.5","Publicly Disclosed:No;Exploited:No;Latest Software Release:Exploitation Unlikely","2026-08-11T07:00:00"
"CVE-2026-59128","5120418","10855","Windows Server 2016 (Server Core installation)","10.0.14393.9418","5.5","Publicly Disclosed:No;Exploited:No;Latest Software Release:Exploitation Unlikely","2026-08-11T07:00:00"
"CVE-2026-59130","5120238","11571","Windows Server 2019","10.0.17763.9115","5.6","Publicly Disclosed:No;Exploited:No;Latest Software Release:Exploitation Less Likely","2026-08-11T07:00:00"
"CVE-2026-59130","5120238","11572","Windows Server 2019 (Server Core installation)","10.0.17763.9115","5.6","Publicly Disclosed:No;Exploited:No;Latest Software Release:Exploitation Less Likely","2026-08-11T07:00:00"
"CVE-2026-59130","5120242","11923","Windows Server 2022","10.0.20348.5499","5.6","Publicly Disclosed:No;Exploited:No;Latest Software Release:Exploitation Less Likely","2026-08-11T07:00:00"
"CVE-2026-59130","5120242","11924","Windows Server 2022 (Server Core installation)","10.0.20348.5499","5.6","Publicly Disclosed:No;Exploited:No;Latest Software Release:Exploitation Less Likely","2026-08-11T07:00:00"
"CVE-2026-59130","5120229","11923","Windows Server 2022","10.0.20348.5440","5.6","Publicly Disclosed:No;Exploited:No;Latest Software Release:Exploitation Less Likely","2026-08-11T07:00:00"
"CVE-2026-59130","5120229","11924","Windows Server 2022 (Server Core installation)","10.0.20348.5440","5.6","Publicly Disclosed:No;Exploited:No;Latest Software Release:Exploitation Less Likely","2026-08-11T07:00:00"
"CVE-2026-59130","5120249","11929","Windows 10 Version 21H2 for 32-bit Systems","10.0.19044.7663","5.6","Publicly Disclosed:No;Exploited:No;Latest Software Release:Exploitation Less Likely","2026-08-11T07:00:00"
"CVE-2026-59130","5120249","11930","Windows 10 Version 21H2 for ARM64-based Systems","10.0.19044.7663","5.6","Publicly Disclosed:No;Exploited:No;Latest Software Release:Exploitation Less Likely","2026-08-11T07:00:00"
"CVE-2026-59130","5120249","11931","Windows 10 Version 21H2 for x64-based Systems","10.0.19044.7663","5.6","Publicly Disclosed:No;Exploited:No;Latest Software Release:Exploitation Less Likely","2026-08-11T07:00:00"
"CVE-2026-59130","5120249","12097","Windows 10 Version 22H2 for x64-based Systems","10.0.19045.7663","5.6","Publicly Disclosed:No;Exploited:No;Latest Software Release:Exploitation Less Likely","2026-08-11T07:00:00"
"CVE-2026-59130","5120249","12098","Windows 10 Version 22H2 for ARM64-based Systems","10.0.19045.7663","5.6","Publicly Disclosed:No;Exploited:No;Latest Software Release:Exploitation Less Likely","2026-08-11T07:00:00"
"CVE-2026-59130","5120249","12099","Windows 10 Version 22H2 for 32-bit Systems","10.0.19045.7663","5.6","Publicly Disclosed:No;Exploited:No;Latest Software Release:Exploitation Less Likely","2026-08-11T07:00:00"
"CVE-2026-59130","5120233","12437","Windows Server 2025 (Server Core installation)","10.0.26100.33296","5.6","Publicly Disclosed:No;Exploited:No;Latest Software Release:Exploitation Less Likely","2026-08-11T07:00:00"
"CVE-2026-59130","5120233","12436","Windows Server 2025","10.0.26100.33296","5.6","Publicly Disclosed:No;Exploited:No;Latest Software Release:Exploitation Less Likely","2026-08-11T07:00:00"
"CVE-2026-59130","5120228","12437","Windows Server 2025 (Server Core installation)","10.0.26100.33222","5.6","Publicly Disclosed:No;Exploited:No;Latest Software Release:Exploitation Less Likely","2026-08-11T07:00:00"
"CVE-2026-59130","5120228","12436","Windows Server 2025","10.0.26100.33222","5.6","Publicly Disclosed:No;Exploited:No;Latest Software Release:Exploitation Less Likely","2026-08-11T07:00:00"
"CVE-2026-59130","5120240","12242","Windows 11 Version 23H2 for ARM64-based Systems","10.0.22631.7517","5.6","Publicly Disclosed:No;Exploited:No;Latest Software Release:Exploitation Less Likely","2026-08-11T07:00:00"
"CVE-2026-59130","5120240","12243","Windows 11 Version 23H2 for x64-based Systems","10.0.22631.7517","5.6","Publicly Disclosed:No;Exploited:No;Latest Software Release:Exploitation Less Likely","2026-08-11T07:00:00"
"CVE-2026-59130","5120418","10816","Windows Server 2016","10.0.14393.9418","5.6","Publicly Disclosed:No;Exploited:No;Latest Software Release:Exploitation Less Likely","2026-08-11T07:00:00"
"CVE-2026-59130","5120418","10855","Windows Server 2016 (Server Core installation)","10.0.14393.9418","5.6","Publicly Disclosed:No;Exploited:No;Latest Software Release:Exploitation Less Likely","2026-08-11T07:00:00"
"CVE-2026-59132","5120238","11571","Windows Server 2019","10.0.17763.9115","7.5","Publicly Disclosed:No;Exploited:No;Latest Software Release:Exploitation More Likely","2026-08-11T07:00:00"
"CVE-2026-59132","5120238","11572","Windows Server 2019 (Server Core installation)","10.0.17763.9115","7.5","Publicly Disclosed:No;Exploited:No;Latest Software Release:Exploitation More Likely","2026-08-11T07:00:00"
"CVE-2026-59132","5120242","11923","Windows Server 2022","10.0.20348.5499","7.5","Publicly Disclosed:No;Exploited:No;Latest Software Release:Exploitation More Likely","2026-08-11T07:00:00"
"CVE-2026-59132","5120242","11924","Windows Server 2022 (Server Core installation)","10.0.20348.5499","7.5","Publicly Disclosed:No;Exploited:No;Latest Software Release:Exploitation More Likely","2026-08-11T07:00:00"
"CVE-2026-59132","5120229","11923","Windows Server 2022","10.0.20348.5440","7.5","Publicly Disclosed:No;Exploited:No;Latest Software Release:Exploitation More Likely","2026-08-11T07:00:00"
"CVE-2026-59132","5120229","11924","Windows Server 2022 (Server Core installation)","10.0.20348.5440","7.5","Publicly Disclosed:No;Exploited:No;Latest Software Release:Exploitation More Likely","2026-08-11T07:00:00"
"CVE-2026-59132","5120249","11929","Windows 10 Version 21H2 for 32-bit Systems","10.0.19044.7663","7.5","Publicly Disclosed:No;Exploited:No;Latest Software Release:Exploitation More Likely","2026-08-11T07:00:00"
"CVE-2026-59132","5120249","11930","Windows 10 Version 21H2 for ARM64-based Systems","10.0.19044.7663","7.5","Publicly Disclosed:No;Exploited:No;Latest Software Release:Exploitation More Likely","2026-08-11T07:00:00"
"CVE-2026-59132","5120249","11931","Windows 10 Version 21H2 for x64-based Systems","10.0.19044.7663","7.5","Publicly Disclosed:No;Exploited:No;Latest Software Release:Exploitation More Likely","2026-08-11T07:00:00"
"CVE-2026-59132","5120249","12097","Windows 10 Version 22H2 for x64-based Systems","10.0.19045.7663","7.5","Publicly Disclosed:No;Exploited:No;Latest Software Release:Exploitation More Likely","2026-08-11T07:00:00"
"CVE-2026-59132","5120249","12098","Windows 10 Version 22H2 for ARM64-based Systems","10.0.19045.7663","7.5","Publicly Disclosed:No;Exploited:No;Latest Software Release:Exploitation More Likely","2026-08-11T07:00:00"
"CVE-2026-59132","5120249","12099","Windows 10 Version 22H2 for 32-bit Systems","10.0.19045.7663","7.5","Publicly Disclosed:No;Exploited:No;Latest Software Release:Exploitation More Likely","2026-08-11T07:00:00"
"CVE-2026-59132","5120233","12437","Windows Server 2025 (Server Core installation)","10.0.26100.33296","7.5","Publicly Disclosed:No;Exploited:No;Latest Software Release:Exploitation More Likely","2026-08-11T07:00:00"
"CVE-2026-59132","5120233","12436","Windows Server 2025","10.0.26100.33296","7.5","Publicly Disclosed:No;Exploited:No;Latest Software Release:Exploitation More Likely","2026-08-11T07:00:00"
"CVE-2026-59132","5120228","12437","Windows Server 2025 (Server Core installation)","10.0.26100.33222","7.5","Publicly Disclosed:No;Exploited:No;Latest Software Release:Exploitation More Likely","2026-08-11T07:00:00"
"CVE-2026-59132","5120228","12436","Windows Server 2025","10.0.26100.33222","7.5","Publicly Disclosed:No;Exploited:No;Latest Software Release:Exploitation More Likely","2026-08-11T07:00:00"
"CVE-2026-59132","5120240","12242","Windows 11 Version 23H2 for ARM64-based Systems","10.0.22631.7517","7.5","Publicly Disclosed:No;Exploited:No;Latest Software Release:Exploitation More Likely","2026-08-11T07:00:00"
"CVE-2026-59132","5120240","12243","Windows 11 Version 23H2 for x64-based Systems","10.0.22631.7517","7.5","Publicly Disclosed:No;Exploited:No;Latest Software Release:Exploitation More Likely","2026-08-11T07:00:00"
"CVE-2026-59132","5120418","10816","Windows Server 2016","10.0.14393.9418","7.5","Publicly Disclosed:No;Exploited:No;Latest Software Release:Exploitation More Likely","2026-08-11T07:00:00"
"CVE-2026-59132","5120418","10855","Windows Server 2016 (Server Core installation)","10.0.14393.9418","7.5","Publicly Disclosed:No;Exploited:No;Latest Software Release:Exploitation More Likely","2026-08-11T07:00:00"
"CVE-2026-59135","5120238","11571","Windows Server 2019","10.0.17763.9115","5.5","Publicly Disclosed:No;Exploited:No;Latest Software Release:Exploitation Less Likely","2026-08-11T07:00:00"
"CVE-2026-59135","5120238","11572","Windows Server 2019 (Server Core installation)","10.0.17763.9115","5.5","Publicly Disclosed:No;Exploited:No;Latest Software Release:Exploitation Less Likely","2026-08-11T07:00:00"
"CVE-2026-59135","5120242","11923","Windows Server 2022","10.0.20348.5499","5.5","Publicly Disclosed:No;Exploited:No;Latest Software Release:Exploitation Less Likely","2026-08-11T07:00:00"
"CVE-2026-59135","5120242","11924","Windows Server 2022 (Server Core installation)","10.0.20348.5499","5.5","Publicly Disclosed:No;Exploited:No;Latest Software Release:Exploitation Less Likely","2026-08-11T07:00:00"
"CVE-2026-59135","5120229","11923","Windows Server 2022","10.0.20348.5440","5.5","Publicly Disclosed:No;Exploited:No;Latest Software Release:Exploitation Less Likely","2026-08-11T07:00:00"
"CVE-2026-59135","5120229","11924","Windows Server 2022 (Server Core installation)","10.0.20348.5440","5.5","Publicly Disclosed:No;Exploited:No;Latest Software Release:Exploitation Less Likely","2026-08-11T07:00:00"
"CVE-2026-59135","5120249","11929","Windows 10 Version 21H2 for 32-bit Systems","10.0.19044.7663","5.5","Publicly Disclosed:No;Exploited:No;Latest Software Release:Exploitation Less Likely","2026-08-11T07:00:00"
"CVE-2026-59135","5120249","11930","Windows 10 Version 21H2 for ARM64-based Systems","10.0.19044.7663","5.5","Publicly Disclosed:No;Exploited:No;Latest Software Release:Exploitation Less Likely","2026-08-11T07:00:00"
"CVE-2026-59135","5120249","11931","Windows 10 Version 21H2 for x64-based Systems","10.0.19044.7663","5.5","Publicly Disclosed:No;Exploited:No;Latest Software Release:Exploitation Less Likely","2026-08-11T07:00:00"
"CVE-2026-59135","5120249","12097","Windows 10 Version 22H2 for x64-based Systems","10.0.19045.7663","5.5","Publicly Disclosed:No;Exploited:No;Latest Software Release:Exploitation Less Likely","2026-08-11T07:00:00"
"CVE-2026-59135","5120249","12098","Windows 10 Version 22H2 for ARM64-based Systems","10.0.19045.7663","5.5","Publicly Disclosed:No;Exploited:No;Latest Software Release:Exploitation Less Likely","2026-08-11T07:00:00"
"CVE-2026-59135","5120249","12099","Windows 10 Version 22H2 for 32-bit Systems","10.0.19045.7663","5.5","Publicly Disclosed:No;Exploited:No;Latest Software Release:Exploitation Less Likely","2026-08-11T07:00:00"
"CVE-2026-59135","5120233","12437","Windows Server 2025 (Server Core installation)","10.0.26100.33296","5.5","Publicly Disclosed:No;Exploited:No;Latest Software Release:Exploitation Less Likely","2026-08-11T07:00:00"
"CVE-2026-59135","5120233","12436","Windows Server 2025","10.0.26100.33296","5.5","Publicly Disclosed:No;Exploited:No;Latest Software Release:Exploitation Less Likely","2026-08-11T07:00:00"
"CVE-2026-59135","5120228","12437","Windows Server 2025 (Server Core installation)","10.0.26100.33222","5.5","Publicly Disclosed:No;Exploited:No;Latest Software Release:Exploitation Less Likely","2026-08-11T07:00:00"
"CVE-2026-59135","5120228","12436","Windows Server 2025","10.0.26100.33222","5.5","Publicly Disclosed:No;Exploited:No;Latest Software Release:Exploitation Less Likely","2026-08-11T07:00:00"
"CVE-2026-59135","5120240","12242","Windows 11 Version 23H2 for ARM64-based Systems","10.0.22631.7517","5.5","Publicly Disclosed:No;Exploited:No;Latest Software Release:Exploitation Less Likely","2026-08-11T07:00:00"
"CVE-2026-59135","5120240","12243","Windows 11 Version 23H2 for x64-based Systems","10.0.22631.7517","5.5","Publicly Disclosed:No;Exploited:No;Latest Software Release:Exploitation Less Likely","2026-08-11T07:00:00"
"CVE-2026-59135","5120418","10816","Windows Server 2016","10.0.14393.9418","5.5","Publicly Disclosed:No;Exploited:No;Latest Software Release:Exploitation Less Likely","2026-08-11T07:00:00"
"CVE-2026-59135","5120418","10855","Windows Server 2016 (Server Core installation)","10.0.14393.9418","5.5","Publicly Disclosed:No;Exploited:No;Latest Software Release:Exploitation Less Likely","2026-08-11T07:00:00"
"CVE-2026-59134","5120238","11571","Windows Server 2019","10.0.17763.9115","7.5","Publicly Disclosed:No;Exploited:No;Latest Software Release:Exploitation Less Likely","2026-08-11T07:00:00"
"CVE-2026-59134","5120238","11572","Windows Server 2019 (Server Core installation)","10.0.17763.9115","7.5","Publicly Disclosed:No;Exploited:No;Latest Software Release:Exploitation Less Likely","2026-08-11T07:00:00"
"CVE-2026-59134","5120242","11923","Windows Server 2022","10.0.20348.5499","7.5","Publicly Disclosed:No;Exploited:No;Latest Software Release:Exploitation Less Likely","2026-08-11T07:00:00"
"CVE-2026-59134","5120242","11924","Windows Server 2022 (Server Core installation)","10.0.20348.5499","7.5","Publicly Disclosed:No;Exploited:No;Latest Software Release:Exploitation Less Likely","2026-08-11T07:00:00"
"CVE-2026-59134","5120229","11923","Windows Server 2022","10.0.20348.5440","7.5","Publicly Disclosed:No;Exploited:No;Latest Software Release:Exploitation Less Likely","2026-08-11T07:00:00"
"CVE-2026-59134","5120229","11924","Windows Server 2022 (Server Core installation)","10.0.20348.5440","7.5","Publicly Disclosed:No;Exploited:No;Latest Software Release:Exploitation Less Likely","2026-08-11T07:00:00"
"CVE-2026-59134","5120249","11929","Windows 10 Version 21H2 for 32-bit Systems","10.0.19044.7663","7.5","Publicly Disclosed:No;Exploited:No;Latest Software Release:Exploitation Less Likely","2026-08-11T07:00:00"
"CVE-2026-59134","5120249","11930","Windows 10 Version 21H2 for ARM64-based Systems","10.0.19044.7663","7.5","Publicly Disclosed:No;Exploited:No;Latest Software Release:Exploitation Less Likely","2026-08-11T07:00:00"
"CVE-2026-59134","5120249","11931","Windows 10 Version 21H2 for x64-based Systems","10.0.19044.7663","7.5","Publicly Disclosed:No;Exploited:No;Latest Software Release:Exploitation Less Likely","2026-08-11T07:00:00"
"CVE-2026-59134","5120249","12097","Windows 10 Version 22H2 for x64-based Systems","10.0.19045.7663","7.5","Publicly Disclosed:No;Exploited:No;Latest Software Release:Exploitation Less Likely","2026-08-11T07:00:00"
"CVE-2026-59134","5120249","12098","Windows 10 Version 22H2 for ARM64-based Systems","10.0.19045.7663","7.5","Publicly Disclosed:No;Exploited:No;Latest Software Release:Exploitation Less Likely","2026-08-11T07:00:00"
"CVE-2026-59134","5120249","12099","Windows 10 Version 22H2 for 32-bit Systems","10.0.19045.7663","7.5","Publicly Disclosed:No;Exploited:No;Latest Software Release:Exploitation Less Likely","2026-08-11T07:00:00"
"CVE-2026-59134","5120233","12437","Windows Server 2025 (Server Core installation)","10.0.26100.33296","7.5","Publicly Disclosed:No;Exploited:No;Latest Software Release:Exploitation Less Likely","2026-08-11T07:00:00"
"CVE-2026-59134","5120233","12436","Windows Server 2025","10.0.26100.33296","7.5","Publicly Disclosed:No;Exploited:No;Latest Software Release:Exploitation Less Likely","2026-08-11T07:00:00"
"CVE-2026-59134","5120228","12437","Windows Server 2025 (Server Core installation)","10.0.26100.33222","7.5","Publicly Disclosed:No;Exploited:No;Latest Software Release:Exploitation Less Likely","2026-08-11T07:00:00"
"CVE-2026-59134","5120228","12436","Windows Server 2025","10.0.26100.33222","7.5","Publicly Disclosed:No;Exploited:No;Latest Software Release:Exploitation Less Likely","2026-08-11T07:00:00"
"CVE-2026-59134","5120240","12242","Windows 11 Version 23H2 for ARM64-based Systems","10.0.22631.7517","7.5","Publicly Disclosed:No;Exploited:No;Latest Software Release:Exploitation Less Likely","2026-08-11T07:00:00"
"CVE-2026-59134","5120240","12243","Windows 11 Version 23H2 for x64-based Systems","10.0.22631.7517","7.5","Publicly Disclosed:No;Exploited:No;Latest Software Release:Exploitation Less Likely","2026-08-11T07:00:00"
"CVE-2026-59134","5120418","10816","Windows Server 2016","10.0.14393.9418","7.5","Publicly Disclosed:No;Exploited:No;Latest Software Release:Exploitation Less Likely","2026-08-11T07:00:00"
"CVE-2026-59134","5120418","10855","Windows Server 2016 (Server Core installation)","10.0.14393.9418","7.5","Publicly Disclosed:No;Exploited:No;Latest Software Release:Exploitation Less Likely","2026-08-11T07:00:00"
"CVE-2026-59136","5120238","11571","Windows Server 2019","10.0.17763.9115","5.5","Publicly Disclosed:No;Exploited:No;Latest Software Release:Exploitation Less Likely","2026-08-11T07:00:00"
"CVE-2026-59136","5120238","11572","Windows Server 2019 (Server Core installation)","10.0.17763.9115","5.5","Publicly Disclosed:No;Exploited:No;Latest Software Release:Exploitation Less Likely","2026-08-11T07:00:00"
"CVE-2026-59136","5120242","11923","Windows Server 2022","10.0.20348.5499","5.5","Publicly Disclosed:No;Exploited:No;Latest Software Release:Exploitation Less Likely","2026-08-11T07:00:00"
"CVE-2026-59136","5120242","11924","Windows Server 2022 (Server Core installation)","10.0.20348.5499","5.5","Publicly Disclosed:No;Exploited:No;Latest Software Release:Exploitation Less Likely","2026-08-11T07:00:00"
"CVE-2026-59136","5120229","11923","Windows Server 2022","10.0.20348.5440","5.5","Publicly Disclosed:No;Exploited:No;Latest Software Release:Exploitation Less Likely","2026-08-11T07:00:00"
"CVE-2026-59136","5120229","11924","Windows Server 2022 (Server Core installation)","10.0.20348.5440","5.5","Publicly Disclosed:No;Exploited:No;Latest Software Release:Exploitation Less Likely","2026-08-11T07:00:00"
"CVE-2026-59136","5120249","11929","Windows 10 Version 21H2 for 32-bit Systems","10.0.19044.7663","5.5","Publicly Disclosed:No;Exploited:No;Latest Software Release:Exploitation Less Likely","2026-08-11T07:00:00"
"CVE-2026-59136","5120249","11930","Windows 10 Version 21H2 for ARM64-based Systems","10.0.19044.7663","5.5","Publicly Disclosed:No;Exploited:No;Latest Software Release:Exploitation Less Likely","2026-08-11T07:00:00"
"CVE-2026-59136","5120249","11931","Windows 10 Version 21H2 for x64-based Systems","10.0.19044.7663","5.5","Publicly Disclosed:No;Exploited:No;Latest Software Release:Exploitation Less Likely","2026-08-11T07:00:00"
"CVE-2026-59136","5120249","12097","Windows 10 Version 22H2 for x64-based Systems","10.0.19045.7663","5.5","Publicly Disclosed:No;Exploited:No;Latest Software Release:Exploitation Less Likely","2026-08-11T07:00:00"
"CVE-2026-59136","5120249","12098","Windows 10 Version 22H2 for ARM64-based Systems","10.0.19045.7663","5.5","Publicly Disclosed:No;Exploited:No;Latest Software Release:Exploitation Less Likely","2026-08-11T07:00:00"
"CVE-2026-59136","5120249","12099","Windows 10 Version 22H2 for 32-bit Systems","10.0.19045.7663","5.5","Publicly Disclosed:No;Exploited:No;Latest Software Release:Exploitation Less Likely","2026-08-11T07:00:00"
"CVE-2026-59136","5120233","12437","Windows Server 2025 (Server Core installation)","10.0.26100.33296","5.5","Publicly Disclosed:No;Exploited:No;Latest Software Release:Exploitation Less Likely","2026-08-11T07:00:00"
"CVE-2026-59136","5120233","12436","Windows Server 2025","10.0.26100.33296","5.5","Publicly Disclosed:No;Exploited:No;Latest Software Release:Exploitation Less Likely","2026-08-11T07:00:00"
"CVE-2026-59136","5120228","12437","Windows Server 2025 (Server Core installation)","10.0.26100.33222","5.5","Publicly Disclosed:No;Exploited:No;Latest Software Release:Exploitation Less Likely","2026-08-11T07:00:00"
"CVE-2026-59136","5120228","12436","Windows Server 2025","10.0.26100.33222","5.5","Publicly Disclosed:No;Exploited:No;Latest Software Release:Exploitation Less Likely","2026-08-11T07:00:00"
"CVE-2026-59136","5120240","12242","Windows 11 Version 23H2 for ARM64-based Systems","10.0.22631.7517","5.5","Publicly Disclosed:No;Exploited:No;Latest Software Release:Exploitation Less Likely","2026-08-11T07:00:00"
"CVE-2026-59136","5120240","12243","Windows 11 Version 23H2 for x64-based Systems","10.0.22631.7517","5.5","Publicly Disclosed:No;Exploited:No;Latest Software Release:Exploitation Less Likely","2026-08-11T07:00:00"
"CVE-2026-59136","5120418","10816","Windows Server 2016","10.0.14393.9418","5.5","Publicly Disclosed:No;Exploited:No;Latest Software Release:Exploitation Less Likely","2026-08-11T07:00:00"
"CVE-2026-59136","5120418","10855","Windows Server 2016 (Server Core installation)","10.0.14393.9418","5.5","Publicly Disclosed:No;Exploited:No;Latest Software Release:Exploitation Less Likely","2026-08-11T07:00:00"
"CVE-2026-59137","5120238","11571","Windows Server 2019","10.0.17763.9115","5.5","Publicly Disclosed:No;Exploited:No;Latest Software Release:Exploitation Less Likely","2026-08-11T07:00:00"
"CVE-2026-59137","5120238","11572","Windows Server 2019 (Server Core installation)","10.0.17763.9115","5.5","Publicly Disclosed:No;Exploited:No;Latest Software Release:Exploitation Less Likely","2026-08-11T07:00:00"
"CVE-2026-59137","5120242","11923","Windows Server 2022","10.0.20348.5499","5.5","Publicly Disclosed:No;Exploited:No;Latest Software Release:Exploitation Less Likely","2026-08-11T07:00:00"
"CVE-2026-59137","5120242","11924","Windows Server 2022 (Server Core installation)","10.0.20348.5499","5.5","Publicly Disclosed:No;Exploited:No;Latest Software Release:Exploitation Less Likely","2026-08-11T07:00:00"
"CVE-2026-59137","5120229","11923","Windows Server 2022","10.0.20348.5440","5.5","Publicly Disclosed:No;Exploited:No;Latest Software Release:Exploitation Less Likely","2026-08-11T07:00:00"
"CVE-2026-59137","5120229","11924","Windows Server 2022 (Server Core installation)","10.0.20348.5440","5.5","Publicly Disclosed:No;Exploited:No;Latest Software Release:Exploitation Less Likely","2026-08-11T07:00:00"
"CVE-2026-59137","5120249","11929","Windows 10 Version 21H2 for 32-bit Systems","10.0.19044.7663","5.5","Publicly Disclosed:No;Exploited:No;Latest Software Release:Exploitation Less Likely","2026-08-11T07:00:00"
"CVE-2026-59137","5120249","11930","Windows 10 Version 21H2 for ARM64-based Systems","10.0.19044.7663","5.5","Publicly Disclosed:No;Exploited:No;Latest Software Release:Exploitation Less Likely","2026-08-11T07:00:00"
"CVE-2026-59137","5120249","11931","Windows 10 Version 21H2 for x64-based Systems","10.0.19044.7663","5.5","Publicly Disclosed:No;Exploited:No;Latest Software Release:Exploitation Less Likely","2026-08-11T07:00:00"
"CVE-2026-59137","5120249","12097","Windows 10 Version 22H2 for x64-based Systems","10.0.19045.7663","5.5","Publicly Disclosed:No;Exploited:No;Latest Software Release:Exploitation Less Likely","2026-08-11T07:00:00"
"CVE-2026-59137","5120249","12098","Windows 10 Version 22H2 for ARM64-based Systems","10.0.19045.7663","5.5","Publicly Disclosed:No;Exploited:No;Latest Software Release:Exploitation Less Likely","2026-08-11T07:00:00"
"CVE-2026-59137","5120249","12099","Windows 10 Version 22H2 for 32-bit Systems","10.0.19045.7663","5.5","Publicly Disclosed:No;Exploited:No;Latest Software Release:Exploitation Less Likely","2026-08-11T07:00:00"
"CVE-2026-59137","5120233","12437","Windows Server 2025 (Server Core installation)","10.0.26100.33296","5.5","Publicly Disclosed:No;Exploited:No;Latest Software Release:Exploitation Less Likely","2026-08-11T07:00:00"
"CVE-2026-59137","5120233","12436","Windows Server 2025","10.0.26100.33296","5.5","Publicly Disclosed:No;Exploited:No;Latest Software Release:Exploitation Less Likely","2026-08-11T07:00:00"
"CVE-2026-59137","5120228","12437","Windows Server 2025 (Server Core installation)","10.0.26100.33222","5.5","Publicly Disclosed:No;Exploited:No;Latest Software Release:Exploitation Less Likely","2026-08-11T07:00:00"
"CVE-2026-59137","5120228","12436","Windows Server 2025","10.0.26100.33222","5.5","Publicly Disclosed:No;Exploited:No;Latest Software Release:Exploitation Less Likely","2026-08-11T07:00:00"
"CVE-2026-59137","5120240","12242","Windows 11 Version 23H2 for ARM64-based Systems","10.0.22631.7517","5.5","Publicly Disclosed:No;Exploited:No;Latest Software Release:Exploitation Less Likely","2026-08-11T07:00:00"
"CVE-2026-59137","5120240","12243","Windows 11 Version 23H2 for x64-based Systems","10.0.22631.7517","5.5","Publicly Disclosed:No;Exploited:No;Latest Software Release:Exploitation Less Likely","2026-08-11T07:00:00"
"CVE-2026-59137","5120418","10816","Windows Server 2016","10.0.14393.9418","5.5","Publicly Disclosed:No;Exploited:No;Latest Software Release:Exploitation Less Likely","2026-08-11T07:00:00"
"CVE-2026-59137","5120418","10855","Windows Server 2016 (Server Core installation)","10.0.14393.9418","5.5","Publicly Disclosed:No;Exploited:No;Latest Software Release:Exploitation Less Likely","2026-08-11T07:00:00"
"CVE-2026-59138","5120238","11571","Windows Server 2019","10.0.17763.9115","6.5","Publicly Disclosed:No;Exploited:No;Latest Software Release:Exploitation Less Likely","2026-08-11T07:00:00"
"CVE-2026-59138","5120238","11572","Windows Server 2019 (Server Core installation)","10.0.17763.9115","6.5","Publicly Disclosed:No;Exploited:No;Latest Software Release:Exploitation Less Likely","2026-08-11T07:00:00"
"CVE-2026-59138","5120242","11923","Windows Server 2022","10.0.20348.5499","6.5","Publicly Disclosed:No;Exploited:No;Latest Software Release:Exploitation Less Likely","2026-08-11T07:00:00"
"CVE-2026-59138","5120242","11924","Windows Server 2022 (Server Core installation)","10.0.20348.5499","6.5","Publicly Disclosed:No;Exploited:No;Latest Software Release:Exploitation Less Likely","2026-08-11T07:00:00"
"CVE-2026-59138","5120229","11923","Windows Server 2022","10.0.20348.5440","6.5","Publicly Disclosed:No;Exploited:No;Latest Software Release:Exploitation Less Likely","2026-08-11T07:00:00"
"CVE-2026-59138","5120229","11924","Windows Server 2022 (Server Core installation)","10.0.20348.5440","6.5","Publicly Disclosed:No;Exploited:No;Latest Software Release:Exploitation Less Likely","2026-08-11T07:00:00"
"CVE-2026-59138","5120249","11929","Windows 10 Version 21H2 for 32-bit Systems","10.0.19044.7663","6.5","Publicly Disclosed:No;Exploited:No;Latest Software Release:Exploitation Less Likely","2026-08-11T07:00:00"
"CVE-2026-59138","5120249","11930","Windows 10 Version 21H2 for ARM64-based Systems","10.0.19044.7663","6.5","Publicly Disclosed:No;Exploited:No;Latest Software Release:Exploitation Less Likely","2026-08-11T07:00:00"
"CVE-2026-59138","5120249","11931","Windows 10 Version 21H2 for x64-based Systems","10.0.19044.7663","6.5","Publicly Disclosed:No;Exploited:No;Latest Software Release:Exploitation Less Likely","2026-08-11T07:00:00"
"CVE-2026-59138","5120249","12097","Windows 10 Version 22H2 for x64-based Systems","10.0.19045.7663","6.5","Publicly Disclosed:No;Exploited:No;Latest Software Release:Exploitation Less Likely","2026-08-11T07:00:00"
"CVE-2026-59138","5120249","12098","Windows 10 Version 22H2 for ARM64-based Systems","10.0.19045.7663","6.5","Publicly Disclosed:No;Exploited:No;Latest Software Release:Exploitation Less Likely","2026-08-11T07:00:00"
"CVE-2026-59138","5120249","12099","Windows 10 Version 22H2 for 32-bit Systems","10.0.19045.7663","6.5","Publicly Disclosed:No;Exploited:No;Latest Software Release:Exploitation Less Likely","2026-08-11T07:00:00"
"CVE-2026-59138","5120233","12437","Windows Server 2025 (Server Core installation)","10.0.26100.33296","6.5","Publicly Disclosed:No;Exploited:No;Latest Software Release:Exploitation Less Likely","2026-08-11T07:00:00"
"CVE-2026-59138","5120233","12436","Windows Server 2025","10.0.26100.33296","6.5","Publicly Disclosed:No;Exploited:No;Latest Software Release:Exploitation Less Likely","2026-08-11T07:00:00"
"CVE-2026-59138","5120228","12437","Windows Server 2025 (Server Core installation)","10.0.26100.33222","6.5","Publicly Disclosed:No;Exploited:No;Latest Software Release:Exploitation Less Likely","2026-08-11T07:00:00"
"CVE-2026-59138","5120228","12436","Windows Server 2025","10.0.26100.33222","6.5","Publicly Disclosed:No;Exploited:No;Latest Software Release:Exploitation Less Likely","2026-08-11T07:00:00"
"CVE-2026-59138","5120240","12242","Windows 11 Version 23H2 for ARM64-based Systems","10.0.22631.7517","6.5","Publicly Disclosed:No;Exploited:No;Latest Software Release:Exploitation Less Likely","2026-08-11T07:00:00"
"CVE-2026-59138","5120240","12243","Windows 11 Version 23H2 for x64-based Systems","10.0.22631.7517","6.5","Publicly Disclosed:No;Exploited:No;Latest Software Release:Exploitation Less Likely","2026-08-11T07:00:00"
"CVE-2026-59138","5120418","10816","Windows Server 2016","10.0.14393.9418","6.5","Publicly Disclosed:No;Exploited:No;Latest Software Release:Exploitation Less Likely","2026-08-11T07:00:00"
"CVE-2026-59138","5120418","10855","Windows Server 2016 (Server Core installation)","10.0.14393.9418","6.5","Publicly Disclosed:No;Exploited:No;Latest Software Release:Exploitation Less Likely","2026-08-11T07:00:00"
"CVE-2026-61345","5120238","11571","Windows Server 2019","10.0.17763.9115","6.5","Publicly Disclosed:No;Exploited:No;Latest Software Release:Exploitation Less Likely","2026-08-11T07:00:00"
"CVE-2026-61345","5120238","11572","Windows Server 2019 (Server Core installation)","10.0.17763.9115","6.5","Publicly Disclosed:No;Exploited:No;Latest Software Release:Exploitation Less Likely","2026-08-11T07:00:00"
"CVE-2026-61345","5120242","11923","Windows Server 2022","10.0.20348.5499","6.5","Publicly Disclosed:No;Exploited:No;Latest Software Release:Exploitation Less Likely","2026-08-11T07:00:00"
"CVE-2026-61345","5120242","11924","Windows Server 2022 (Server Core installation)","10.0.20348.5499","6.5","Publicly Disclosed:No;Exploited:No;Latest Software Release:Exploitation Less Likely","2026-08-11T07:00:00"
"CVE-2026-61345","5120229","11923","Windows Server 2022","10.0.20348.5440","6.5","Publicly Disclosed:No;Exploited:No;Latest Software Release:Exploitation Less Likely","2026-08-11T07:00:00"
"CVE-2026-61345","5120229","11924","Windows Server 2022 (Server Core installation)","10.0.20348.5440","6.5","Publicly Disclosed:No;Exploited:No;Latest Software Release:Exploitation Less Likely","2026-08-11T07:00:00"
"CVE-2026-61345","5120249","11929","Windows 10 Version 21H2 for 32-bit Systems","10.0.19044.7663","6.5","Publicly Disclosed:No;Exploited:No;Latest Software Release:Exploitation Less Likely","2026-08-11T07:00:00"
"CVE-2026-61345","5120249","11930","Windows 10 Version 21H2 for ARM64-based Systems","10.0.19044.7663","6.5","Publicly Disclosed:No;Exploited:No;Latest Software Release:Exploitation Less Likely","2026-08-11T07:00:00"
"CVE-2026-61345","5120249","11931","Windows 10 Version 21H2 for x64-based Systems","10.0.19044.7663","6.5","Publicly Disclosed:No;Exploited:No;Latest Software Release:Exploitation Less Likely","2026-08-11T07:00:00"
"CVE-2026-61345","5120249","12097","Windows 10 Version 22H2 for x64-based Systems","10.0.19045.7663","6.5","Publicly Disclosed:No;Exploited:No;Latest Software Release:Exploitation Less Likely","2026-08-11T07:00:00"
"CVE-2026-61345","5120249","12098","Windows 10 Version 22H2 for ARM64-based Systems","10.0.19045.7663","6.5","Publicly Disclosed:No;Exploited:No;Latest Software Release:Exploitation Less Likely","2026-08-11T07:00:00"
"CVE-2026-61345","5120249","12099","Windows 10 Version 22H2 for 32-bit Systems","10.0.19045.7663","6.5","Publicly Disclosed:No;Exploited:No;Latest Software Release:Exploitation Less Likely","2026-08-11T07:00:00"
"CVE-2026-61345","5120233","12437","Windows Server 2025 (Server Core installation)","10.0.26100.33296","6.5","Publicly Disclosed:No;Exploited:No;Latest Software Release:Exploitation Less Likely","2026-08-11T07:00:00"
"CVE-2026-61345","5120233","12436","Windows Server 2025","10.0.26100.33296","6.5","Publicly Disclosed:No;Exploited:No;Latest Software Release:Exploitation Less Likely","2026-08-11T07:00:00"
"CVE-2026-61345","5120228","12437","Windows Server 2025 (Server Core installation)","10.0.26100.33222","6.5","Publicly Disclosed:No;Exploited:No;Latest Software Release:Exploitation Less Likely","2026-08-11T07:00:00"
"CVE-2026-61345","5120228","12436","Windows Server 2025","10.0.26100.33222","6.5","Publicly Disclosed:No;Exploited:No;Latest Software Release:Exploitation Less Likely","2026-08-11T07:00:00"
"CVE-2026-61345","5120240","12242","Windows 11 Version 23H2 for ARM64-based Systems","10.0.22631.7517","6.5","Publicly Disclosed:No;Exploited:No;Latest Software Release:Exploitation Less Likely","2026-08-11T07:00:00"
"CVE-2026-61345","5120240","12243","Windows 11 Version 23H2 for x64-based Systems","10.0.22631.7517","6.5","Publicly Disclosed:No;Exploited:No;Latest Software Release:Exploitation Less Likely","2026-08-11T07:00:00"
"CVE-2026-61345","5120418","10816","Windows Server 2016","10.0.14393.9418","6.5","Publicly Disclosed:No;Exploited:No;Latest Software Release:Exploitation Less Likely","2026-08-11T07:00:00"
"CVE-2026-61345","5120418","10855","Windows Server 2016 (Server Core installation)","10.0.14393.9418","6.5","Publicly Disclosed:No;Exploited:No;Latest Software Release:Exploitation Less Likely","2026-08-11T07:00:00"
"CVE-2026-61346","5120238","11571","Windows Server 2019","10.0.17763.9115","7.0","Publicly Disclosed:No;Exploited:No;Latest Software Release:Exploitation Less Likely","2026-08-11T07:00:00"
"CVE-2026-61346","5120238","11572","Windows Server 2019 (Server Core installation)","10.0.17763.9115","7.0","Publicly Disclosed:No;Exploited:No;Latest Software Release:Exploitation Less Likely","2026-08-11T07:00:00"
"CVE-2026-61346","5120242","11923","Windows Server 2022","10.0.20348.5499","7.0","Publicly Disclosed:No;Exploited:No;Latest Software Release:Exploitation Less Likely","2026-08-11T07:00:00"
"CVE-2026-61346","5120242","11924","Windows Server 2022 (Server Core installation)","10.0.20348.5499","7.0","Publicly Disclosed:No;Exploited:No;Latest Software Release:Exploitation Less Likely","2026-08-11T07:00:00"
"CVE-2026-61346","5120229","11923","Windows Server 2022","10.0.20348.5440","7.0","Publicly Disclosed:No;Exploited:No;Latest Software Release:Exploitation Less Likely","2026-08-11T07:00:00"
"CVE-2026-61346","5120229","11924","Windows Server 2022 (Server Core installation)","10.0.20348.5440","7.0","Publicly Disclosed:No;Exploited:No;Latest Software Release:Exploitation Less Likely","2026-08-11T07:00:00"
"CVE-2026-61346","5120249","11929","Windows 10 Version 21H2 for 32-bit Systems","10.0.19044.7663","7.0","Publicly Disclosed:No;Exploited:No;Latest Software Release:Exploitation Less Likely","2026-08-11T07:00:00"
"CVE-2026-61346","5120249","11930","Windows 10 Version 21H2 for ARM64-based Systems","10.0.19044.7663","7.0","Publicly Disclosed:No;Exploited:No;Latest Software Release:Exploitation Less Likely","2026-08-11T07:00:00"
"CVE-2026-61346","5120249","11931","Windows 10 Version 21H2 for x64-based Systems","10.0.19044.7663","7.0","Publicly Disclosed:No;Exploited:No;Latest Software Release:Exploitation Less Likely","2026-08-11T07:00:00"
"CVE-2026-61346","5120249","12097","Windows 10 Version 22H2 for x64-based Systems","10.0.19045.7663","7.0","Publicly Disclosed:No;Exploited:No;Latest Software Release:Exploitation Less Likely","2026-08-11T07:00:00"
"CVE-2026-61346","5120249","12098","Windows 10 Version 22H2 for ARM64-based Systems","10.0.19045.7663","7.0","Publicly Disclosed:No;Exploited:No;Latest Software Release:Exploitation Less Likely","2026-08-11T07:00:00"
"CVE-2026-61346","5120249","12099","Windows 10 Version 22H2 for 32-bit Systems","10.0.19045.7663","7.0","Publicly Disclosed:No;Exploited:No;Latest Software Release:Exploitation Less Likely","2026-08-11T07:00:00"
"CVE-2026-61346","5120233","12437","Windows Server 2025 (Server Core installation)","10.0.26100.33296","7.0","Publicly Disclosed:No;Exploited:No;Latest Software Release:Exploitation Less Likely","2026-08-11T07:00:00"
"CVE-2026-61346","5120233","12436","Windows Server 2025","10.0.26100.33296","7.0","Publicly Disclosed:No;Exploited:No;Latest Software Release:Exploitation Less Likely","2026-08-11T07:00:00"
"CVE-2026-61346","5120228","12437","Windows Server 2025 (Server Core installation)","10.0.26100.33222","7.0","Publicly Disclosed:No;Exploited:No;Latest Software Release:Exploitation Less Likely","2026-08-11T07:00:00"
"CVE-2026-61346","5120228","12436","Windows Server 2025","10.0.26100.33222","7.0","Publicly Disclosed:No;Exploited:No;Latest Software Release:Exploitation Less Likely","2026-08-11T07:00:00"
"CVE-2026-61346","5120240","12242","Windows 11 Version 23H2 for ARM64-based Systems","10.0.22631.7517","7.0","Publicly Disclosed:No;Exploited:No;Latest Software Release:Exploitation Less Likely","2026-08-11T07:00:00"
"CVE-2026-61346","5120240","12243","Windows 11 Version 23H2 for x64-based Systems","10.0.22631.7517","7.0","Publicly Disclosed:No;Exploited:No;Latest Software Release:Exploitation Less Likely","2026-08-11T07:00:00"
"CVE-2026-61353","5120238","11571","Windows Server 2019","10.0.17763.9115","7.8","Publicly Disclosed:No;Exploited:No;Latest Software Release:Exploitation Less Likely","2026-08-11T07:00:00"
"CVE-2026-61353","5120238","11572","Windows Server 2019 (Server Core installation)","10.0.17763.9115","7.8","Publicly Disclosed:No;Exploited:No;Latest Software Release:Exploitation Less Likely","2026-08-11T07:00:00"
"CVE-2026-61353","5120242","11923","Windows Server 2022","10.0.20348.5499","7.8","Publicly Disclosed:No;Exploited:No;Latest Software Release:Exploitation Less Likely","2026-08-11T07:00:00"
"CVE-2026-61353","5120242","11924","Windows Server 2022 (Server Core installation)","10.0.20348.5499","7.8","Publicly Disclosed:No;Exploited:No;Latest Software Release:Exploitation Less Likely","2026-08-11T07:00:00"
"CVE-2026-61353","5120229","11923","Windows Server 2022","10.0.20348.5440","7.8","Publicly Disclosed:No;Exploited:No;Latest Software Release:Exploitation Less Likely","2026-08-11T07:00:00"
"CVE-2026-61353","5120229","11924","Windows Server 2022 (Server Core installation)","10.0.20348.5440","7.8","Publicly Disclosed:No;Exploited:No;Latest Software Release:Exploitation Less Likely","2026-08-11T07:00:00"
"CVE-2026-61353","5120249","11929","Windows 10 Version 21H2 for 32-bit Systems","10.0.19044.7663","7.8","Publicly Disclosed:No;Exploited:No;Latest Software Release:Exploitation Less Likely","2026-08-11T07:00:00"
"CVE-2026-61353","5120249","11930","Windows 10 Version 21H2 for ARM64-based Systems","10.0.19044.7663","7.8","Publicly Disclosed:No;Exploited:No;Latest Software Release:Exploitation Less Likely","2026-08-11T07:00:00"
"CVE-2026-61353","5120249","11931","Windows 10 Version 21H2 for x64-based Systems","10.0.19044.7663","7.8","Publicly Disclosed:No;Exploited:No;Latest Software Release:Exploitation Less Likely","2026-08-11T07:00:00"
"CVE-2026-61353","5120249","12097","Windows 10 Version 22H2 for x64-based Systems","10.0.19045.7663","7.8","Publicly Disclosed:No;Exploited:No;Latest Software Release:Exploitation Less Likely","2026-08-11T07:00:00"
"CVE-2026-61353","5120249","12098","Windows 10 Version 22H2 for ARM64-based Systems","10.0.19045.7663","7.8","Publicly Disclosed:No;Exploited:No;Latest Software Release:Exploitation Less Likely","2026-08-11T07:00:00"
"CVE-2026-61353","5120249","12099","Windows 10 Version 22H2 for 32-bit Systems","10.0.19045.7663","7.8","Publicly Disclosed:No;Exploited:No;Latest Software Release:Exploitation Less Likely","2026-08-11T07:00:00"
"CVE-2026-61353","5120233","12437","Windows Server 2025 (Server Core installation)","10.0.26100.33296","7.8","Publicly Disclosed:No;Exploited:No;Latest Software Release:Exploitation Less Likely","2026-08-11T07:00:00"
"CVE-2026-61353","5120233","12436","Windows Server 2025","10.0.26100.33296","7.8","Publicly Disclosed:No;Exploited:No;Latest Software Release:Exploitation Less Likely","2026-08-11T07:00:00"
"CVE-2026-61353","5120228","12437","Windows Server 2025 (Server Core installation)","10.0.26100.33222","7.8","Publicly Disclosed:No;Exploited:No;Latest Software Release:Exploitation Less Likely","2026-08-11T07:00:00"
"CVE-2026-61353","5120228","12436","Windows Server 2025","10.0.26100.33222","7.8","Publicly Disclosed:No;Exploited:No;Latest Software Release:Exploitation Less Likely","2026-08-11T07:00:00"
"CVE-2026-61353","5120240","12242","Windows 11 Version 23H2 for ARM64-based Systems","10.0.22631.7517","7.8","Publicly Disclosed:No;Exploited:No;Latest Software Release:Exploitation Less Likely","2026-08-11T07:00:00"
"CVE-2026-61353","5120240","12243","Windows 11 Version 23H2 for x64-based Systems","10.0.22631.7517","7.8","Publicly Disclosed:No;Exploited:No;Latest Software Release:Exploitation Less Likely","2026-08-11T07:00:00"
"CVE-2026-61353","5120418","10816","Windows Server 2016","10.0.14393.9418","7.8","Publicly Disclosed:No;Exploited:No;Latest Software Release:Exploitation Less Likely","2026-08-11T07:00:00"
"CVE-2026-61353","5120418","10855","Windows Server 2016 (Server Core installation)","10.0.14393.9418","7.8","Publicly Disclosed:No;Exploited:No;Latest Software Release:Exploitation Less Likely","2026-08-11T07:00:00"
"CVE-2026-61347","5120238","11571","Windows Server 2019","10.0.17763.9115","5.5","Publicly Disclosed:No;Exploited:No;Latest Software Release:Exploitation Unlikely","2026-08-11T07:00:00"
"CVE-2026-61347","5120238","11572","Windows Server 2019 (Server Core installation)","10.0.17763.9115","5.5","Publicly Disclosed:No;Exploited:No;Latest Software Release:Exploitation Unlikely","2026-08-11T07:00:00"
"CVE-2026-61347","5120242","11923","Windows Server 2022","10.0.20348.5499","5.5","Publicly Disclosed:No;Exploited:No;Latest Software Release:Exploitation Unlikely","2026-08-11T07:00:00"
"CVE-2026-61347","5120242","11924","Windows Server 2022 (Server Core installation)","10.0.20348.5499","5.5","Publicly Disclosed:No;Exploited:No;Latest Software Release:Exploitation Unlikely","2026-08-11T07:00:00"
"CVE-2026-61347","5120229","11923","Windows Server 2022","10.0.20348.5440","5.5","Publicly Disclosed:No;Exploited:No;Latest Software Release:Exploitation Unlikely","2026-08-11T07:00:00"
"CVE-2026-61347","5120229","11924","Windows Server 2022 (Server Core installation)","10.0.20348.5440","5.5","Publicly Disclosed:No;Exploited:No;Latest Software Release:Exploitation Unlikely","2026-08-11T07:00:00"
"CVE-2026-61347","5120249","11929","Windows 10 Version 21H2 for 32-bit Systems","10.0.19044.7663","5.5","Publicly Disclosed:No;Exploited:No;Latest Software Release:Exploitation Unlikely","2026-08-11T07:00:00"
"CVE-2026-61347","5120249","11930","Windows 10 Version 21H2 for ARM64-based Systems","10.0.19044.7663","5.5","Publicly Disclosed:No;Exploited:No;Latest Software Release:Exploitation Unlikely","2026-08-11T07:00:00"
"CVE-2026-61347","5120249","11931","Windows 10 Version 21H2 for x64-based Systems","10.0.19044.7663","5.5","Publicly Disclosed:No;Exploited:No;Latest Software Release:Exploitation Unlikely","2026-08-11T07:00:00"
"CVE-2026-61347","5120249","12097","Windows 10 Version 22H2 for x64-based Systems","10.0.19045.7663","5.5","Publicly Disclosed:No;Exploited:No;Latest Software Release:Exploitation Unlikely","2026-08-11T07:00:00"
"CVE-2026-61347","5120249","12098","Windows 10 Version 22H2 for ARM64-based Systems","10.0.19045.7663","5.5","Publicly Disclosed:No;Exploited:No;Latest Software Release:Exploitation Unlikely","2026-08-11T07:00:00"
"CVE-2026-61347","5120249","12099","Windows 10 Version 22H2 for 32-bit Systems","10.0.19045.7663","5.5","Publicly Disclosed:No;Exploited:No;Latest Software Release:Exploitation Unlikely","2026-08-11T07:00:00"
"CVE-2026-61347","5120233","12437","Windows Server 2025 (Server Core installation)","10.0.26100.33296","5.5","Publicly Disclosed:No;Exploited:No;Latest Software Release:Exploitation Unlikely","2026-08-11T07:00:00"
"CVE-2026-61347","5120233","12436","Windows Server 2025","10.0.26100.33296","5.5","Publicly Disclosed:No;Exploited:No;Latest Software Release:Exploitation Unlikely","2026-08-11T07:00:00"
"CVE-2026-61347","5120228","12437","Windows Server 2025 (Server Core installation)","10.0.26100.33222","5.5","Publicly Disclosed:No;Exploited:No;Latest Software Release:Exploitation Unlikely","2026-08-11T07:00:00"
"CVE-2026-61347","5120228","12436","Windows Server 2025","10.0.26100.33222","5.5","Publicly Disclosed:No;Exploited:No;Latest Software Release:Exploitation Unlikely","2026-08-11T07:00:00"
"CVE-2026-61347","5120240","12242","Windows 11 Version 23H2 for ARM64-based Systems","10.0.22631.7517","5.5","Publicly Disclosed:No;Exploited:No;Latest Software Release:Exploitation Unlikely","2026-08-11T07:00:00"
"CVE-2026-61347","5120240","12243","Windows 11 Version 23H2 for x64-based Systems","10.0.22631.7517","5.5","Publicly Disclosed:No;Exploited:No;Latest Software Release:Exploitation Unlikely","2026-08-11T07:00:00"
"CVE-2026-61347","5120418","10816","Windows Server 2016","10.0.14393.9418","5.5","Publicly Disclosed:No;Exploited:No;Latest Software Release:Exploitation Unlikely","2026-08-11T07:00:00"
"CVE-2026-61347","5120418","10855","Windows Server 2016 (Server Core installation)","10.0.14393.9418","5.5","Publicly Disclosed:No;Exploited:No;Latest Software Release:Exploitation Unlikely","2026-08-11T07:00:00"
"CVE-2026-61361","5120233","12437","Windows Server 2025 (Server Core installation)","10.0.26100.33296","7.0","Publicly Disclosed:No;Exploited:No;Latest Software Release:Exploitation Unlikely","2026-08-11T07:00:00"
"CVE-2026-61361","5120233","12436","Windows Server 2025","10.0.26100.33296","7.0","Publicly Disclosed:No;Exploited:No;Latest Software Release:Exploitation Unlikely","2026-08-11T07:00:00"
"CVE-2026-61361","5120228","12437","Windows Server 2025 (Server Core installation)","10.0.26100.33222","7.0","Publicly Disclosed:No;Exploited:No;Latest Software Release:Exploitation Unlikely","2026-08-11T07:00:00"
"CVE-2026-61361","5120228","12436","Windows Server 2025","10.0.26100.33222","7.0","Publicly Disclosed:No;Exploited:No;Latest Software Release:Exploitation Unlikely","2026-08-11T07:00:00"
"CVE-2026-61348","5120238","11571","Windows Server 2019","10.0.17763.9115","7.0","Publicly Disclosed:No;Exploited:No;Latest Software Release:Exploitation More Likely","2026-08-11T07:00:00"
"CVE-2026-61348","5120238","11572","Windows Server 2019 (Server Core installation)","10.0.17763.9115","7.0","Publicly Disclosed:No;Exploited:No;Latest Software Release:Exploitation More Likely","2026-08-11T07:00:00"
"CVE-2026-61348","5120242","11923","Windows Server 2022","10.0.20348.5499","7.0","Publicly Disclosed:No;Exploited:No;Latest Software Release:Exploitation More Likely","2026-08-11T07:00:00"
"CVE-2026-61348","5120242","11924","Windows Server 2022 (Server Core installation)","10.0.20348.5499","7.0","Publicly Disclosed:No;Exploited:No;Latest Software Release:Exploitation More Likely","2026-08-11T07:00:00"
"CVE-2026-61348","5120229","11923","Windows Server 2022","10.0.20348.5440","7.0","Publicly Disclosed:No;Exploited:No;Latest Software Release:Exploitation More Likely","2026-08-11T07:00:00"
"CVE-2026-61348","5120229","11924","Windows Server 2022 (Server Core installation)","10.0.20348.5440","7.0","Publicly Disclosed:No;Exploited:No;Latest Software Release:Exploitation More Likely","2026-08-11T07:00:00"
"CVE-2026-61348","5120249","11929","Windows 10 Version 21H2 for 32-bit Systems","10.0.19044.7663","7.0","Publicly Disclosed:No;Exploited:No;Latest Software Release:Exploitation More Likely","2026-08-11T07:00:00"
"CVE-2026-61348","5120249","11930","Windows 10 Version 21H2 for ARM64-based Systems","10.0.19044.7663","7.0","Publicly Disclosed:No;Exploited:No;Latest Software Release:Exploitation More Likely","2026-08-11T07:00:00"
"CVE-2026-61348","5120249","11931","Windows 10 Version 21H2 for x64-based Systems","10.0.19044.7663","7.0","Publicly Disclosed:No;Exploited:No;Latest Software Release:Exploitation More Likely","2026-08-11T07:00:00"
"CVE-2026-61348","5120249","12097","Windows 10 Version 22H2 for x64-based Systems","10.0.19045.7663","7.0","Publicly Disclosed:No;Exploited:No;Latest Software Release:Exploitation More Likely","2026-08-11T07:00:00"
"CVE-2026-61348","5120249","12098","Windows 10 Version 22H2 for ARM64-based Systems","10.0.19045.7663","7.0","Publicly Disclosed:No;Exploited:No;Latest Software Release:Exploitation More Likely","2026-08-11T07:00:00"
"CVE-2026-61348","5120249","12099","Windows 10 Version 22H2 for 32-bit Systems","10.0.19045.7663","7.0","Publicly Disclosed:No;Exploited:No;Latest Software Release:Exploitation More Likely","2026-08-11T07:00:00"
"CVE-2026-61348","5120233","12437","Windows Server 2025 (Server Core installation)","10.0.26100.33296","7.0","Publicly Disclosed:No;Exploited:No;Latest Software Release:Exploitation More Likely","2026-08-11T07:00:00"
"CVE-2026-61348","5120233","12436","Windows Server 2025","10.0.26100.33296","7.0","Publicly Disclosed:No;Exploited:No;Latest Software Release:Exploitation More Likely","2026-08-11T07:00:00"
"CVE-2026-61348","5120228","12437","Windows Server 2025 (Server Core installation)","10.0.26100.33222","7.0","Publicly Disclosed:No;Exploited:No;Latest Software Release:Exploitation More Likely","2026-08-11T07:00:00"
"CVE-2026-61348","5120228","12436","Windows Server 2025","10.0.26100.33222","7.0","Publicly Disclosed:No;Exploited:No;Latest Software Release:Exploitation More Likely","2026-08-11T07:00:00"
"CVE-2026-61348","5120240","12242","Windows 11 Version 23H2 for ARM64-based Systems","10.0.22631.7517","7.0","Publicly Disclosed:No;Exploited:No;Latest Software Release:Exploitation More Likely","2026-08-11T07:00:00"
"CVE-2026-61348","5120240","12243","Windows 11 Version 23H2 for x64-based Systems","10.0.22631.7517","7.0","Publicly Disclosed:No;Exploited:No;Latest Software Release:Exploitation More Likely","2026-08-11T07:00:00"
"CVE-2026-61348","5120418","10816","Windows Server 2016","10.0.14393.9418","7.0","Publicly Disclosed:No;Exploited:No;Latest Software Release:Exploitation More Likely","2026-08-11T07:00:00"
"CVE-2026-61348","5120418","10855","Windows Server 2016 (Server Core installation)","10.0.14393.9418","7.0","Publicly Disclosed:No;Exploited:No;Latest Software Release:Exploitation More Likely","2026-08-11T07:00:00"
"CVE-2026-61350","5120238","11571","Windows Server 2019","10.0.17763.9115","4.6","Publicly Disclosed:No;Exploited:No;Latest Software Release:Exploitation Less Likely","2026-08-11T07:00:00"
"CVE-2026-61350","5120238","11572","Windows Server 2019 (Server Core installation)","10.0.17763.9115","4.6","Publicly Disclosed:No;Exploited:No;Latest Software Release:Exploitation Less Likely","2026-08-11T07:00:00"
"CVE-2026-61350","5120242","11923","Windows Server 2022","10.0.20348.5499","4.6","Publicly Disclosed:No;Exploited:No;Latest Software Release:Exploitation Less Likely","2026-08-11T07:00:00"
"CVE-2026-61350","5120242","11924","Windows Server 2022 (Server Core installation)","10.0.20348.5499","4.6","Publicly Disclosed:No;Exploited:No;Latest Software Release:Exploitation Less Likely","2026-08-11T07:00:00"
"CVE-2026-61350","5120229","11923","Windows Server 2022","10.0.20348.5440","4.6","Publicly Disclosed:No;Exploited:No;Latest Software Release:Exploitation Less Likely","2026-08-11T07:00:00"
"CVE-2026-61350","5120229","11924","Windows Server 2022 (Server Core installation)","10.0.20348.5440","4.6","Publicly Disclosed:No;Exploited:No;Latest Software Release:Exploitation Less Likely","2026-08-11T07:00:00"
"CVE-2026-61350","5120249","11929","Windows 10 Version 21H2 for 32-bit Systems","10.0.19044.7663","4.6","Publicly Disclosed:No;Exploited:No;Latest Software Release:Exploitation Less Likely","2026-08-11T07:00:00"
"CVE-2026-61350","5120249","11930","Windows 10 Version 21H2 for ARM64-based Systems","10.0.19044.7663","4.6","Publicly Disclosed:No;Exploited:No;Latest Software Release:Exploitation Less Likely","2026-08-11T07:00:00"
"CVE-2026-61350","5120249","11931","Windows 10 Version 21H2 for x64-based Systems","10.0.19044.7663","4.6","Publicly Disclosed:No;Exploited:No;Latest Software Release:Exploitation Less Likely","2026-08-11T07:00:00"
"CVE-2026-61350","5120249","12097","Windows 10 Version 22H2 for x64-based Systems","10.0.19045.7663","4.6","Publicly Disclosed:No;Exploited:No;Latest Software Release:Exploitation Less Likely","2026-08-11T07:00:00"
"CVE-2026-61350","5120249","12098","Windows 10 Version 22H2 for ARM64-based Systems","10.0.19045.7663","4.6","Publicly Disclosed:No;Exploited:No;Latest Software Release:Exploitation Less Likely","2026-08-11T07:00:00"
"CVE-2026-61350","5120249","12099","Windows 10 Version 22H2 for 32-bit Systems","10.0.19045.7663","4.6","Publicly Disclosed:No;Exploited:No;Latest Software Release:Exploitation Less Likely","2026-08-11T07:00:00"
"CVE-2026-61350","5120233","12437","Windows Server 2025 (Server Core installation)","10.0.26100.33296","4.6","Publicly Disclosed:No;Exploited:No;Latest Software Release:Exploitation Less Likely","2026-08-11T07:00:00"
"CVE-2026-61350","5120233","12436","Windows Server 2025","10.0.26100.33296","4.6","Publicly Disclosed:No;Exploited:No;Latest Software Release:Exploitation Less Likely","2026-08-11T07:00:00"
"CVE-2026-61350","5120228","12437","Windows Server 2025 (Server Core installation)","10.0.26100.33222","4.6","Publicly Disclosed:No;Exploited:No;Latest Software Release:Exploitation Less Likely","2026-08-11T07:00:00"
"CVE-2026-61350","5120228","12436","Windows Server 2025","10.0.26100.33222","4.6","Publicly Disclosed:No;Exploited:No;Latest Software Release:Exploitation Less Likely","2026-08-11T07:00:00"
"CVE-2026-61350","5120240","12242","Windows 11 Version 23H2 for ARM64-based Systems","10.0.22631.7517","4.6","Publicly Disclosed:No;Exploited:No;Latest Software Release:Exploitation Less Likely","2026-08-11T07:00:00"
"CVE-2026-61350","5120240","12243","Windows 11 Version 23H2 for x64-based Systems","10.0.22631.7517","4.6","Publicly Disclosed:No;Exploited:No;Latest Software Release:Exploitation Less Likely","2026-08-11T07:00:00"
"CVE-2026-61350","5120418","10816","Windows Server 2016","10.0.14393.9418","4.6","Publicly Disclosed:No;Exploited:No;Latest Software Release:Exploitation Less Likely","2026-08-11T07:00:00"
"CVE-2026-61350","5120418","10855","Windows Server 2016 (Server Core installation)","10.0.14393.9418","4.6","Publicly Disclosed:No;Exploited:No;Latest Software Release:Exploitation Less Likely","2026-08-11T07:00:00"
"CVE-2026-61356","5120238","11571","Windows Server 2019","10.0.17763.9115","7.8","Publicly Disclosed:No;Exploited:No;Latest Software Release:Exploitation Less Likely","2026-08-11T07:00:00"
"CVE-2026-61356","5120238","11572","Windows Server 2019 (Server Core installation)","10.0.17763.9115","7.8","Publicly Disclosed:No;Exploited:No;Latest Software Release:Exploitation Less Likely","2026-08-11T07:00:00"
"CVE-2026-61356","5120242","11923","Windows Server 2022","10.0.20348.5499","7.8","Publicly Disclosed:No;Exploited:No;Latest Software Release:Exploitation Less Likely","2026-08-11T07:00:00"
"CVE-2026-61356","5120242","11924","Windows Server 2022 (Server Core installation)","10.0.20348.5499","7.8","Publicly Disclosed:No;Exploited:No;Latest Software Release:Exploitation Less Likely","2026-08-11T07:00:00"
"CVE-2026-61356","5120229","11923","Windows Server 2022","10.0.20348.5440","7.8","Publicly Disclosed:No;Exploited:No;Latest Software Release:Exploitation Less Likely","2026-08-11T07:00:00"
"CVE-2026-61356","5120229","11924","Windows Server 2022 (Server Core installation)","10.0.20348.5440","7.8","Publicly Disclosed:No;Exploited:No;Latest Software Release:Exploitation Less Likely","2026-08-11T07:00:00"
"CVE-2026-61356","5120249","11929","Windows 10 Version 21H2 for 32-bit Systems","10.0.19044.7663","7.8","Publicly Disclosed:No;Exploited:No;Latest Software Release:Exploitation Less Likely","2026-08-11T07:00:00"
"CVE-2026-61356","5120249","11930","Windows 10 Version 21H2 for ARM64-based Systems","10.0.19044.7663","7.8","Publicly Disclosed:No;Exploited:No;Latest Software Release:Exploitation Less Likely","2026-08-11T07:00:00"
"CVE-2026-61356","5120249","11931","Windows 10 Version 21H2 for x64-based Systems","10.0.19044.7663","7.8","Publicly Disclosed:No;Exploited:No;Latest Software Release:Exploitation Less Likely","2026-08-11T07:00:00"
"CVE-2026-61356","5120249","12097","Windows 10 Version 22H2 for x64-based Systems","10.0.19045.7663","7.8","Publicly Disclosed:No;Exploited:No;Latest Software Release:Exploitation Less Likely","2026-08-11T07:00:00"
"CVE-2026-61356","5120249","12098","Windows 10 Version 22H2 for ARM64-based Systems","10.0.19045.7663","7.8","Publicly Disclosed:No;Exploited:No;Latest Software Release:Exploitation Less Likely","2026-08-11T07:00:00"
"CVE-2026-61356","5120249","12099","Windows 10 Version 22H2 for 32-bit Systems","10.0.19045.7663","7.8","Publicly Disclosed:No;Exploited:No;Latest Software Release:Exploitation Less Likely","2026-08-11T07:00:00"
"CVE-2026-61356","5120233","12437","Windows Server 2025 (Server Core installation)","10.0.26100.33296","7.8","Publicly Disclosed:No;Exploited:No;Latest Software Release:Exploitation Less Likely","2026-08-11T07:00:00"
"CVE-2026-61356","5120233","12436","Windows Server 2025","10.0.26100.33296","7.8","Publicly Disclosed:No;Exploited:No;Latest Software Release:Exploitation Less Likely","2026-08-11T07:00:00"
"CVE-2026-61356","5120228","12437","Windows Server 2025 (Server Core installation)","10.0.26100.33222","7.8","Publicly Disclosed:No;Exploited:No;Latest Software Release:Exploitation Less Likely","2026-08-11T07:00:00"
"CVE-2026-61356","5120228","12436","Windows Server 2025","10.0.26100.33222","7.8","Publicly Disclosed:No;Exploited:No;Latest Software Release:Exploitation Less Likely","2026-08-11T07:00:00"
"CVE-2026-61356","5120240","12242","Windows 11 Version 23H2 for ARM64-based Systems","10.0.22631.7517","7.8","Publicly Disclosed:No;Exploited:No;Latest Software Release:Exploitation Less Likely","2026-08-11T07:00:00"
"CVE-2026-61356","5120240","12243","Windows 11 Version 23H2 for x64-based Systems","10.0.22631.7517","7.8","Publicly Disclosed:No;Exploited:No;Latest Software Release:Exploitation Less Likely","2026-08-11T07:00:00"
"CVE-2026-61367","5120238","11571","Windows Server 2019","10.0.17763.9115","7.8","Publicly Disclosed:No;Exploited:No;Latest Software Release:Exploitation Less Likely","2026-08-11T07:00:00"
"CVE-2026-61367","5120238","11572","Windows Server 2019 (Server Core installation)","10.0.17763.9115","7.8","Publicly Disclosed:No;Exploited:No;Latest Software Release:Exploitation Less Likely","2026-08-11T07:00:00"
"CVE-2026-61367","5120242","11923","Windows Server 2022","10.0.20348.5499","7.8","Publicly Disclosed:No;Exploited:No;Latest Software Release:Exploitation Less Likely","2026-08-11T07:00:00"
"CVE-2026-61367","5120242","11924","Windows Server 2022 (Server Core installation)","10.0.20348.5499","7.8","Publicly Disclosed:No;Exploited:No;Latest Software Release:Exploitation Less Likely","2026-08-11T07:00:00"
"CVE-2026-61367","5120229","11923","Windows Server 2022","10.0.20348.5440","7.8","Publicly Disclosed:No;Exploited:No;Latest Software Release:Exploitation Less Likely","2026-08-11T07:00:00"
"CVE-2026-61367","5120229","11924","Windows Server 2022 (Server Core installation)","10.0.20348.5440","7.8","Publicly Disclosed:No;Exploited:No;Latest Software Release:Exploitation Less Likely","2026-08-11T07:00:00"
"CVE-2026-61367","5120249","11929","Windows 10 Version 21H2 for 32-bit Systems","10.0.19044.7663","7.8","Publicly Disclosed:No;Exploited:No;Latest Software Release:Exploitation Less Likely","2026-08-11T07:00:00"
"CVE-2026-61367","5120249","11930","Windows 10 Version 21H2 for ARM64-based Systems","10.0.19044.7663","7.8","Publicly Disclosed:No;Exploited:No;Latest Software Release:Exploitation Less Likely","2026-08-11T07:00:00"
"CVE-2026-61367","5120249","11931","Windows 10 Version 21H2 for x64-based Systems","10.0.19044.7663","7.8","Publicly Disclosed:No;Exploited:No;Latest Software Release:Exploitation Less Likely","2026-08-11T07:00:00"
"CVE-2026-61367","5120249","12097","Windows 10 Version 22H2 for x64-based Systems","10.0.19045.7663","7.8","Publicly Disclosed:No;Exploited:No;Latest Software Release:Exploitation Less Likely","2026-08-11T07:00:00"
"CVE-2026-61367","5120249","12098","Windows 10 Version 22H2 for ARM64-based Systems","10.0.19045.7663","7.8","Publicly Disclosed:No;Exploited:No;Latest Software Release:Exploitation Less Likely","2026-08-11T07:00:00"
"CVE-2026-61367","5120249","12099","Windows 10 Version 22H2 for 32-bit Systems","10.0.19045.7663","7.8","Publicly Disclosed:No;Exploited:No;Latest Software Release:Exploitation Less Likely","2026-08-11T07:00:00"
"CVE-2026-61367","5120233","12437","Windows Server 2025 (Server Core installation)","10.0.26100.33296","7.8","Publicly Disclosed:No;Exploited:No;Latest Software Release:Exploitation Less Likely","2026-08-11T07:00:00"
"CVE-2026-61367","5120233","12436","Windows Server 2025","10.0.26100.33296","7.8","Publicly Disclosed:No;Exploited:No;Latest Software Release:Exploitation Less Likely","2026-08-11T07:00:00"
"CVE-2026-61367","5120228","12437","Windows Server 2025 (Server Core installation)","10.0.26100.33222","7.8","Publicly Disclosed:No;Exploited:No;Latest Software Release:Exploitation Less Likely","2026-08-11T07:00:00"
"CVE-2026-61367","5120228","12436","Windows Server 2025","10.0.26100.33222","7.8","Publicly Disclosed:No;Exploited:No;Latest Software Release:Exploitation Less Likely","2026-08-11T07:00:00"
"CVE-2026-61367","5120240","12242","Windows 11 Version 23H2 for ARM64-based Systems","10.0.22631.7517","7.8","Publicly Disclosed:No;Exploited:No;Latest Software Release:Exploitation Less Likely","2026-08-11T07:00:00"
"CVE-2026-61367","5120240","12243","Windows 11 Version 23H2 for x64-based Systems","10.0.22631.7517","7.8","Publicly Disclosed:No;Exploited:No;Latest Software Release:Exploitation Less Likely","2026-08-11T07:00:00"
"CVE-2026-61367","5120418","10816","Windows Server 2016","10.0.14393.9418","7.8","Publicly Disclosed:No;Exploited:No;Latest Software Release:Exploitation Less Likely","2026-08-11T07:00:00"
"CVE-2026-61367","5120418","10855","Windows Server 2016 (Server Core installation)","10.0.14393.9418","7.8","Publicly Disclosed:No;Exploited:No;Latest Software Release:Exploitation Less Likely","2026-08-11T07:00:00"
"CVE-2026-61923","5120238","11571","Windows Server 2019","10.0.17763.9115","7.8","Publicly Disclosed:No;Exploited:No;Latest Software Release:Exploitation Less Likely","2026-08-11T07:00:00"
"CVE-2026-61923","5120238","11572","Windows Server 2019 (Server Core installation)","10.0.17763.9115","7.8","Publicly Disclosed:No;Exploited:No;Latest Software Release:Exploitation Less Likely","2026-08-11T07:00:00"
"CVE-2026-61923","5120242","11923","Windows Server 2022","10.0.20348.5499","7.8","Publicly Disclosed:No;Exploited:No;Latest Software Release:Exploitation Less Likely","2026-08-11T07:00:00"
"CVE-2026-61923","5120242","11924","Windows Server 2022 (Server Core installation)","10.0.20348.5499","7.8","Publicly Disclosed:No;Exploited:No;Latest Software Release:Exploitation Less Likely","2026-08-11T07:00:00"
"CVE-2026-61923","5120229","11923","Windows Server 2022","10.0.20348.5440","7.8","Publicly Disclosed:No;Exploited:No;Latest Software Release:Exploitation Less Likely","2026-08-11T07:00:00"
"CVE-2026-61923","5120229","11924","Windows Server 2022 (Server Core installation)","10.0.20348.5440","7.8","Publicly Disclosed:No;Exploited:No;Latest Software Release:Exploitation Less Likely","2026-08-11T07:00:00"
"CVE-2026-61923","5120249","11929","Windows 10 Version 21H2 for 32-bit Systems","10.0.19044.7663","7.8","Publicly Disclosed:No;Exploited:No;Latest Software Release:Exploitation Less Likely","2026-08-11T07:00:00"
"CVE-2026-61923","5120249","11930","Windows 10 Version 21H2 for ARM64-based Systems","10.0.19044.7663","7.8","Publicly Disclosed:No;Exploited:No;Latest Software Release:Exploitation Less Likely","2026-08-11T07:00:00"
"CVE-2026-61923","5120249","11931","Windows 10 Version 21H2 for x64-based Systems","10.0.19044.7663","7.8","Publicly Disclosed:No;Exploited:No;Latest Software Release:Exploitation Less Likely","2026-08-11T07:00:00"
"CVE-2026-61923","5120249","12097","Windows 10 Version 22H2 for x64-based Systems","10.0.19045.7663","7.8","Publicly Disclosed:No;Exploited:No;Latest Software Release:Exploitation Less Likely","2026-08-11T07:00:00"
"CVE-2026-61923","5120249","12098","Windows 10 Version 22H2 for ARM64-based Systems","10.0.19045.7663","7.8","Publicly Disclosed:No;Exploited:No;Latest Software Release:Exploitation Less Likely","2026-08-11T07:00:00"
"CVE-2026-61923","5120249","12099","Windows 10 Version 22H2 for 32-bit Systems","10.0.19045.7663","7.8","Publicly Disclosed:No;Exploited:No;Latest Software Release:Exploitation Less Likely","2026-08-11T07:00:00"
"CVE-2026-61923","5120233","12437","Windows Server 2025 (Server Core installation)","10.0.26100.33296","7.8","Publicly Disclosed:No;Exploited:No;Latest Software Release:Exploitation Less Likely","2026-08-11T07:00:00"
"CVE-2026-61923","5120233","12436","Windows Server 2025","10.0.26100.33296","7.8","Publicly Disclosed:No;Exploited:No;Latest Software Release:Exploitation Less Likely","2026-08-11T07:00:00"
"CVE-2026-61923","5120228","12437","Windows Server 2025 (Server Core installation)","10.0.26100.33222","7.8","Publicly Disclosed:No;Exploited:No;Latest Software Release:Exploitation Less Likely","2026-08-11T07:00:00"
"CVE-2026-61923","5120228","12436","Windows Server 2025","10.0.26100.33222","7.8","Publicly Disclosed:No;Exploited:No;Latest Software Release:Exploitation Less Likely","2026-08-11T07:00:00"
"CVE-2026-61923","5120240","12242","Windows 11 Version 23H2 for ARM64-based Systems","10.0.22631.7517","7.8","Publicly Disclosed:No;Exploited:No;Latest Software Release:Exploitation Less Likely","2026-08-11T07:00:00"
"CVE-2026-61923","5120240","12243","Windows 11 Version 23H2 for x64-based Systems","10.0.22631.7517","7.8","Publicly Disclosed:No;Exploited:No;Latest Software Release:Exploitation Less Likely","2026-08-11T07:00:00"
"CVE-2026-61366","5120238","11571","Windows Server 2019","10.0.17763.9115","7.0","Publicly Disclosed:No;Exploited:No;Latest Software Release:Exploitation Less Likely","2026-08-11T07:00:00"
"CVE-2026-61366","5120238","11572","Windows Server 2019 (Server Core installation)","10.0.17763.9115","7.0","Publicly Disclosed:No;Exploited:No;Latest Software Release:Exploitation Less Likely","2026-08-11T07:00:00"
"CVE-2026-61366","5120242","11923","Windows Server 2022","10.0.20348.5499","7.0","Publicly Disclosed:No;Exploited:No;Latest Software Release:Exploitation Less Likely","2026-08-11T07:00:00"
"CVE-2026-61366","5120242","11924","Windows Server 2022 (Server Core installation)","10.0.20348.5499","7.0","Publicly Disclosed:No;Exploited:No;Latest Software Release:Exploitation Less Likely","2026-08-11T07:00:00"
"CVE-2026-61366","5120229","11923","Windows Server 2022","10.0.20348.5440","7.0","Publicly Disclosed:No;Exploited:No;Latest Software Release:Exploitation Less Likely","2026-08-11T07:00:00"
"CVE-2026-61366","5120229","11924","Windows Server 2022 (Server Core installation)","10.0.20348.5440","7.0","Publicly Disclosed:No;Exploited:No;Latest Software Release:Exploitation Less Likely","2026-08-11T07:00:00"
"CVE-2026-61366","5120249","11929","Windows 10 Version 21H2 for 32-bit Systems","10.0.19044.7663","7.0","Publicly Disclosed:No;Exploited:No;Latest Software Release:Exploitation Less Likely","2026-08-11T07:00:00"
"CVE-2026-61366","5120249","11930","Windows 10 Version 21H2 for ARM64-based Systems","10.0.19044.7663","7.0","Publicly Disclosed:No;Exploited:No;Latest Software Release:Exploitation Less Likely","2026-08-11T07:00:00"
"CVE-2026-61366","5120249","11931","Windows 10 Version 21H2 for x64-based Systems","10.0.19044.7663","7.0","Publicly Disclosed:No;Exploited:No;Latest Software Release:Exploitation Less Likely","2026-08-11T07:00:00"
"CVE-2026-61366","5120249","12097","Windows 10 Version 22H2 for x64-based Systems","10.0.19045.7663","7.0","Publicly Disclosed:No;Exploited:No;Latest Software Release:Exploitation Less Likely","2026-08-11T07:00:00"
"CVE-2026-61366","5120249","12098","Windows 10 Version 22H2 for ARM64-based Systems","10.0.19045.7663","7.0","Publicly Disclosed:No;Exploited:No;Latest Software Release:Exploitation Less Likely","2026-08-11T07:00:00"
"CVE-2026-61366","5120249","12099","Windows 10 Version 22H2 for 32-bit Systems","10.0.19045.7663","7.0","Publicly Disclosed:No;Exploited:No;Latest Software Release:Exploitation Less Likely","2026-08-11T07:00:00"
"CVE-2026-61366","5120233","12437","Windows Server 2025 (Server Core installation)","10.0.26100.33296","7.0","Publicly Disclosed:No;Exploited:No;Latest Software Release:Exploitation Less Likely","2026-08-11T07:00:00"
"CVE-2026-61366","5120233","12436","Windows Server 2025","10.0.26100.33296","7.0","Publicly Disclosed:No;Exploited:No;Latest Software Release:Exploitation Less Likely","2026-08-11T07:00:00"
"CVE-2026-61366","5120228","12437","Windows Server 2025 (Server Core installation)","10.0.26100.33222","7.0","Publicly Disclosed:No;Exploited:No;Latest Software Release:Exploitation Less Likely","2026-08-11T07:00:00"
"CVE-2026-61366","5120228","12436","Windows Server 2025","10.0.26100.33222","7.0","Publicly Disclosed:No;Exploited:No;Latest Software Release:Exploitation Less Likely","2026-08-11T07:00:00"
"CVE-2026-61366","5120240","12242","Windows 11 Version 23H2 for ARM64-based Systems","10.0.22631.7517","7.0","Publicly Disclosed:No;Exploited:No;Latest Software Release:Exploitation Less Likely","2026-08-11T07:00:00"
"CVE-2026-61366","5120240","12243","Windows 11 Version 23H2 for x64-based Systems","10.0.22631.7517","7.0","Publicly Disclosed:No;Exploited:No;Latest Software Release:Exploitation Less Likely","2026-08-11T07:00:00"
"CVE-2026-61366","5120418","10816","Windows Server 2016","10.0.14393.9418","7.0","Publicly Disclosed:No;Exploited:No;Latest Software Release:Exploitation Less Likely","2026-08-11T07:00:00"
"CVE-2026-61366","5120418","10855","Windows Server 2016 (Server Core installation)","10.0.14393.9418","7.0","Publicly Disclosed:No;Exploited:No;Latest Software Release:Exploitation Less Likely","2026-08-11T07:00:00"
"CVE-2026-61368","5120238","11571","Windows Server 2019","10.0.17763.9115","5.0","Publicly Disclosed:No;Exploited:No;Latest Software Release:Exploitation Less Likely","2026-08-11T07:00:00"
"CVE-2026-61368","5120238","11572","Windows Server 2019 (Server Core installation)","10.0.17763.9115","5.0","Publicly Disclosed:No;Exploited:No;Latest Software Release:Exploitation Less Likely","2026-08-11T07:00:00"
"CVE-2026-61368","5120242","11923","Windows Server 2022","10.0.20348.5499","5.0","Publicly Disclosed:No;Exploited:No;Latest Software Release:Exploitation Less Likely","2026-08-11T07:00:00"
"CVE-2026-61368","5120242","11924","Windows Server 2022 (Server Core installation)","10.0.20348.5499","5.0","Publicly Disclosed:No;Exploited:No;Latest Software Release:Exploitation Less Likely","2026-08-11T07:00:00"
"CVE-2026-61368","5120229","11923","Windows Server 2022","10.0.20348.5440","5.0","Publicly Disclosed:No;Exploited:No;Latest Software Release:Exploitation Less Likely","2026-08-11T07:00:00"
"CVE-2026-61368","5120229","11924","Windows Server 2022 (Server Core installation)","10.0.20348.5440","5.0","Publicly Disclosed:No;Exploited:No;Latest Software Release:Exploitation Less Likely","2026-08-11T07:00:00"
"CVE-2026-61368","5120249","11929","Windows 10 Version 21H2 for 32-bit Systems","10.0.19044.7663","5.0","Publicly Disclosed:No;Exploited:No;Latest Software Release:Exploitation Less Likely","2026-08-11T07:00:00"
"CVE-2026-61368","5120249","11930","Windows 10 Version 21H2 for ARM64-based Systems","10.0.19044.7663","5.0","Publicly Disclosed:No;Exploited:No;Latest Software Release:Exploitation Less Likely","2026-08-11T07:00:00"
"CVE-2026-61368","5120249","11931","Windows 10 Version 21H2 for x64-based Systems","10.0.19044.7663","5.0","Publicly Disclosed:No;Exploited:No;Latest Software Release:Exploitation Less Likely","2026-08-11T07:00:00"
"CVE-2026-61368","5120249","12097","Windows 10 Version 22H2 for x64-based Systems","10.0.19045.7663","5.0","Publicly Disclosed:No;Exploited:No;Latest Software Release:Exploitation Less Likely","2026-08-11T07:00:00"
"CVE-2026-61368","5120249","12098","Windows 10 Version 22H2 for ARM64-based Systems","10.0.19045.7663","5.0","Publicly Disclosed:No;Exploited:No;Latest Software Release:Exploitation Less Likely","2026-08-11T07:00:00"
"CVE-2026-61368","5120249","12099","Windows 10 Version 22H2 for 32-bit Systems","10.0.19045.7663","5.0","Publicly Disclosed:No;Exploited:No;Latest Software Release:Exploitation Less Likely","2026-08-11T07:00:00"
"CVE-2026-61368","5120233","12437","Windows Server 2025 (Server Core installation)","10.0.26100.33296","5.0","Publicly Disclosed:No;Exploited:No;Latest Software Release:Exploitation Less Likely","2026-08-11T07:00:00"
"CVE-2026-61368","5120233","12436","Windows Server 2025","10.0.26100.33296","5.0","Publicly Disclosed:No;Exploited:No;Latest Software Release:Exploitation Less Likely","2026-08-11T07:00:00"
"CVE-2026-61368","5120228","12437","Windows Server 2025 (Server Core installation)","10.0.26100.33222","5.0","Publicly Disclosed:No;Exploited:No;Latest Software Release:Exploitation Less Likely","2026-08-11T07:00:00"
"CVE-2026-61368","5120228","12436","Windows Server 2025","10.0.26100.33222","5.0","Publicly Disclosed:No;Exploited:No;Latest Software Release:Exploitation Less Likely","2026-08-11T07:00:00"
"CVE-2026-61368","5120240","12242","Windows 11 Version 23H2 for ARM64-based Systems","10.0.22631.7517","5.0","Publicly Disclosed:No;Exploited:No;Latest Software Release:Exploitation Less Likely","2026-08-11T07:00:00"
"CVE-2026-61368","5120240","12243","Windows 11 Version 23H2 for x64-based Systems","10.0.22631.7517","5.0","Publicly Disclosed:No;Exploited:No;Latest Software Release:Exploitation Less Likely","2026-08-11T07:00:00"
"CVE-2026-61368","5120418","10816","Windows Server 2016","10.0.14393.9418","5.0","Publicly Disclosed:No;Exploited:No;Latest Software Release:Exploitation Less Likely","2026-08-11T07:00:00"
"CVE-2026-61368","5120418","10855","Windows Server 2016 (Server Core installation)","10.0.14393.9418","5.0","Publicly Disclosed:No;Exploited:No;Latest Software Release:Exploitation Less Likely","2026-08-11T07:00:00"
"CVE-2026-61924","5120238","11571","Windows Server 2019","10.0.17763.9115","6.5","Publicly Disclosed:No;Exploited:No;Latest Software Release:Exploitation Less Likely","2026-08-11T07:00:00"
"CVE-2026-61924","5120238","11572","Windows Server 2019 (Server Core installation)","10.0.17763.9115","6.5","Publicly Disclosed:No;Exploited:No;Latest Software Release:Exploitation Less Likely","2026-08-11T07:00:00"
"CVE-2026-61924","5120242","11923","Windows Server 2022","10.0.20348.5499","6.5","Publicly Disclosed:No;Exploited:No;Latest Software Release:Exploitation Less Likely","2026-08-11T07:00:00"
"CVE-2026-61924","5120242","11924","Windows Server 2022 (Server Core installation)","10.0.20348.5499","6.5","Publicly Disclosed:No;Exploited:No;Latest Software Release:Exploitation Less Likely","2026-08-11T07:00:00"
"CVE-2026-61924","5120229","11923","Windows Server 2022","10.0.20348.5440","6.5","Publicly Disclosed:No;Exploited:No;Latest Software Release:Exploitation Less Likely","2026-08-11T07:00:00"
"CVE-2026-61924","5120229","11924","Windows Server 2022 (Server Core installation)","10.0.20348.5440","6.5","Publicly Disclosed:No;Exploited:No;Latest Software Release:Exploitation Less Likely","2026-08-11T07:00:00"
"CVE-2026-61924","5120249","11929","Windows 10 Version 21H2 for 32-bit Systems","10.0.19044.7663","6.5","Publicly Disclosed:No;Exploited:No;Latest Software Release:Exploitation Less Likely","2026-08-11T07:00:00"
"CVE-2026-61924","5120249","11930","Windows 10 Version 21H2 for ARM64-based Systems","10.0.19044.7663","6.5","Publicly Disclosed:No;Exploited:No;Latest Software Release:Exploitation Less Likely","2026-08-11T07:00:00"
"CVE-2026-61924","5120249","11931","Windows 10 Version 21H2 for x64-based Systems","10.0.19044.7663","6.5","Publicly Disclosed:No;Exploited:No;Latest Software Release:Exploitation Less Likely","2026-08-11T07:00:00"
"CVE-2026-61924","5120249","12097","Windows 10 Version 22H2 for x64-based Systems","10.0.19045.7663","6.5","Publicly Disclosed:No;Exploited:No;Latest Software Release:Exploitation Less Likely","2026-08-11T07:00:00"
"CVE-2026-61924","5120249","12098","Windows 10 Version 22H2 for ARM64-based Systems","10.0.19045.7663","6.5","Publicly Disclosed:No;Exploited:No;Latest Software Release:Exploitation Less Likely","2026-08-11T07:00:00"
"CVE-2026-61924","5120249","12099","Windows 10 Version 22H2 for 32-bit Systems","10.0.19045.7663","6.5","Publicly Disclosed:No;Exploited:No;Latest Software Release:Exploitation Less Likely","2026-08-11T07:00:00"
"CVE-2026-61924","5120233","12437","Windows Server 2025 (Server Core installation)","10.0.26100.33296","6.5","Publicly Disclosed:No;Exploited:No;Latest Software Release:Exploitation Less Likely","2026-08-11T07:00:00"
"CVE-2026-61924","5120233","12436","Windows Server 2025","10.0.26100.33296","6.5","Publicly Disclosed:No;Exploited:No;Latest Software Release:Exploitation Less Likely","2026-08-11T07:00:00"
"CVE-2026-61924","5120228","12437","Windows Server 2025 (Server Core installation)","10.0.26100.33222","6.5","Publicly Disclosed:No;Exploited:No;Latest Software Release:Exploitation Less Likely","2026-08-11T07:00:00"
"CVE-2026-61924","5120228","12436","Windows Server 2025","10.0.26100.33222","6.5","Publicly Disclosed:No;Exploited:No;Latest Software Release:Exploitation Less Likely","2026-08-11T07:00:00"
"CVE-2026-61924","5120240","12242","Windows 11 Version 23H2 for ARM64-based Systems","10.0.22631.7517","6.5","Publicly Disclosed:No;Exploited:No;Latest Software Release:Exploitation Less Likely","2026-08-11T07:00:00"
"CVE-2026-61924","5120240","12243","Windows 11 Version 23H2 for x64-based Systems","10.0.22631.7517","6.5","Publicly Disclosed:No;Exploited:No;Latest Software Release:Exploitation Less Likely","2026-08-11T07:00:00"
"CVE-2026-61924","5120418","10816","Windows Server 2016","10.0.14393.9418","6.5","Publicly Disclosed:No;Exploited:No;Latest Software Release:Exploitation Less Likely","2026-08-11T07:00:00"
"CVE-2026-61924","5120418","10855","Windows Server 2016 (Server Core installation)","10.0.14393.9418","6.5","Publicly Disclosed:No;Exploited:No;Latest Software Release:Exploitation Less Likely","2026-08-11T07:00:00"
"CVE-2026-61925","5120238","11571","Windows Server 2019","10.0.17763.9115","7.8","Publicly Disclosed:No;Exploited:No;Latest Software Release:Exploitation More Likely","2026-08-11T07:00:00"
"CVE-2026-61925","5120238","11572","Windows Server 2019 (Server Core installation)","10.0.17763.9115","7.8","Publicly Disclosed:No;Exploited:No;Latest Software Release:Exploitation More Likely","2026-08-11T07:00:00"
"CVE-2026-61925","5120242","11923","Windows Server 2022","10.0.20348.5499","7.8","Publicly Disclosed:No;Exploited:No;Latest Software Release:Exploitation More Likely","2026-08-11T07:00:00"
"CVE-2026-61925","5120242","11924","Windows Server 2022 (Server Core installation)","10.0.20348.5499","7.8","Publicly Disclosed:No;Exploited:No;Latest Software Release:Exploitation More Likely","2026-08-11T07:00:00"
"CVE-2026-61925","5120229","11923","Windows Server 2022","10.0.20348.5440","7.8","Publicly Disclosed:No;Exploited:No;Latest Software Release:Exploitation More Likely","2026-08-11T07:00:00"
"CVE-2026-61925","5120229","11924","Windows Server 2022 (Server Core installation)","10.0.20348.5440","7.8","Publicly Disclosed:No;Exploited:No;Latest Software Release:Exploitation More Likely","2026-08-11T07:00:00"
"CVE-2026-61925","5120249","11929","Windows 10 Version 21H2 for 32-bit Systems","10.0.19044.7663","7.8","Publicly Disclosed:No;Exploited:No;Latest Software Release:Exploitation More Likely","2026-08-11T07:00:00"
"CVE-2026-61925","5120249","11930","Windows 10 Version 21H2 for ARM64-based Systems","10.0.19044.7663","7.8","Publicly Disclosed:No;Exploited:No;Latest Software Release:Exploitation More Likely","2026-08-11T07:00:00"
"CVE-2026-61925","5120249","11931","Windows 10 Version 21H2 for x64-based Systems","10.0.19044.7663","7.8","Publicly Disclosed:No;Exploited:No;Latest Software Release:Exploitation More Likely","2026-08-11T07:00:00"
"CVE-2026-61925","5120249","12097","Windows 10 Version 22H2 for x64-based Systems","10.0.19045.7663","7.8","Publicly Disclosed:No;Exploited:No;Latest Software Release:Exploitation More Likely","2026-08-11T07:00:00"
"CVE-2026-61925","5120249","12098","Windows 10 Version 22H2 for ARM64-based Systems","10.0.19045.7663","7.8","Publicly Disclosed:No;Exploited:No;Latest Software Release:Exploitation More Likely","2026-08-11T07:00:00"
"CVE-2026-61925","5120249","12099","Windows 10 Version 22H2 for 32-bit Systems","10.0.19045.7663","7.8","Publicly Disclosed:No;Exploited:No;Latest Software Release:Exploitation More Likely","2026-08-11T07:00:00"
"CVE-2026-61925","5120233","12437","Windows Server 2025 (Server Core installation)","10.0.26100.33296","7.8","Publicly Disclosed:No;Exploited:No;Latest Software Release:Exploitation More Likely","2026-08-11T07:00:00"
"CVE-2026-61925","5120233","12436","Windows Server 2025","10.0.26100.33296","7.8","Publicly Disclosed:No;Exploited:No;Latest Software Release:Exploitation More Likely","2026-08-11T07:00:00"
"CVE-2026-61925","5120228","12437","Windows Server 2025 (Server Core installation)","10.0.26100.33222","7.8","Publicly Disclosed:No;Exploited:No;Latest Software Release:Exploitation More Likely","2026-08-11T07:00:00"
"CVE-2026-61925","5120228","12436","Windows Server 2025","10.0.26100.33222","7.8","Publicly Disclosed:No;Exploited:No;Latest Software Release:Exploitation More Likely","2026-08-11T07:00:00"
"CVE-2026-61925","5120240","12242","Windows 11 Version 23H2 for ARM64-based Systems","10.0.22631.7517","7.8","Publicly Disclosed:No;Exploited:No;Latest Software Release:Exploitation More Likely","2026-08-11T07:00:00"
"CVE-2026-61925","5120240","12243","Windows 11 Version 23H2 for x64-based Systems","10.0.22631.7517","7.8","Publicly Disclosed:No;Exploited:No;Latest Software Release:Exploitation More Likely","2026-08-11T07:00:00"
"CVE-2026-61925","5120418","10816","Windows Server 2016","10.0.14393.9418","7.8","Publicly Disclosed:No;Exploited:No;Latest Software Release:Exploitation More Likely","2026-08-11T07:00:00"
"CVE-2026-61925","5120418","10855","Windows Server 2016 (Server Core installation)","10.0.14393.9418","7.8","Publicly Disclosed:No;Exploited:No;Latest Software Release:Exploitation More Likely","2026-08-11T07:00:00"
"CVE-2026-61927","5120233","12437","Windows Server 2025 (Server Core installation)","10.0.26100.33296","7.0","Publicly Disclosed:No;Exploited:No;Latest Software Release:Exploitation Less Likely","2026-08-11T07:00:00"
"CVE-2026-61927","5120233","12436","Windows Server 2025","10.0.26100.33296","7.0","Publicly Disclosed:No;Exploited:No;Latest Software Release:Exploitation Less Likely","2026-08-11T07:00:00"
"CVE-2026-61927","5120228","12437","Windows Server 2025 (Server Core installation)","10.0.26100.33222","7.0","Publicly Disclosed:No;Exploited:No;Latest Software Release:Exploitation Less Likely","2026-08-11T07:00:00"
"CVE-2026-61927","5120228","12436","Windows Server 2025","10.0.26100.33222","7.0","Publicly Disclosed:No;Exploited:No;Latest Software Release:Exploitation Less Likely","2026-08-11T07:00:00"
"CVE-2026-61928","5120238","11571","Windows Server 2019","10.0.17763.9115","5.5","Publicly Disclosed:No;Exploited:No;Latest Software Release:Exploitation Less Likely","2026-08-11T07:00:00"
"CVE-2026-61928","5120238","11572","Windows Server 2019 (Server Core installation)","10.0.17763.9115","5.5","Publicly Disclosed:No;Exploited:No;Latest Software Release:Exploitation Less Likely","2026-08-11T07:00:00"
"CVE-2026-61928","5120242","11923","Windows Server 2022","10.0.20348.5499","5.5","Publicly Disclosed:No;Exploited:No;Latest Software Release:Exploitation Less Likely","2026-08-11T07:00:00"
"CVE-2026-61928","5120242","11924","Windows Server 2022 (Server Core installation)","10.0.20348.5499","5.5","Publicly Disclosed:No;Exploited:No;Latest Software Release:Exploitation Less Likely","2026-08-11T07:00:00"
"CVE-2026-61928","5120229","11923","Windows Server 2022","10.0.20348.5440","5.5","Publicly Disclosed:No;Exploited:No;Latest Software Release:Exploitation Less Likely","2026-08-11T07:00:00"
"CVE-2026-61928","5120229","11924","Windows Server 2022 (Server Core installation)","10.0.20348.5440","5.5","Publicly Disclosed:No;Exploited:No;Latest Software Release:Exploitation Less Likely","2026-08-11T07:00:00"
"CVE-2026-61928","5120249","11929","Windows 10 Version 21H2 for 32-bit Systems","10.0.19044.7663","5.5","Publicly Disclosed:No;Exploited:No;Latest Software Release:Exploitation Less Likely","2026-08-11T07:00:00"
"CVE-2026-61928","5120249","11930","Windows 10 Version 21H2 for ARM64-based Systems","10.0.19044.7663","5.5","Publicly Disclosed:No;Exploited:No;Latest Software Release:Exploitation Less Likely","2026-08-11T07:00:00"
"CVE-2026-61928","5120249","11931","Windows 10 Version 21H2 for x64-based Systems","10.0.19044.7663","5.5","Publicly Disclosed:No;Exploited:No;Latest Software Release:Exploitation Less Likely","2026-08-11T07:00:00"
"CVE-2026-61928","5120249","12097","Windows 10 Version 22H2 for x64-based Systems","10.0.19045.7663","5.5","Publicly Disclosed:No;Exploited:No;Latest Software Release:Exploitation Less Likely","2026-08-11T07:00:00"
"CVE-2026-61928","5120249","12098","Windows 10 Version 22H2 for ARM64-based Systems","10.0.19045.7663","5.5","Publicly Disclosed:No;Exploited:No;Latest Software Release:Exploitation Less Likely","2026-08-11T07:00:00"
"CVE-2026-61928","5120249","12099","Windows 10 Version 22H2 for 32-bit Systems","10.0.19045.7663","5.5","Publicly Disclosed:No;Exploited:No;Latest Software Release:Exploitation Less Likely","2026-08-11T07:00:00"
"CVE-2026-61928","5120233","12437","Windows Server 2025 (Server Core installation)","10.0.26100.33296","5.5","Publicly Disclosed:No;Exploited:No;Latest Software Release:Exploitation Less Likely","2026-08-11T07:00:00"
"CVE-2026-61928","5120233","12436","Windows Server 2025","10.0.26100.33296","5.5","Publicly Disclosed:No;Exploited:No;Latest Software Release:Exploitation Less Likely","2026-08-11T07:00:00"
"CVE-2026-61928","5120228","12437","Windows Server 2025 (Server Core installation)","10.0.26100.33222","5.5","Publicly Disclosed:No;Exploited:No;Latest Software Release:Exploitation Less Likely","2026-08-11T07:00:00"
"CVE-2026-61928","5120228","12436","Windows Server 2025","10.0.26100.33222","5.5","Publicly Disclosed:No;Exploited:No;Latest Software Release:Exploitation Less Likely","2026-08-11T07:00:00"
"CVE-2026-61928","5120240","12242","Windows 11 Version 23H2 for ARM64-based Systems","10.0.22631.7517","5.5","Publicly Disclosed:No;Exploited:No;Latest Software Release:Exploitation Less Likely","2026-08-11T07:00:00"
"CVE-2026-61928","5120240","12243","Windows 11 Version 23H2 for x64-based Systems","10.0.22631.7517","5.5","Publicly Disclosed:No;Exploited:No;Latest Software Release:Exploitation Less Likely","2026-08-11T07:00:00"
"CVE-2026-61928","5120418","10816","Windows Server 2016","10.0.14393.9418","5.5","Publicly Disclosed:No;Exploited:No;Latest Software Release:Exploitation Less Likely","2026-08-11T07:00:00"
"CVE-2026-61928","5120418","10855","Windows Server 2016 (Server Core installation)","10.0.14393.9418","5.5","Publicly Disclosed:No;Exploited:No;Latest Software Release:Exploitation Less Likely","2026-08-11T07:00:00"
"CVE-2026-61930","5120238","11571","Windows Server 2019","10.0.17763.9115","7.8","Publicly Disclosed:No;Exploited:No;Latest Software Release:Exploitation More Likely","2026-08-11T07:00:00"
"CVE-2026-61930","5120238","11572","Windows Server 2019 (Server Core installation)","10.0.17763.9115","7.8","Publicly Disclosed:No;Exploited:No;Latest Software Release:Exploitation More Likely","2026-08-11T07:00:00"
"CVE-2026-61930","5120242","11923","Windows Server 2022","10.0.20348.5499","7.8","Publicly Disclosed:No;Exploited:No;Latest Software Release:Exploitation More Likely","2026-08-11T07:00:00"
"CVE-2026-61930","5120242","11924","Windows Server 2022 (Server Core installation)","10.0.20348.5499","7.8","Publicly Disclosed:No;Exploited:No;Latest Software Release:Exploitation More Likely","2026-08-11T07:00:00"
"CVE-2026-61930","5120229","11923","Windows Server 2022","10.0.20348.5440","7.8","Publicly Disclosed:No;Exploited:No;Latest Software Release:Exploitation More Likely","2026-08-11T07:00:00"
"CVE-2026-61930","5120229","11924","Windows Server 2022 (Server Core installation)","10.0.20348.5440","7.8","Publicly Disclosed:No;Exploited:No;Latest Software Release:Exploitation More Likely","2026-08-11T07:00:00"
"CVE-2026-61930","5120249","11929","Windows 10 Version 21H2 for 32-bit Systems","10.0.19044.7663","7.8","Publicly Disclosed:No;Exploited:No;Latest Software Release:Exploitation More Likely","2026-08-11T07:00:00"
"CVE-2026-61930","5120249","11930","Windows 10 Version 21H2 for ARM64-based Systems","10.0.19044.7663","7.8","Publicly Disclosed:No;Exploited:No;Latest Software Release:Exploitation More Likely","2026-08-11T07:00:00"
"CVE-2026-61930","5120249","11931","Windows 10 Version 21H2 for x64-based Systems","10.0.19044.7663","7.8","Publicly Disclosed:No;Exploited:No;Latest Software Release:Exploitation More Likely","2026-08-11T07:00:00"
"CVE-2026-61930","5120249","12097","Windows 10 Version 22H2 for x64-based Systems","10.0.19045.7663","7.8","Publicly Disclosed:No;Exploited:No;Latest Software Release:Exploitation More Likely","2026-08-11T07:00:00"
"CVE-2026-61930","5120249","12098","Windows 10 Version 22H2 for ARM64-based Systems","10.0.19045.7663","7.8","Publicly Disclosed:No;Exploited:No;Latest Software Release:Exploitation More Likely","2026-08-11T07:00:00"
"CVE-2026-61930","5120249","12099","Windows 10 Version 22H2 for 32-bit Systems","10.0.19045.7663","7.8","Publicly Disclosed:No;Exploited:No;Latest Software Release:Exploitation More Likely","2026-08-11T07:00:00"
"CVE-2026-61930","5120233","12437","Windows Server 2025 (Server Core installation)","10.0.26100.33296","7.8","Publicly Disclosed:No;Exploited:No;Latest Software Release:Exploitation More Likely","2026-08-11T07:00:00"
"CVE-2026-61930","5120233","12436","Windows Server 2025","10.0.26100.33296","7.8","Publicly Disclosed:No;Exploited:No;Latest Software Release:Exploitation More Likely","2026-08-11T07:00:00"
"CVE-2026-61930","5120228","12437","Windows Server 2025 (Server Core installation)","10.0.26100.33222","7.8","Publicly Disclosed:No;Exploited:No;Latest Software Release:Exploitation More Likely","2026-08-11T07:00:00"
"CVE-2026-61930","5120228","12436","Windows Server 2025","10.0.26100.33222","7.8","Publicly Disclosed:No;Exploited:No;Latest Software Release:Exploitation More Likely","2026-08-11T07:00:00"
"CVE-2026-61930","5120240","12242","Windows 11 Version 23H2 for ARM64-based Systems","10.0.22631.7517","7.8","Publicly Disclosed:No;Exploited:No;Latest Software Release:Exploitation More Likely","2026-08-11T07:00:00"
"CVE-2026-61930","5120240","12243","Windows 11 Version 23H2 for x64-based Systems","10.0.22631.7517","7.8","Publicly Disclosed:No;Exploited:No;Latest Software Release:Exploitation More Likely","2026-08-11T07:00:00"
"CVE-2026-61930","5120418","10816","Windows Server 2016","10.0.14393.9418","7.8","Publicly Disclosed:No;Exploited:No;Latest Software Release:Exploitation More Likely","2026-08-11T07:00:00"
"CVE-2026-61930","5120418","10855","Windows Server 2016 (Server Core installation)","10.0.14393.9418","7.8","Publicly Disclosed:No;Exploited:No;Latest Software Release:Exploitation More Likely","2026-08-11T07:00:00"
"CVE-2026-61937","5120238","11571","Windows Server 2019","10.0.17763.9115","7.8","Publicly Disclosed:No;Exploited:No;Latest Software Release:Exploitation Less Likely","2026-08-11T07:00:00"
"CVE-2026-61937","5120238","11572","Windows Server 2019 (Server Core installation)","10.0.17763.9115","7.8","Publicly Disclosed:No;Exploited:No;Latest Software Release:Exploitation Less Likely","2026-08-11T07:00:00"
"CVE-2026-61937","5120242","11923","Windows Server 2022","10.0.20348.5499","7.8","Publicly Disclosed:No;Exploited:No;Latest Software Release:Exploitation Less Likely","2026-08-11T07:00:00"
"CVE-2026-61937","5120242","11924","Windows Server 2022 (Server Core installation)","10.0.20348.5499","7.8","Publicly Disclosed:No;Exploited:No;Latest Software Release:Exploitation Less Likely","2026-08-11T07:00:00"
"CVE-2026-61937","5120229","11923","Windows Server 2022","10.0.20348.5440","7.8","Publicly Disclosed:No;Exploited:No;Latest Software Release:Exploitation Less Likely","2026-08-11T07:00:00"
"CVE-2026-61937","5120229","11924","Windows Server 2022 (Server Core installation)","10.0.20348.5440","7.8","Publicly Disclosed:No;Exploited:No;Latest Software Release:Exploitation Less Likely","2026-08-11T07:00:00"
"CVE-2026-61937","5120249","11929","Windows 10 Version 21H2 for 32-bit Systems","10.0.19044.7663","7.8","Publicly Disclosed:No;Exploited:No;Latest Software Release:Exploitation Less Likely","2026-08-11T07:00:00"
"CVE-2026-61937","5120249","11930","Windows 10 Version 21H2 for ARM64-based Systems","10.0.19044.7663","7.8","Publicly Disclosed:No;Exploited:No;Latest Software Release:Exploitation Less Likely","2026-08-11T07:00:00"
"CVE-2026-61937","5120249","11931","Windows 10 Version 21H2 for x64-based Systems","10.0.19044.7663","7.8","Publicly Disclosed:No;Exploited:No;Latest Software Release:Exploitation Less Likely","2026-08-11T07:00:00"
"CVE-2026-61937","5120249","12097","Windows 10 Version 22H2 for x64-based Systems","10.0.19045.7663","7.8","Publicly Disclosed:No;Exploited:No;Latest Software Release:Exploitation Less Likely","2026-08-11T07:00:00"
"CVE-2026-61937","5120249","12098","Windows 10 Version 22H2 for ARM64-based Systems","10.0.19045.7663","7.8","Publicly Disclosed:No;Exploited:No;Latest Software Release:Exploitation Less Likely","2026-08-11T07:00:00"
"CVE-2026-61937","5120249","12099","Windows 10 Version 22H2 for 32-bit Systems","10.0.19045.7663","7.8","Publicly Disclosed:No;Exploited:No;Latest Software Release:Exploitation Less Likely","2026-08-11T07:00:00"
"CVE-2026-61937","5120233","12437","Windows Server 2025 (Server Core installation)","10.0.26100.33296","7.8","Publicly Disclosed:No;Exploited:No;Latest Software Release:Exploitation Less Likely","2026-08-11T07:00:00"
"CVE-2026-61937","5120233","12436","Windows Server 2025","10.0.26100.33296","7.8","Publicly Disclosed:No;Exploited:No;Latest Software Release:Exploitation Less Likely","2026-08-11T07:00:00"
"CVE-2026-61937","5120228","12437","Windows Server 2025 (Server Core installation)","10.0.26100.33222","7.8","Publicly Disclosed:No;Exploited:No;Latest Software Release:Exploitation Less Likely","2026-08-11T07:00:00"
"CVE-2026-61937","5120228","12436","Windows Server 2025","10.0.26100.33222","7.8","Publicly Disclosed:No;Exploited:No;Latest Software Release:Exploitation Less Likely","2026-08-11T07:00:00"
"CVE-2026-61937","5120240","12242","Windows 11 Version 23H2 for ARM64-based Systems","10.0.22631.7517","7.8","Publicly Disclosed:No;Exploited:No;Latest Software Release:Exploitation Less Likely","2026-08-11T07:00:00"
"CVE-2026-61937","5120240","12243","Windows 11 Version 23H2 for x64-based Systems","10.0.22631.7517","7.8","Publicly Disclosed:No;Exploited:No;Latest Software Release:Exploitation Less Likely","2026-08-11T07:00:00"
"CVE-2026-61937","5120418","10816","Windows Server 2016","10.0.14393.9418","7.8","Publicly Disclosed:No;Exploited:No;Latest Software Release:Exploitation Less Likely","2026-08-11T07:00:00"
"CVE-2026-61937","5120418","10855","Windows Server 2016 (Server Core installation)","10.0.14393.9418","7.8","Publicly Disclosed:No;Exploited:No;Latest Software Release:Exploitation Less Likely","2026-08-11T07:00:00"
"CVE-2026-62692","5120238","11571","Windows Server 2019","10.0.17763.9115","7.8","Publicly Disclosed:No;Exploited:No;Latest Software Release:Exploitation Less Likely","2026-08-11T07:00:00"
"CVE-2026-62692","5120238","11572","Windows Server 2019 (Server Core installation)","10.0.17763.9115","7.8","Publicly Disclosed:No;Exploited:No;Latest Software Release:Exploitation Less Likely","2026-08-11T07:00:00"
"CVE-2026-62692","5120242","11923","Windows Server 2022","10.0.20348.5499","7.8","Publicly Disclosed:No;Exploited:No;Latest Software Release:Exploitation Less Likely","2026-08-11T07:00:00"
"CVE-2026-62692","5120242","11924","Windows Server 2022 (Server Core installation)","10.0.20348.5499","7.8","Publicly Disclosed:No;Exploited:No;Latest Software Release:Exploitation Less Likely","2026-08-11T07:00:00"
"CVE-2026-62692","5120229","11923","Windows Server 2022","10.0.20348.5440","7.8","Publicly Disclosed:No;Exploited:No;Latest Software Release:Exploitation Less Likely","2026-08-11T07:00:00"
"CVE-2026-62692","5120229","11924","Windows Server 2022 (Server Core installation)","10.0.20348.5440","7.8","Publicly Disclosed:No;Exploited:No;Latest Software Release:Exploitation Less Likely","2026-08-11T07:00:00"
"CVE-2026-62692","5120249","11929","Windows 10 Version 21H2 for 32-bit Systems","10.0.19044.7663","7.8","Publicly Disclosed:No;Exploited:No;Latest Software Release:Exploitation Less Likely","2026-08-11T07:00:00"
"CVE-2026-62692","5120249","11930","Windows 10 Version 21H2 for ARM64-based Systems","10.0.19044.7663","7.8","Publicly Disclosed:No;Exploited:No;Latest Software Release:Exploitation Less Likely","2026-08-11T07:00:00"
"CVE-2026-62692","5120249","11931","Windows 10 Version 21H2 for x64-based Systems","10.0.19044.7663","7.8","Publicly Disclosed:No;Exploited:No;Latest Software Release:Exploitation Less Likely","2026-08-11T07:00:00"
"CVE-2026-62692","5120249","12097","Windows 10 Version 22H2 for x64-based Systems","10.0.19045.7663","7.8","Publicly Disclosed:No;Exploited:No;Latest Software Release:Exploitation Less Likely","2026-08-11T07:00:00"
"CVE-2026-62692","5120249","12098","Windows 10 Version 22H2 for ARM64-based Systems","10.0.19045.7663","7.8","Publicly Disclosed:No;Exploited:No;Latest Software Release:Exploitation Less Likely","2026-08-11T07:00:00"
"CVE-2026-62692","5120249","12099","Windows 10 Version 22H2 for 32-bit Systems","10.0.19045.7663","7.8","Publicly Disclosed:No;Exploited:No;Latest Software Release:Exploitation Less Likely","2026-08-11T07:00:00"
"CVE-2026-62692","5120233","12437","Windows Server 2025 (Server Core installation)","10.0.26100.33296","7.8","Publicly Disclosed:No;Exploited:No;Latest Software Release:Exploitation Less Likely","2026-08-11T07:00:00"
"CVE-2026-62692","5120233","12436","Windows Server 2025","10.0.26100.33296","7.8","Publicly Disclosed:No;Exploited:No;Latest Software Release:Exploitation Less Likely","2026-08-11T07:00:00"
"CVE-2026-62692","5120228","12437","Windows Server 2025 (Server Core installation)","10.0.26100.33222","7.8","Publicly Disclosed:No;Exploited:No;Latest Software Release:Exploitation Less Likely","2026-08-11T07:00:00"
"CVE-2026-62692","5120228","12436","Windows Server 2025","10.0.26100.33222","7.8","Publicly Disclosed:No;Exploited:No;Latest Software Release:Exploitation Less Likely","2026-08-11T07:00:00"
"CVE-2026-62692","5120240","12242","Windows 11 Version 23H2 for ARM64-based Systems","10.0.22631.7517","7.8","Publicly Disclosed:No;Exploited:No;Latest Software Release:Exploitation Less Likely","2026-08-11T07:00:00"
"CVE-2026-62692","5120240","12243","Windows 11 Version 23H2 for x64-based Systems","10.0.22631.7517","7.8","Publicly Disclosed:No;Exploited:No;Latest Software Release:Exploitation Less Likely","2026-08-11T07:00:00"
"CVE-2026-62692","5120418","10816","Windows Server 2016","10.0.14393.9418","7.8","Publicly Disclosed:No;Exploited:No;Latest Software Release:Exploitation Less Likely","2026-08-11T07:00:00"
"CVE-2026-62692","5120418","10855","Windows Server 2016 (Server Core installation)","10.0.14393.9418","7.8","Publicly Disclosed:No;Exploited:No;Latest Software Release:Exploitation Less Likely","2026-08-11T07:00:00"
"CVE-2026-61932","5120238","11571","Windows Server 2019","10.0.17763.9115","7.8","Publicly Disclosed:No;Exploited:No;Latest Software Release:Exploitation Less Likely","2026-08-11T07:00:00"
"CVE-2026-61932","5120238","11572","Windows Server 2019 (Server Core installation)","10.0.17763.9115","7.8","Publicly Disclosed:No;Exploited:No;Latest Software Release:Exploitation Less Likely","2026-08-11T07:00:00"
"CVE-2026-61932","5120242","11923","Windows Server 2022","10.0.20348.5499","7.8","Publicly Disclosed:No;Exploited:No;Latest Software Release:Exploitation Less Likely","2026-08-11T07:00:00"
"CVE-2026-61932","5120242","11924","Windows Server 2022 (Server Core installation)","10.0.20348.5499","7.8","Publicly Disclosed:No;Exploited:No;Latest Software Release:Exploitation Less Likely","2026-08-11T07:00:00"
"CVE-2026-61932","5120229","11923","Windows Server 2022","10.0.20348.5440","7.8","Publicly Disclosed:No;Exploited:No;Latest Software Release:Exploitation Less Likely","2026-08-11T07:00:00"
"CVE-2026-61932","5120229","11924","Windows Server 2022 (Server Core installation)","10.0.20348.5440","7.8","Publicly Disclosed:No;Exploited:No;Latest Software Release:Exploitation Less Likely","2026-08-11T07:00:00"
"CVE-2026-61932","5120249","11929","Windows 10 Version 21H2 for 32-bit Systems","10.0.19044.7663","7.8","Publicly Disclosed:No;Exploited:No;Latest Software Release:Exploitation Less Likely","2026-08-11T07:00:00"
"CVE-2026-61932","5120249","11930","Windows 10 Version 21H2 for ARM64-based Systems","10.0.19044.7663","7.8","Publicly Disclosed:No;Exploited:No;Latest Software Release:Exploitation Less Likely","2026-08-11T07:00:00"
"CVE-2026-61932","5120249","11931","Windows 10 Version 21H2 for x64-based Systems","10.0.19044.7663","7.8","Publicly Disclosed:No;Exploited:No;Latest Software Release:Exploitation Less Likely","2026-08-11T07:00:00"
"CVE-2026-61932","5120249","12097","Windows 10 Version 22H2 for x64-based Systems","10.0.19045.7663","7.8","Publicly Disclosed:No;Exploited:No;Latest Software Release:Exploitation Less Likely","2026-08-11T07:00:00"
"CVE-2026-61932","5120249","12098","Windows 10 Version 22H2 for ARM64-based Systems","10.0.19045.7663","7.8","Publicly Disclosed:No;Exploited:No;Latest Software Release:Exploitation Less Likely","2026-08-11T07:00:00"
"CVE-2026-61932","5120249","12099","Windows 10 Version 22H2 for 32-bit Systems","10.0.19045.7663","7.8","Publicly Disclosed:No;Exploited:No;Latest Software Release:Exploitation Less Likely","2026-08-11T07:00:00"
"CVE-2026-61932","5120240","12242","Windows 11 Version 23H2 for ARM64-based Systems","10.0.22631.7517","7.8","Publicly Disclosed:No;Exploited:No;Latest Software Release:Exploitation Less Likely","2026-08-11T07:00:00"
"CVE-2026-61932","5120240","12243","Windows 11 Version 23H2 for x64-based Systems","10.0.22631.7517","7.8","Publicly Disclosed:No;Exploited:No;Latest Software Release:Exploitation Less Likely","2026-08-11T07:00:00"
"CVE-2026-61932","5120418","10816","Windows Server 2016","10.0.14393.9418","7.8","Publicly Disclosed:No;Exploited:No;Latest Software Release:Exploitation Less Likely","2026-08-11T07:00:00"
"CVE-2026-61932","5120418","10855","Windows Server 2016 (Server Core installation)","10.0.14393.9418","7.8","Publicly Disclosed:No;Exploited:No;Latest Software Release:Exploitation Less Likely","2026-08-11T07:00:00"
"CVE-2026-61933","5120233","12437","Windows Server 2025 (Server Core installation)","10.0.26100.33296","5.5","Publicly Disclosed:No;Exploited:No;Latest Software Release:Exploitation Less Likely","2026-08-11T07:00:00"
"CVE-2026-61933","5120233","12436","Windows Server 2025","10.0.26100.33296","5.5","Publicly Disclosed:No;Exploited:No;Latest Software Release:Exploitation Less Likely","2026-08-11T07:00:00"
"CVE-2026-61933","5120228","12437","Windows Server 2025 (Server Core installation)","10.0.26100.33222","5.5","Publicly Disclosed:No;Exploited:No;Latest Software Release:Exploitation Less Likely","2026-08-11T07:00:00"
"CVE-2026-61933","5120228","12436","Windows Server 2025","10.0.26100.33222","5.5","Publicly Disclosed:No;Exploited:No;Latest Software Release:Exploitation Less Likely","2026-08-11T07:00:00"
"CVE-2026-61934","5120233","12437","Windows Server 2025 (Server Core installation)","10.0.26100.33296","7.8","Publicly Disclosed:No;Exploited:No;Latest Software Release:Exploitation Less Likely","2026-08-11T07:00:00"
"CVE-2026-61934","5120233","12436","Windows Server 2025","10.0.26100.33296","7.8","Publicly Disclosed:No;Exploited:No;Latest Software Release:Exploitation Less Likely","2026-08-11T07:00:00"
"CVE-2026-61934","5120228","12437","Windows Server 2025 (Server Core installation)","10.0.26100.33222","7.8","Publicly Disclosed:No;Exploited:No;Latest Software Release:Exploitation Less Likely","2026-08-11T07:00:00"
"CVE-2026-61934","5120228","12436","Windows Server 2025","10.0.26100.33222","7.8","Publicly Disclosed:No;Exploited:No;Latest Software Release:Exploitation Less Likely","2026-08-11T07:00:00"
"CVE-2026-61934","5120240","12242","Windows 11 Version 23H2 for ARM64-based Systems","10.0.22631.7517","7.8","Publicly Disclosed:No;Exploited:No;Latest Software Release:Exploitation Less Likely","2026-08-11T07:00:00"
"CVE-2026-61934","5120240","12243","Windows 11 Version 23H2 for x64-based Systems","10.0.22631.7517","7.8","Publicly Disclosed:No;Exploited:No;Latest Software Release:Exploitation Less Likely","2026-08-11T07:00:00"
"CVE-2026-61936","5120238","11571","Windows Server 2019","10.0.17763.9115","5.5","Publicly Disclosed:No;Exploited:No;Latest Software Release:Exploitation Unlikely","2026-08-11T07:00:00"
"CVE-2026-61936","5120238","11572","Windows Server 2019 (Server Core installation)","10.0.17763.9115","5.5","Publicly Disclosed:No;Exploited:No;Latest Software Release:Exploitation Unlikely","2026-08-11T07:00:00"
"CVE-2026-61936","5120242","11923","Windows Server 2022","10.0.20348.5499","5.5","Publicly Disclosed:No;Exploited:No;Latest Software Release:Exploitation Unlikely","2026-08-11T07:00:00"
"CVE-2026-61936","5120242","11924","Windows Server 2022 (Server Core installation)","10.0.20348.5499","5.5","Publicly Disclosed:No;Exploited:No;Latest Software Release:Exploitation Unlikely","2026-08-11T07:00:00"
"CVE-2026-61936","5120229","11923","Windows Server 2022","10.0.20348.5440","5.5","Publicly Disclosed:No;Exploited:No;Latest Software Release:Exploitation Unlikely","2026-08-11T07:00:00"
"CVE-2026-61936","5120229","11924","Windows Server 2022 (Server Core installation)","10.0.20348.5440","5.5","Publicly Disclosed:No;Exploited:No;Latest Software Release:Exploitation Unlikely","2026-08-11T07:00:00"
"CVE-2026-61936","5120249","11929","Windows 10 Version 21H2 for 32-bit Systems","10.0.19044.7663","5.5","Publicly Disclosed:No;Exploited:No;Latest Software Release:Exploitation Unlikely","2026-08-11T07:00:00"
"CVE-2026-61936","5120249","11930","Windows 10 Version 21H2 for ARM64-based Systems","10.0.19044.7663","5.5","Publicly Disclosed:No;Exploited:No;Latest Software Release:Exploitation Unlikely","2026-08-11T07:00:00"
"CVE-2026-61936","5120249","11931","Windows 10 Version 21H2 for x64-based Systems","10.0.19044.7663","5.5","Publicly Disclosed:No;Exploited:No;Latest Software Release:Exploitation Unlikely","2026-08-11T07:00:00"
"CVE-2026-61936","5120249","12097","Windows 10 Version 22H2 for x64-based Systems","10.0.19045.7663","5.5","Publicly Disclosed:No;Exploited:No;Latest Software Release:Exploitation Unlikely","2026-08-11T07:00:00"
"CVE-2026-61936","5120249","12098","Windows 10 Version 22H2 for ARM64-based Systems","10.0.19045.7663","5.5","Publicly Disclosed:No;Exploited:No;Latest Software Release:Exploitation Unlikely","2026-08-11T07:00:00"
"CVE-2026-61936","5120249","12099","Windows 10 Version 22H2 for 32-bit Systems","10.0.19045.7663","5.5","Publicly Disclosed:No;Exploited:No;Latest Software Release:Exploitation Unlikely","2026-08-11T07:00:00"
"CVE-2026-61936","5120233","12437","Windows Server 2025 (Server Core installation)","10.0.26100.33296","5.5","Publicly Disclosed:No;Exploited:No;Latest Software Release:Exploitation Unlikely","2026-08-11T07:00:00"
"CVE-2026-61936","5120233","12436","Windows Server 2025","10.0.26100.33296","5.5","Publicly Disclosed:No;Exploited:No;Latest Software Release:Exploitation Unlikely","2026-08-11T07:00:00"
"CVE-2026-61936","5120228","12437","Windows Server 2025 (Server Core installation)","10.0.26100.33222","5.5","Publicly Disclosed:No;Exploited:No;Latest Software Release:Exploitation Unlikely","2026-08-11T07:00:00"
"CVE-2026-61936","5120228","12436","Windows Server 2025","10.0.26100.33222","5.5","Publicly Disclosed:No;Exploited:No;Latest Software Release:Exploitation Unlikely","2026-08-11T07:00:00"
"CVE-2026-61936","5120240","12242","Windows 11 Version 23H2 for ARM64-based Systems","10.0.22631.7517","5.5","Publicly Disclosed:No;Exploited:No;Latest Software Release:Exploitation Unlikely","2026-08-11T07:00:00"
"CVE-2026-61936","5120240","12243","Windows 11 Version 23H2 for x64-based Systems","10.0.22631.7517","5.5","Publicly Disclosed:No;Exploited:No;Latest Software Release:Exploitation Unlikely","2026-08-11T07:00:00"
"CVE-2026-61939","5120238","11571","Windows Server 2019","10.0.17763.9115","7.0","Publicly Disclosed:No;Exploited:No;Latest Software Release:Exploitation Less Likely","2026-08-11T07:00:00"
"CVE-2026-61939","5120238","11572","Windows Server 2019 (Server Core installation)","10.0.17763.9115","7.0","Publicly Disclosed:No;Exploited:No;Latest Software Release:Exploitation Less Likely","2026-08-11T07:00:00"
"CVE-2026-61939","5120242","11923","Windows Server 2022","10.0.20348.5499","7.0","Publicly Disclosed:No;Exploited:No;Latest Software Release:Exploitation Less Likely","2026-08-11T07:00:00"
"CVE-2026-61939","5120242","11924","Windows Server 2022 (Server Core installation)","10.0.20348.5499","7.0","Publicly Disclosed:No;Exploited:No;Latest Software Release:Exploitation Less Likely","2026-08-11T07:00:00"
"CVE-2026-61939","5120229","11923","Windows Server 2022","10.0.20348.5440","7.0","Publicly Disclosed:No;Exploited:No;Latest Software Release:Exploitation Less Likely","2026-08-11T07:00:00"
"CVE-2026-61939","5120229","11924","Windows Server 2022 (Server Core installation)","10.0.20348.5440","7.0","Publicly Disclosed:No;Exploited:No;Latest Software Release:Exploitation Less Likely","2026-08-11T07:00:00"
"CVE-2026-61939","5120249","11929","Windows 10 Version 21H2 for 32-bit Systems","10.0.19044.7663","7.0","Publicly Disclosed:No;Exploited:No;Latest Software Release:Exploitation Less Likely","2026-08-11T07:00:00"
"CVE-2026-61939","5120249","11930","Windows 10 Version 21H2 for ARM64-based Systems","10.0.19044.7663","7.0","Publicly Disclosed:No;Exploited:No;Latest Software Release:Exploitation Less Likely","2026-08-11T07:00:00"
"CVE-2026-61939","5120249","11931","Windows 10 Version 21H2 for x64-based Systems","10.0.19044.7663","7.0","Publicly Disclosed:No;Exploited:No;Latest Software Release:Exploitation Less Likely","2026-08-11T07:00:00"
"CVE-2026-61939","5120249","12097","Windows 10 Version 22H2 for x64-based Systems","10.0.19045.7663","7.0","Publicly Disclosed:No;Exploited:No;Latest Software Release:Exploitation Less Likely","2026-08-11T07:00:00"
"CVE-2026-61939","5120249","12098","Windows 10 Version 22H2 for ARM64-based Systems","10.0.19045.7663","7.0","Publicly Disclosed:No;Exploited:No;Latest Software Release:Exploitation Less Likely","2026-08-11T07:00:00"
"CVE-2026-61939","5120249","12099","Windows 10 Version 22H2 for 32-bit Systems","10.0.19045.7663","7.0","Publicly Disclosed:No;Exploited:No;Latest Software Release:Exploitation Less Likely","2026-08-11T07:00:00"
"CVE-2026-61939","5120233","12437","Windows Server 2025 (Server Core installation)","10.0.26100.33296","7.0","Publicly Disclosed:No;Exploited:No;Latest Software Release:Exploitation Less Likely","2026-08-11T07:00:00"
"CVE-2026-61939","5120233","12436","Windows Server 2025","10.0.26100.33296","7.0","Publicly Disclosed:No;Exploited:No;Latest Software Release:Exploitation Less Likely","2026-08-11T07:00:00"
"CVE-2026-61939","5120228","12437","Windows Server 2025 (Server Core installation)","10.0.26100.33222","7.0","Publicly Disclosed:No;Exploited:No;Latest Software Release:Exploitation Less Likely","2026-08-11T07:00:00"
"CVE-2026-61939","5120228","12436","Windows Server 2025","10.0.26100.33222","7.0","Publicly Disclosed:No;Exploited:No;Latest Software Release:Exploitation Less Likely","2026-08-11T07:00:00"
"CVE-2026-61939","5120240","12242","Windows 11 Version 23H2 for ARM64-based Systems","10.0.22631.7517","7.0","Publicly Disclosed:No;Exploited:No;Latest Software Release:Exploitation Less Likely","2026-08-11T07:00:00"
"CVE-2026-61939","5120240","12243","Windows 11 Version 23H2 for x64-based Systems","10.0.22631.7517","7.0","Publicly Disclosed:No;Exploited:No;Latest Software Release:Exploitation Less Likely","2026-08-11T07:00:00"
"CVE-2026-61939","5120418","10816","Windows Server 2016","10.0.14393.9418","7.0","Publicly Disclosed:No;Exploited:No;Latest Software Release:Exploitation Less Likely","2026-08-11T07:00:00"
"CVE-2026-61939","5120418","10855","Windows Server 2016 (Server Core installation)","10.0.14393.9418","7.0","Publicly Disclosed:No;Exploited:No;Latest Software Release:Exploitation Less Likely","2026-08-11T07:00:00"
"CVE-2026-62695","5120242","11923","Windows Server 2022","10.0.20348.5499","7.8","Publicly Disclosed:No;Exploited:No;Latest Software Release:Exploitation Less Likely","2026-08-11T07:00:00"
"CVE-2026-62695","5120242","11924","Windows Server 2022 (Server Core installation)","10.0.20348.5499","7.8","Publicly Disclosed:No;Exploited:No;Latest Software Release:Exploitation Less Likely","2026-08-11T07:00:00"
"CVE-2026-62695","5120229","11923","Windows Server 2022","10.0.20348.5440","7.8","Publicly Disclosed:No;Exploited:No;Latest Software Release:Exploitation Less Likely","2026-08-11T07:00:00"
"CVE-2026-62695","5120229","11924","Windows Server 2022 (Server Core installation)","10.0.20348.5440","7.8","Publicly Disclosed:No;Exploited:No;Latest Software Release:Exploitation Less Likely","2026-08-11T07:00:00"
"CVE-2026-62695","5120233","12437","Windows Server 2025 (Server Core installation)","10.0.26100.33296","7.8","Publicly Disclosed:No;Exploited:No;Latest Software Release:Exploitation Less Likely","2026-08-11T07:00:00"
"CVE-2026-62695","5120233","12436","Windows Server 2025","10.0.26100.33296","7.8","Publicly Disclosed:No;Exploited:No;Latest Software Release:Exploitation Less Likely","2026-08-11T07:00:00"
"CVE-2026-62695","5120228","12437","Windows Server 2025 (Server Core installation)","10.0.26100.33222","7.8","Publicly Disclosed:No;Exploited:No;Latest Software Release:Exploitation Less Likely","2026-08-11T07:00:00"
"CVE-2026-62695","5120228","12436","Windows Server 2025","10.0.26100.33222","7.8","Publicly Disclosed:No;Exploited:No;Latest Software Release:Exploitation Less Likely","2026-08-11T07:00:00"
"CVE-2026-62695","5120240","12242","Windows 11 Version 23H2 for ARM64-based Systems","10.0.22631.7517","7.8","Publicly Disclosed:No;Exploited:No;Latest Software Release:Exploitation Less Likely","2026-08-11T07:00:00"
"CVE-2026-62695","5120240","12243","Windows 11 Version 23H2 for x64-based Systems","10.0.22631.7517","7.8","Publicly Disclosed:No;Exploited:No;Latest Software Release:Exploitation Less Likely","2026-08-11T07:00:00"
"CVE-2026-62690","5120238","11571","Windows Server 2019","10.0.17763.9115","7.0","Publicly Disclosed:No;Exploited:No;Latest Software Release:Exploitation Less Likely","2026-08-11T07:00:00"
"CVE-2026-62690","5120238","11572","Windows Server 2019 (Server Core installation)","10.0.17763.9115","7.0","Publicly Disclosed:No;Exploited:No;Latest Software Release:Exploitation Less Likely","2026-08-11T07:00:00"
"CVE-2026-62690","5120242","11923","Windows Server 2022","10.0.20348.5499","7.0","Publicly Disclosed:No;Exploited:No;Latest Software Release:Exploitation Less Likely","2026-08-11T07:00:00"
"CVE-2026-62690","5120242","11924","Windows Server 2022 (Server Core installation)","10.0.20348.5499","7.0","Publicly Disclosed:No;Exploited:No;Latest Software Release:Exploitation Less Likely","2026-08-11T07:00:00"
"CVE-2026-62690","5120229","11923","Windows Server 2022","10.0.20348.5440","7.0","Publicly Disclosed:No;Exploited:No;Latest Software Release:Exploitation Less Likely","2026-08-11T07:00:00"
"CVE-2026-62690","5120229","11924","Windows Server 2022 (Server Core installation)","10.0.20348.5440","7.0","Publicly Disclosed:No;Exploited:No;Latest Software Release:Exploitation Less Likely","2026-08-11T07:00:00"
"CVE-2026-62690","5120249","11929","Windows 10 Version 21H2 for 32-bit Systems","10.0.19044.7663","7.0","Publicly Disclosed:No;Exploited:No;Latest Software Release:Exploitation Less Likely","2026-08-11T07:00:00"
"CVE-2026-62690","5120249","11930","Windows 10 Version 21H2 for ARM64-based Systems","10.0.19044.7663","7.0","Publicly Disclosed:No;Exploited:No;Latest Software Release:Exploitation Less Likely","2026-08-11T07:00:00"
"CVE-2026-62690","5120249","11931","Windows 10 Version 21H2 for x64-based Systems","10.0.19044.7663","7.0","Publicly Disclosed:No;Exploited:No;Latest Software Release:Exploitation Less Likely","2026-08-11T07:00:00"
"CVE-2026-62690","5120249","12097","Windows 10 Version 22H2 for x64-based Systems","10.0.19045.7663","7.0","Publicly Disclosed:No;Exploited:No;Latest Software Release:Exploitation Less Likely","2026-08-11T07:00:00"
"CVE-2026-62690","5120249","12098","Windows 10 Version 22H2 for ARM64-based Systems","10.0.19045.7663","7.0","Publicly Disclosed:No;Exploited:No;Latest Software Release:Exploitation Less Likely","2026-08-11T07:00:00"
"CVE-2026-62690","5120249","12099","Windows 10 Version 22H2 for 32-bit Systems","10.0.19045.7663","7.0","Publicly Disclosed:No;Exploited:No;Latest Software Release:Exploitation Less Likely","2026-08-11T07:00:00"
"CVE-2026-62690","5120233","12437","Windows Server 2025 (Server Core installation)","10.0.26100.33296","7.0","Publicly Disclosed:No;Exploited:No;Latest Software Release:Exploitation Less Likely","2026-08-11T07:00:00"
"CVE-2026-62690","5120233","12436","Windows Server 2025","10.0.26100.33296","7.0","Publicly Disclosed:No;Exploited:No;Latest Software Release:Exploitation Less Likely","2026-08-11T07:00:00"
"CVE-2026-62690","5120228","12437","Windows Server 2025 (Server Core installation)","10.0.26100.33222","7.0","Publicly Disclosed:No;Exploited:No;Latest Software Release:Exploitation Less Likely","2026-08-11T07:00:00"
"CVE-2026-62690","5120228","12436","Windows Server 2025","10.0.26100.33222","7.0","Publicly Disclosed:No;Exploited:No;Latest Software Release:Exploitation Less Likely","2026-08-11T07:00:00"
"CVE-2026-62690","5120240","12242","Windows 11 Version 23H2 for ARM64-based Systems","10.0.22631.7517","7.0","Publicly Disclosed:No;Exploited:No;Latest Software Release:Exploitation Less Likely","2026-08-11T07:00:00"
"CVE-2026-62690","5120240","12243","Windows 11 Version 23H2 for x64-based Systems","10.0.22631.7517","7.0","Publicly Disclosed:No;Exploited:No;Latest Software Release:Exploitation Less Likely","2026-08-11T07:00:00"
"CVE-2026-62696","5120238","11571","Windows Server 2019","10.0.17763.9115","7.8","Publicly Disclosed:No;Exploited:No;Latest Software Release:Exploitation More Likely","2026-08-11T07:00:00"
"CVE-2026-62696","5120238","11572","Windows Server 2019 (Server Core installation)","10.0.17763.9115","7.8","Publicly Disclosed:No;Exploited:No;Latest Software Release:Exploitation More Likely","2026-08-11T07:00:00"
"CVE-2026-62696","5120242","11923","Windows Server 2022","10.0.20348.5499","7.8","Publicly Disclosed:No;Exploited:No;Latest Software Release:Exploitation More Likely","2026-08-11T07:00:00"
"CVE-2026-62696","5120242","11924","Windows Server 2022 (Server Core installation)","10.0.20348.5499","7.8","Publicly Disclosed:No;Exploited:No;Latest Software Release:Exploitation More Likely","2026-08-11T07:00:00"
"CVE-2026-62696","5120229","11923","Windows Server 2022","10.0.20348.5440","7.8","Publicly Disclosed:No;Exploited:No;Latest Software Release:Exploitation More Likely","2026-08-11T07:00:00"
"CVE-2026-62696","5120229","11924","Windows Server 2022 (Server Core installation)","10.0.20348.5440","7.8","Publicly Disclosed:No;Exploited:No;Latest Software Release:Exploitation More Likely","2026-08-11T07:00:00"
"CVE-2026-62696","5120249","11929","Windows 10 Version 21H2 for 32-bit Systems","10.0.19044.7663","7.8","Publicly Disclosed:No;Exploited:No;Latest Software Release:Exploitation More Likely","2026-08-11T07:00:00"
"CVE-2026-62696","5120249","11930","Windows 10 Version 21H2 for ARM64-based Systems","10.0.19044.7663","7.8","Publicly Disclosed:No;Exploited:No;Latest Software Release:Exploitation More Likely","2026-08-11T07:00:00"
"CVE-2026-62696","5120249","11931","Windows 10 Version 21H2 for x64-based Systems","10.0.19044.7663","7.8","Publicly Disclosed:No;Exploited:No;Latest Software Release:Exploitation More Likely","2026-08-11T07:00:00"
"CVE-2026-62696","5120249","12097","Windows 10 Version 22H2 for x64-based Systems","10.0.19045.7663","7.8","Publicly Disclosed:No;Exploited:No;Latest Software Release:Exploitation More Likely","2026-08-11T07:00:00"
"CVE-2026-62696","5120249","12098","Windows 10 Version 22H2 for ARM64-based Systems","10.0.19045.7663","7.8","Publicly Disclosed:No;Exploited:No;Latest Software Release:Exploitation More Likely","2026-08-11T07:00:00"
"CVE-2026-62696","5120249","12099","Windows 10 Version 22H2 for 32-bit Systems","10.0.19045.7663","7.8","Publicly Disclosed:No;Exploited:No;Latest Software Release:Exploitation More Likely","2026-08-11T07:00:00"
"CVE-2026-62696","5120233","12437","Windows Server 2025 (Server Core installation)","10.0.26100.33296","7.8","Publicly Disclosed:No;Exploited:No;Latest Software Release:Exploitation More Likely","2026-08-11T07:00:00"
"CVE-2026-62696","5120233","12436","Windows Server 2025","10.0.26100.33296","7.8","Publicly Disclosed:No;Exploited:No;Latest Software Release:Exploitation More Likely","2026-08-11T07:00:00"
"CVE-2026-62696","5120228","12437","Windows Server 2025 (Server Core installation)","10.0.26100.33222","7.8","Publicly Disclosed:No;Exploited:No;Latest Software Release:Exploitation More Likely","2026-08-11T07:00:00"
"CVE-2026-62696","5120228","12436","Windows Server 2025","10.0.26100.33222","7.8","Publicly Disclosed:No;Exploited:No;Latest Software Release:Exploitation More Likely","2026-08-11T07:00:00"
"CVE-2026-62696","5120240","12242","Windows 11 Version 23H2 for ARM64-based Systems","10.0.22631.7517","7.8","Publicly Disclosed:No;Exploited:No;Latest Software Release:Exploitation More Likely","2026-08-11T07:00:00"
"CVE-2026-62696","5120240","12243","Windows 11 Version 23H2 for x64-based Systems","10.0.22631.7517","7.8","Publicly Disclosed:No;Exploited:No;Latest Software Release:Exploitation More Likely","2026-08-11T07:00:00"
"CVE-2026-62696","5120418","10816","Windows Server 2016","10.0.14393.9418","7.8","Publicly Disclosed:No;Exploited:No;Latest Software Release:Exploitation More Likely","2026-08-11T07:00:00"
"CVE-2026-62696","5120418","10855","Windows Server 2016 (Server Core installation)","10.0.14393.9418","7.8","Publicly Disclosed:No;Exploited:No;Latest Software Release:Exploitation More Likely","2026-08-11T07:00:00"
"CVE-2026-62702","5120242","11923","Windows Server 2022","10.0.20348.5499","6.8","Publicly Disclosed:No;Exploited:No;Latest Software Release:Exploitation Less Likely","2026-08-11T07:00:00"
"CVE-2026-62702","5120242","11924","Windows Server 2022 (Server Core installation)","10.0.20348.5499","6.8","Publicly Disclosed:No;Exploited:No;Latest Software Release:Exploitation Less Likely","2026-08-11T07:00:00"
"CVE-2026-62702","5120229","11923","Windows Server 2022","10.0.20348.5440","6.8","Publicly Disclosed:No;Exploited:No;Latest Software Release:Exploitation Less Likely","2026-08-11T07:00:00"
"CVE-2026-62702","5120229","11924","Windows Server 2022 (Server Core installation)","10.0.20348.5440","6.8","Publicly Disclosed:No;Exploited:No;Latest Software Release:Exploitation Less Likely","2026-08-11T07:00:00"
"CVE-2026-62702","5120249","11929","Windows 10 Version 21H2 for 32-bit Systems","10.0.19044.7663","6.8","Publicly Disclosed:No;Exploited:No;Latest Software Release:Exploitation Less Likely","2026-08-11T07:00:00"
"CVE-2026-62702","5120249","11930","Windows 10 Version 21H2 for ARM64-based Systems","10.0.19044.7663","6.8","Publicly Disclosed:No;Exploited:No;Latest Software Release:Exploitation Less Likely","2026-08-11T07:00:00"
"CVE-2026-62702","5120249","11931","Windows 10 Version 21H2 for x64-based Systems","10.0.19044.7663","6.8","Publicly Disclosed:No;Exploited:No;Latest Software Release:Exploitation Less Likely","2026-08-11T07:00:00"
"CVE-2026-62702","5120249","12097","Windows 10 Version 22H2 for x64-based Systems","10.0.19045.7663","6.8","Publicly Disclosed:No;Exploited:No;Latest Software Release:Exploitation Less Likely","2026-08-11T07:00:00"
"CVE-2026-62702","5120249","12098","Windows 10 Version 22H2 for ARM64-based Systems","10.0.19045.7663","6.8","Publicly Disclosed:No;Exploited:No;Latest Software Release:Exploitation Less Likely","2026-08-11T07:00:00"
"CVE-2026-62702","5120249","12099","Windows 10 Version 22H2 for 32-bit Systems","10.0.19045.7663","6.8","Publicly Disclosed:No;Exploited:No;Latest Software Release:Exploitation Less Likely","2026-08-11T07:00:00"
"CVE-2026-62702","5120233","12437","Windows Server 2025 (Server Core installation)","10.0.26100.33296","6.8","Publicly Disclosed:No;Exploited:No;Latest Software Release:Exploitation Less Likely","2026-08-11T07:00:00"
"CVE-2026-62702","5120233","12436","Windows Server 2025","10.0.26100.33296","6.8","Publicly Disclosed:No;Exploited:No;Latest Software Release:Exploitation Less Likely","2026-08-11T07:00:00"
"CVE-2026-62702","5120228","12437","Windows Server 2025 (Server Core installation)","10.0.26100.33222","6.8","Publicly Disclosed:No;Exploited:No;Latest Software Release:Exploitation Less Likely","2026-08-11T07:00:00"
"CVE-2026-62702","5120228","12436","Windows Server 2025","10.0.26100.33222","6.8","Publicly Disclosed:No;Exploited:No;Latest Software Release:Exploitation Less Likely","2026-08-11T07:00:00"
"CVE-2026-62702","5120240","12242","Windows 11 Version 23H2 for ARM64-based Systems","10.0.22631.7517","6.8","Publicly Disclosed:No;Exploited:No;Latest Software Release:Exploitation Less Likely","2026-08-11T07:00:00"
"CVE-2026-62702","5120240","12243","Windows 11 Version 23H2 for x64-based Systems","10.0.22631.7517","6.8","Publicly Disclosed:No;Exploited:No;Latest Software Release:Exploitation Less Likely","2026-08-11T07:00:00"
"CVE-2026-62699","5120238","11571","Windows Server 2019","10.0.17763.9115","6.8","Publicly Disclosed:No;Exploited:No;Latest Software Release:Exploitation Less Likely","2026-08-11T07:00:00"
"CVE-2026-62699","5120238","11572","Windows Server 2019 (Server Core installation)","10.0.17763.9115","6.8","Publicly Disclosed:No;Exploited:No;Latest Software Release:Exploitation Less Likely","2026-08-11T07:00:00"
"CVE-2026-62699","5120242","11923","Windows Server 2022","10.0.20348.5499","6.8","Publicly Disclosed:No;Exploited:No;Latest Software Release:Exploitation Less Likely","2026-08-11T07:00:00"
"CVE-2026-62699","5120242","11924","Windows Server 2022 (Server Core installation)","10.0.20348.5499","6.8","Publicly Disclosed:No;Exploited:No;Latest Software Release:Exploitation Less Likely","2026-08-11T07:00:00"
"CVE-2026-62699","5120229","11923","Windows Server 2022","10.0.20348.5440","6.8","Publicly Disclosed:No;Exploited:No;Latest Software Release:Exploitation Less Likely","2026-08-11T07:00:00"
"CVE-2026-62699","5120229","11924","Windows Server 2022 (Server Core installation)","10.0.20348.5440","6.8","Publicly Disclosed:No;Exploited:No;Latest Software Release:Exploitation Less Likely","2026-08-11T07:00:00"
"CVE-2026-62699","5120249","11929","Windows 10 Version 21H2 for 32-bit Systems","10.0.19044.7663","6.8","Publicly Disclosed:No;Exploited:No;Latest Software Release:Exploitation Less Likely","2026-08-11T07:00:00"
"CVE-2026-62699","5120249","11930","Windows 10 Version 21H2 for ARM64-based Systems","10.0.19044.7663","6.8","Publicly Disclosed:No;Exploited:No;Latest Software Release:Exploitation Less Likely","2026-08-11T07:00:00"
"CVE-2026-62699","5120249","11931","Windows 10 Version 21H2 for x64-based Systems","10.0.19044.7663","6.8","Publicly Disclosed:No;Exploited:No;Latest Software Release:Exploitation Less Likely","2026-08-11T07:00:00"
"CVE-2026-62699","5120249","12097","Windows 10 Version 22H2 for x64-based Systems","10.0.19045.7663","6.8","Publicly Disclosed:No;Exploited:No;Latest Software Release:Exploitation Less Likely","2026-08-11T07:00:00"
"CVE-2026-62699","5120249","12098","Windows 10 Version 22H2 for ARM64-based Systems","10.0.19045.7663","6.8","Publicly Disclosed:No;Exploited:No;Latest Software Release:Exploitation Less Likely","2026-08-11T07:00:00"
"CVE-2026-62699","5120249","12099","Windows 10 Version 22H2 for 32-bit Systems","10.0.19045.7663","6.8","Publicly Disclosed:No;Exploited:No;Latest Software Release:Exploitation Less Likely","2026-08-11T07:00:00"
"CVE-2026-62699","5120233","12437","Windows Server 2025 (Server Core installation)","10.0.26100.33296","6.8","Publicly Disclosed:No;Exploited:No;Latest Software Release:Exploitation Less Likely","2026-08-11T07:00:00"
"CVE-2026-62699","5120233","12436","Windows Server 2025","10.0.26100.33296","6.8","Publicly Disclosed:No;Exploited:No;Latest Software Release:Exploitation Less Likely","2026-08-11T07:00:00"
"CVE-2026-62699","5120228","12437","Windows Server 2025 (Server Core installation)","10.0.26100.33222","6.8","Publicly Disclosed:No;Exploited:No;Latest Software Release:Exploitation Less Likely","2026-08-11T07:00:00"
"CVE-2026-62699","5120228","12436","Windows Server 2025","10.0.26100.33222","6.8","Publicly Disclosed:No;Exploited:No;Latest Software Release:Exploitation Less Likely","2026-08-11T07:00:00"
"CVE-2026-62699","5120240","12242","Windows 11 Version 23H2 for ARM64-based Systems","10.0.22631.7517","6.8","Publicly Disclosed:No;Exploited:No;Latest Software Release:Exploitation Less Likely","2026-08-11T07:00:00"
"CVE-2026-62699","5120240","12243","Windows 11 Version 23H2 for x64-based Systems","10.0.22631.7517","6.8","Publicly Disclosed:No;Exploited:No;Latest Software Release:Exploitation Less Likely","2026-08-11T07:00:00"
"CVE-2026-62699","5120418","10816","Windows Server 2016","10.0.14393.9418","6.8","Publicly Disclosed:No;Exploited:No;Latest Software Release:Exploitation Less Likely","2026-08-11T07:00:00"
"CVE-2026-62699","5120418","10855","Windows Server 2016 (Server Core installation)","10.0.14393.9418","6.8","Publicly Disclosed:No;Exploited:No;Latest Software Release:Exploitation Less Likely","2026-08-11T07:00:00"
"CVE-2026-62703","5120238","11571","Windows Server 2019","10.0.17763.9115","5.5","Publicly Disclosed:No;Exploited:No;Latest Software Release:Exploitation Less Likely","2026-08-11T07:00:00"
"CVE-2026-62703","5120238","11572","Windows Server 2019 (Server Core installation)","10.0.17763.9115","5.5","Publicly Disclosed:No;Exploited:No;Latest Software Release:Exploitation Less Likely","2026-08-11T07:00:00"
"CVE-2026-62703","5120242","11923","Windows Server 2022","10.0.20348.5499","5.5","Publicly Disclosed:No;Exploited:No;Latest Software Release:Exploitation Less Likely","2026-08-11T07:00:00"
"CVE-2026-62703","5120242","11924","Windows Server 2022 (Server Core installation)","10.0.20348.5499","5.5","Publicly Disclosed:No;Exploited:No;Latest Software Release:Exploitation Less Likely","2026-08-11T07:00:00"
"CVE-2026-62703","5120229","11923","Windows Server 2022","10.0.20348.5440","5.5","Publicly Disclosed:No;Exploited:No;Latest Software Release:Exploitation Less Likely","2026-08-11T07:00:00"
"CVE-2026-62703","5120229","11924","Windows Server 2022 (Server Core installation)","10.0.20348.5440","5.5","Publicly Disclosed:No;Exploited:No;Latest Software Release:Exploitation Less Likely","2026-08-11T07:00:00"
"CVE-2026-62703","5120249","11929","Windows 10 Version 21H2 for 32-bit Systems","10.0.19044.7663","5.5","Publicly Disclosed:No;Exploited:No;Latest Software Release:Exploitation Less Likely","2026-08-11T07:00:00"
"CVE-2026-62703","5120249","11930","Windows 10 Version 21H2 for ARM64-based Systems","10.0.19044.7663","5.5","Publicly Disclosed:No;Exploited:No;Latest Software Release:Exploitation Less Likely","2026-08-11T07:00:00"
"CVE-2026-62703","5120249","11931","Windows 10 Version 21H2 for x64-based Systems","10.0.19044.7663","5.5","Publicly Disclosed:No;Exploited:No;Latest Software Release:Exploitation Less Likely","2026-08-11T07:00:00"
"CVE-2026-62703","5120249","12097","Windows 10 Version 22H2 for x64-based Systems","10.0.19045.7663","5.5","Publicly Disclosed:No;Exploited:No;Latest Software Release:Exploitation Less Likely","2026-08-11T07:00:00"
"CVE-2026-62703","5120249","12098","Windows 10 Version 22H2 for ARM64-based Systems","10.0.19045.7663","5.5","Publicly Disclosed:No;Exploited:No;Latest Software Release:Exploitation Less Likely","2026-08-11T07:00:00"
"CVE-2026-62703","5120249","12099","Windows 10 Version 22H2 for 32-bit Systems","10.0.19045.7663","5.5","Publicly Disclosed:No;Exploited:No;Latest Software Release:Exploitation Less Likely","2026-08-11T07:00:00"
"CVE-2026-62703","5120233","12437","Windows Server 2025 (Server Core installation)","10.0.26100.33296","5.5","Publicly Disclosed:No;Exploited:No;Latest Software Release:Exploitation Less Likely","2026-08-11T07:00:00"
"CVE-2026-62703","5120233","12436","Windows Server 2025","10.0.26100.33296","5.5","Publicly Disclosed:No;Exploited:No;Latest Software Release:Exploitation Less Likely","2026-08-11T07:00:00"
"CVE-2026-62703","5120228","12437","Windows Server 2025 (Server Core installation)","10.0.26100.33222","5.5","Publicly Disclosed:No;Exploited:No;Latest Software Release:Exploitation Less Likely","2026-08-11T07:00:00"
"CVE-2026-62703","5120228","12436","Windows Server 2025","10.0.26100.33222","5.5","Publicly Disclosed:No;Exploited:No;Latest Software Release:Exploitation Less Likely","2026-08-11T07:00:00"
"CVE-2026-62703","5120240","12242","Windows 11 Version 23H2 for ARM64-based Systems","10.0.22631.7517","5.5","Publicly Disclosed:No;Exploited:No;Latest Software Release:Exploitation Less Likely","2026-08-11T07:00:00"
"CVE-2026-62703","5120240","12243","Windows 11 Version 23H2 for x64-based Systems","10.0.22631.7517","5.5","Publicly Disclosed:No;Exploited:No;Latest Software Release:Exploitation Less Likely","2026-08-11T07:00:00"
"CVE-2026-62707","5120238","11571","Windows Server 2019","10.0.17763.9115","7.8","Publicly Disclosed:No;Exploited:No;Latest Software Release:Exploitation Less Likely","2026-08-11T07:00:00"
"CVE-2026-62707","5120238","11572","Windows Server 2019 (Server Core installation)","10.0.17763.9115","7.8","Publicly Disclosed:No;Exploited:No;Latest Software Release:Exploitation Less Likely","2026-08-11T07:00:00"
"CVE-2026-62707","5120242","11923","Windows Server 2022","10.0.20348.5499","7.8","Publicly Disclosed:No;Exploited:No;Latest Software Release:Exploitation Less Likely","2026-08-11T07:00:00"
"CVE-2026-62707","5120242","11924","Windows Server 2022 (Server Core installation)","10.0.20348.5499","7.8","Publicly Disclosed:No;Exploited:No;Latest Software Release:Exploitation Less Likely","2026-08-11T07:00:00"
"CVE-2026-62707","5120229","11923","Windows Server 2022","10.0.20348.5440","7.8","Publicly Disclosed:No;Exploited:No;Latest Software Release:Exploitation Less Likely","2026-08-11T07:00:00"
"CVE-2026-62707","5120229","11924","Windows Server 2022 (Server Core installation)","10.0.20348.5440","7.8","Publicly Disclosed:No;Exploited:No;Latest Software Release:Exploitation Less Likely","2026-08-11T07:00:00"
"CVE-2026-62707","5120249","11929","Windows 10 Version 21H2 for 32-bit Systems","10.0.19044.7663","7.8","Publicly Disclosed:No;Exploited:No;Latest Software Release:Exploitation Less Likely","2026-08-11T07:00:00"
"CVE-2026-62707","5120249","11930","Windows 10 Version 21H2 for ARM64-based Systems","10.0.19044.7663","7.8","Publicly Disclosed:No;Exploited:No;Latest Software Release:Exploitation Less Likely","2026-08-11T07:00:00"
"CVE-2026-62707","5120249","11931","Windows 10 Version 21H2 for x64-based Systems","10.0.19044.7663","7.8","Publicly Disclosed:No;Exploited:No;Latest Software Release:Exploitation Less Likely","2026-08-11T07:00:00"
"CVE-2026-62707","5120249","12097","Windows 10 Version 22H2 for x64-based Systems","10.0.19045.7663","7.8","Publicly Disclosed:No;Exploited:No;Latest Software Release:Exploitation Less Likely","2026-08-11T07:00:00"
"CVE-2026-62707","5120249","12098","Windows 10 Version 22H2 for ARM64-based Systems","10.0.19045.7663","7.8","Publicly Disclosed:No;Exploited:No;Latest Software Release:Exploitation Less Likely","2026-08-11T07:00:00"
"CVE-2026-62707","5120249","12099","Windows 10 Version 22H2 for 32-bit Systems","10.0.19045.7663","7.8","Publicly Disclosed:No;Exploited:No;Latest Software Release:Exploitation Less Likely","2026-08-11T07:00:00"
"CVE-2026-62707","5120233","12437","Windows Server 2025 (Server Core installation)","10.0.26100.33296","7.8","Publicly Disclosed:No;Exploited:No;Latest Software Release:Exploitation Less Likely","2026-08-11T07:00:00"
"CVE-2026-62707","5120233","12436","Windows Server 2025","10.0.26100.33296","7.8","Publicly Disclosed:No;Exploited:No;Latest Software Release:Exploitation Less Likely","2026-08-11T07:00:00"
"CVE-2026-62707","5120228","12437","Windows Server 2025 (Server Core installation)","10.0.26100.33222","7.8","Publicly Disclosed:No;Exploited:No;Latest Software Release:Exploitation Less Likely","2026-08-11T07:00:00"
"CVE-2026-62707","5120228","12436","Windows Server 2025","10.0.26100.33222","7.8","Publicly Disclosed:No;Exploited:No;Latest Software Release:Exploitation Less Likely","2026-08-11T07:00:00"
"CVE-2026-62707","5120240","12242","Windows 11 Version 23H2 for ARM64-based Systems","10.0.22631.7517","7.8","Publicly Disclosed:No;Exploited:No;Latest Software Release:Exploitation Less Likely","2026-08-11T07:00:00"
"CVE-2026-62707","5120240","12243","Windows 11 Version 23H2 for x64-based Systems","10.0.22631.7517","7.8","Publicly Disclosed:No;Exploited:No;Latest Software Release:Exploitation Less Likely","2026-08-11T07:00:00"
"CVE-2026-62707","5120418","10816","Windows Server 2016","10.0.14393.9418","7.8","Publicly Disclosed:No;Exploited:No;Latest Software Release:Exploitation Less Likely","2026-08-11T07:00:00"
"CVE-2026-62707","5120418","10855","Windows Server 2016 (Server Core installation)","10.0.14393.9418","7.8","Publicly Disclosed:No;Exploited:No;Latest Software Release:Exploitation Less Likely","2026-08-11T07:00:00"
"CVE-2026-62713","5120238","11571","Windows Server 2019","10.0.17763.9115","7.8","Publicly Disclosed:No;Exploited:No;Latest Software Release:Exploitation More Likely","2026-08-11T07:00:00"
"CVE-2026-62713","5120238","11572","Windows Server 2019 (Server Core installation)","10.0.17763.9115","7.8","Publicly Disclosed:No;Exploited:No;Latest Software Release:Exploitation More Likely","2026-08-11T07:00:00"
"CVE-2026-62713","5120242","11923","Windows Server 2022","10.0.20348.5499","7.8","Publicly Disclosed:No;Exploited:No;Latest Software Release:Exploitation More Likely","2026-08-11T07:00:00"
"CVE-2026-62713","5120242","11924","Windows Server 2022 (Server Core installation)","10.0.20348.5499","7.8","Publicly Disclosed:No;Exploited:No;Latest Software Release:Exploitation More Likely","2026-08-11T07:00:00"
"CVE-2026-62713","5120229","11923","Windows Server 2022","10.0.20348.5440","7.8","Publicly Disclosed:No;Exploited:No;Latest Software Release:Exploitation More Likely","2026-08-11T07:00:00"
"CVE-2026-62713","5120229","11924","Windows Server 2022 (Server Core installation)","10.0.20348.5440","7.8","Publicly Disclosed:No;Exploited:No;Latest Software Release:Exploitation More Likely","2026-08-11T07:00:00"
"CVE-2026-62713","5120249","11929","Windows 10 Version 21H2 for 32-bit Systems","10.0.19044.7663","7.8","Publicly Disclosed:No;Exploited:No;Latest Software Release:Exploitation More Likely","2026-08-11T07:00:00"
"CVE-2026-62713","5120249","11930","Windows 10 Version 21H2 for ARM64-based Systems","10.0.19044.7663","7.8","Publicly Disclosed:No;Exploited:No;Latest Software Release:Exploitation More Likely","2026-08-11T07:00:00"
"CVE-2026-62713","5120249","11931","Windows 10 Version 21H2 for x64-based Systems","10.0.19044.7663","7.8","Publicly Disclosed:No;Exploited:No;Latest Software Release:Exploitation More Likely","2026-08-11T07:00:00"
"CVE-2026-62713","5120249","12097","Windows 10 Version 22H2 for x64-based Systems","10.0.19045.7663","7.8","Publicly Disclosed:No;Exploited:No;Latest Software Release:Exploitation More Likely","2026-08-11T07:00:00"
"CVE-2026-62713","5120249","12098","Windows 10 Version 22H2 for ARM64-based Systems","10.0.19045.7663","7.8","Publicly Disclosed:No;Exploited:No;Latest Software Release:Exploitation More Likely","2026-08-11T07:00:00"
"CVE-2026-62713","5120249","12099","Windows 10 Version 22H2 for 32-bit Systems","10.0.19045.7663","7.8","Publicly Disclosed:No;Exploited:No;Latest Software Release:Exploitation More Likely","2026-08-11T07:00:00"
"CVE-2026-62713","5120233","12437","Windows Server 2025 (Server Core installation)","10.0.26100.33296","7.8","Publicly Disclosed:No;Exploited:No;Latest Software Release:Exploitation More Likely","2026-08-11T07:00:00"
"CVE-2026-62713","5120233","12436","Windows Server 2025","10.0.26100.33296","7.8","Publicly Disclosed:No;Exploited:No;Latest Software Release:Exploitation More Likely","2026-08-11T07:00:00"
"CVE-2026-62713","5120228","12437","Windows Server 2025 (Server Core installation)","10.0.26100.33222","7.8","Publicly Disclosed:No;Exploited:No;Latest Software Release:Exploitation More Likely","2026-08-11T07:00:00"
"CVE-2026-62713","5120228","12436","Windows Server 2025","10.0.26100.33222","7.8","Publicly Disclosed:No;Exploited:No;Latest Software Release:Exploitation More Likely","2026-08-11T07:00:00"
"CVE-2026-62713","5120240","12242","Windows 11 Version 23H2 for ARM64-based Systems","10.0.22631.7517","7.8","Publicly Disclosed:No;Exploited:No;Latest Software Release:Exploitation More Likely","2026-08-11T07:00:00"
"CVE-2026-62713","5120240","12243","Windows 11 Version 23H2 for x64-based Systems","10.0.22631.7517","7.8","Publicly Disclosed:No;Exploited:No;Latest Software Release:Exploitation More Likely","2026-08-11T07:00:00"
"CVE-2026-62712","5120238","11571","Windows Server 2019","10.0.17763.9115","7.8","Publicly Disclosed:No;Exploited:No;Latest Software Release:Exploitation More Likely","2026-08-11T07:00:00"
"CVE-2026-62712","5120238","11572","Windows Server 2019 (Server Core installation)","10.0.17763.9115","7.8","Publicly Disclosed:No;Exploited:No;Latest Software Release:Exploitation More Likely","2026-08-11T07:00:00"
"CVE-2026-62712","5120242","11923","Windows Server 2022","10.0.20348.5499","7.8","Publicly Disclosed:No;Exploited:No;Latest Software Release:Exploitation More Likely","2026-08-11T07:00:00"
"CVE-2026-62712","5120242","11924","Windows Server 2022 (Server Core installation)","10.0.20348.5499","7.8","Publicly Disclosed:No;Exploited:No;Latest Software Release:Exploitation More Likely","2026-08-11T07:00:00"
"CVE-2026-62712","5120229","11923","Windows Server 2022","10.0.20348.5440","7.8","Publicly Disclosed:No;Exploited:No;Latest Software Release:Exploitation More Likely","2026-08-11T07:00:00"
"CVE-2026-62712","5120229","11924","Windows Server 2022 (Server Core installation)","10.0.20348.5440","7.8","Publicly Disclosed:No;Exploited:No;Latest Software Release:Exploitation More Likely","2026-08-11T07:00:00"
"CVE-2026-62712","5120249","11929","Windows 10 Version 21H2 for 32-bit Systems","10.0.19044.7663","7.8","Publicly Disclosed:No;Exploited:No;Latest Software Release:Exploitation More Likely","2026-08-11T07:00:00"
"CVE-2026-62712","5120249","11930","Windows 10 Version 21H2 for ARM64-based Systems","10.0.19044.7663","7.8","Publicly Disclosed:No;Exploited:No;Latest Software Release:Exploitation More Likely","2026-08-11T07:00:00"
"CVE-2026-62712","5120249","11931","Windows 10 Version 21H2 for x64-based Systems","10.0.19044.7663","7.8","Publicly Disclosed:No;Exploited:No;Latest Software Release:Exploitation More Likely","2026-08-11T07:00:00"
"CVE-2026-62712","5120249","12097","Windows 10 Version 22H2 for x64-based Systems","10.0.19045.7663","7.8","Publicly Disclosed:No;Exploited:No;Latest Software Release:Exploitation More Likely","2026-08-11T07:00:00"
"CVE-2026-62712","5120249","12098","Windows 10 Version 22H2 for ARM64-based Systems","10.0.19045.7663","7.8","Publicly Disclosed:No;Exploited:No;Latest Software Release:Exploitation More Likely","2026-08-11T07:00:00"
"CVE-2026-62712","5120249","12099","Windows 10 Version 22H2 for 32-bit Systems","10.0.19045.7663","7.8","Publicly Disclosed:No;Exploited:No;Latest Software Release:Exploitation More Likely","2026-08-11T07:00:00"
"CVE-2026-62712","5120233","12437","Windows Server 2025 (Server Core installation)","10.0.26100.33296","7.8","Publicly Disclosed:No;Exploited:No;Latest Software Release:Exploitation More Likely","2026-08-11T07:00:00"
"CVE-2026-62712","5120233","12436","Windows Server 2025","10.0.26100.33296","7.8","Publicly Disclosed:No;Exploited:No;Latest Software Release:Exploitation More Likely","2026-08-11T07:00:00"
"CVE-2026-62712","5120228","12437","Windows Server 2025 (Server Core installation)","10.0.26100.33222","7.8","Publicly Disclosed:No;Exploited:No;Latest Software Release:Exploitation More Likely","2026-08-11T07:00:00"
"CVE-2026-62712","5120228","12436","Windows Server 2025","10.0.26100.33222","7.8","Publicly Disclosed:No;Exploited:No;Latest Software Release:Exploitation More Likely","2026-08-11T07:00:00"
"CVE-2026-62712","5120240","12242","Windows 11 Version 23H2 for ARM64-based Systems","10.0.22631.7517","7.8","Publicly Disclosed:No;Exploited:No;Latest Software Release:Exploitation More Likely","2026-08-11T07:00:00"
"CVE-2026-62712","5120240","12243","Windows 11 Version 23H2 for x64-based Systems","10.0.22631.7517","7.8","Publicly Disclosed:No;Exploited:No;Latest Software Release:Exploitation More Likely","2026-08-11T07:00:00"
"CVE-2026-62712","5120418","10816","Windows Server 2016","10.0.14393.9418","7.8","Publicly Disclosed:No;Exploited:No;Latest Software Release:Exploitation More Likely","2026-08-11T07:00:00"
"CVE-2026-62712","5120418","10855","Windows Server 2016 (Server Core installation)","10.0.14393.9418","7.8","Publicly Disclosed:No;Exploited:No;Latest Software Release:Exploitation More Likely","2026-08-11T07:00:00"
"CVE-2026-62718","5120238","11571","Windows Server 2019","10.0.17763.9115","6.5","Publicly Disclosed:No;Exploited:No;Latest Software Release:Exploitation Unlikely","2026-08-11T07:00:00"
"CVE-2026-62718","5120238","11572","Windows Server 2019 (Server Core installation)","10.0.17763.9115","6.5","Publicly Disclosed:No;Exploited:No;Latest Software Release:Exploitation Unlikely","2026-08-11T07:00:00"
"CVE-2026-62718","5120242","11923","Windows Server 2022","10.0.20348.5499","6.5","Publicly Disclosed:No;Exploited:No;Latest Software Release:Exploitation Unlikely","2026-08-11T07:00:00"
"CVE-2026-62718","5120242","11924","Windows Server 2022 (Server Core installation)","10.0.20348.5499","6.5","Publicly Disclosed:No;Exploited:No;Latest Software Release:Exploitation Unlikely","2026-08-11T07:00:00"
"CVE-2026-62718","5120229","11923","Windows Server 2022","10.0.20348.5440","6.5","Publicly Disclosed:No;Exploited:No;Latest Software Release:Exploitation Unlikely","2026-08-11T07:00:00"
"CVE-2026-62718","5120229","11924","Windows Server 2022 (Server Core installation)","10.0.20348.5440","6.5","Publicly Disclosed:No;Exploited:No;Latest Software Release:Exploitation Unlikely","2026-08-11T07:00:00"
"CVE-2026-62718","5120233","12437","Windows Server 2025 (Server Core installation)","10.0.26100.33296","6.5","Publicly Disclosed:No;Exploited:No;Latest Software Release:Exploitation Unlikely","2026-08-11T07:00:00"
"CVE-2026-62718","5120233","12436","Windows Server 2025","10.0.26100.33296","6.5","Publicly Disclosed:No;Exploited:No;Latest Software Release:Exploitation Unlikely","2026-08-11T07:00:00"
"CVE-2026-62718","5120228","12437","Windows Server 2025 (Server Core installation)","10.0.26100.33222","6.5","Publicly Disclosed:No;Exploited:No;Latest Software Release:Exploitation Unlikely","2026-08-11T07:00:00"
"CVE-2026-62718","5120228","12436","Windows Server 2025","10.0.26100.33222","6.5","Publicly Disclosed:No;Exploited:No;Latest Software Release:Exploitation Unlikely","2026-08-11T07:00:00"
"CVE-2026-62718","5120418","10816","Windows Server 2016","10.0.14393.9418","6.5","Publicly Disclosed:No;Exploited:No;Latest Software Release:Exploitation Unlikely","2026-08-11T07:00:00"
"CVE-2026-62718","5120418","10855","Windows Server 2016 (Server Core installation)","10.0.14393.9418","6.5","Publicly Disclosed:No;Exploited:No;Latest Software Release:Exploitation Unlikely","2026-08-11T07:00:00"
"CVE-2026-62715","5120238","11571","Windows Server 2019","10.0.17763.9115","6.5","Publicly Disclosed:No;Exploited:No;Latest Software Release:Exploitation Unlikely","2026-08-11T07:00:00"
"CVE-2026-62715","5120238","11572","Windows Server 2019 (Server Core installation)","10.0.17763.9115","6.5","Publicly Disclosed:No;Exploited:No;Latest Software Release:Exploitation Unlikely","2026-08-11T07:00:00"
"CVE-2026-62715","5120242","11923","Windows Server 2022","10.0.20348.5499","6.5","Publicly Disclosed:No;Exploited:No;Latest Software Release:Exploitation Unlikely","2026-08-11T07:00:00"
"CVE-2026-62715","5120242","11924","Windows Server 2022 (Server Core installation)","10.0.20348.5499","6.5","Publicly Disclosed:No;Exploited:No;Latest Software Release:Exploitation Unlikely","2026-08-11T07:00:00"
"CVE-2026-62715","5120229","11923","Windows Server 2022","10.0.20348.5440","6.5","Publicly Disclosed:No;Exploited:No;Latest Software Release:Exploitation Unlikely","2026-08-11T07:00:00"
"CVE-2026-62715","5120229","11924","Windows Server 2022 (Server Core installation)","10.0.20348.5440","6.5","Publicly Disclosed:No;Exploited:No;Latest Software Release:Exploitation Unlikely","2026-08-11T07:00:00"
"CVE-2026-62715","5120233","12437","Windows Server 2025 (Server Core installation)","10.0.26100.33296","6.5","Publicly Disclosed:No;Exploited:No;Latest Software Release:Exploitation Unlikely","2026-08-11T07:00:00"
"CVE-2026-62715","5120233","12436","Windows Server 2025","10.0.26100.33296","6.5","Publicly Disclosed:No;Exploited:No;Latest Software Release:Exploitation Unlikely","2026-08-11T07:00:00"
"CVE-2026-62715","5120228","12437","Windows Server 2025 (Server Core installation)","10.0.26100.33222","6.5","Publicly Disclosed:No;Exploited:No;Latest Software Release:Exploitation Unlikely","2026-08-11T07:00:00"
"CVE-2026-62715","5120228","12436","Windows Server 2025","10.0.26100.33222","6.5","Publicly Disclosed:No;Exploited:No;Latest Software Release:Exploitation Unlikely","2026-08-11T07:00:00"
"CVE-2026-62715","5120418","10816","Windows Server 2016","10.0.14393.9418","6.5","Publicly Disclosed:No;Exploited:No;Latest Software Release:Exploitation Unlikely","2026-08-11T07:00:00"
"CVE-2026-62715","5120418","10855","Windows Server 2016 (Server Core installation)","10.0.14393.9418","6.5","Publicly Disclosed:No;Exploited:No;Latest Software Release:Exploitation Unlikely","2026-08-11T07:00:00"
"CVE-2026-62716","5120238","11571","Windows Server 2019","10.0.17763.9115","6.5","Publicly Disclosed:No;Exploited:No;Latest Software Release:Exploitation Unlikely","2026-08-11T07:00:00"
"CVE-2026-62716","5120238","11572","Windows Server 2019 (Server Core installation)","10.0.17763.9115","6.5","Publicly Disclosed:No;Exploited:No;Latest Software Release:Exploitation Unlikely","2026-08-11T07:00:00"
"CVE-2026-62716","5120242","11923","Windows Server 2022","10.0.20348.5499","6.5","Publicly Disclosed:No;Exploited:No;Latest Software Release:Exploitation Unlikely","2026-08-11T07:00:00"
"CVE-2026-62716","5120242","11924","Windows Server 2022 (Server Core installation)","10.0.20348.5499","6.5","Publicly Disclosed:No;Exploited:No;Latest Software Release:Exploitation Unlikely","2026-08-11T07:00:00"
"CVE-2026-62716","5120229","11923","Windows Server 2022","10.0.20348.5440","6.5","Publicly Disclosed:No;Exploited:No;Latest Software Release:Exploitation Unlikely","2026-08-11T07:00:00"
"CVE-2026-62716","5120229","11924","Windows Server 2022 (Server Core installation)","10.0.20348.5440","6.5","Publicly Disclosed:No;Exploited:No;Latest Software Release:Exploitation Unlikely","2026-08-11T07:00:00"
"CVE-2026-62716","5120233","12437","Windows Server 2025 (Server Core installation)","10.0.26100.33296","6.5","Publicly Disclosed:No;Exploited:No;Latest Software Release:Exploitation Unlikely","2026-08-11T07:00:00"
"CVE-2026-62716","5120233","12436","Windows Server 2025","10.0.26100.33296","6.5","Publicly Disclosed:No;Exploited:No;Latest Software Release:Exploitation Unlikely","2026-08-11T07:00:00"
"CVE-2026-62716","5120228","12437","Windows Server 2025 (Server Core installation)","10.0.26100.33222","6.5","Publicly Disclosed:No;Exploited:No;Latest Software Release:Exploitation Unlikely","2026-08-11T07:00:00"
"CVE-2026-62716","5120228","12436","Windows Server 2025","10.0.26100.33222","6.5","Publicly Disclosed:No;Exploited:No;Latest Software Release:Exploitation Unlikely","2026-08-11T07:00:00"
"CVE-2026-62716","5120418","10816","Windows Server 2016","10.0.14393.9418","6.5","Publicly Disclosed:No;Exploited:No;Latest Software Release:Exploitation Unlikely","2026-08-11T07:00:00"
"CVE-2026-62716","5120418","10855","Windows Server 2016 (Server Core installation)","10.0.14393.9418","6.5","Publicly Disclosed:No;Exploited:No;Latest Software Release:Exploitation Unlikely","2026-08-11T07:00:00"
"CVE-2026-62719","5120238","11571","Windows Server 2019","10.0.17763.9115","7.8","Publicly Disclosed:No;Exploited:No;Latest Software Release:Exploitation Less Likely","2026-08-11T07:00:00"
"CVE-2026-62719","5120238","11572","Windows Server 2019 (Server Core installation)","10.0.17763.9115","7.8","Publicly Disclosed:No;Exploited:No;Latest Software Release:Exploitation Less Likely","2026-08-11T07:00:00"
"CVE-2026-62719","5120242","11923","Windows Server 2022","10.0.20348.5499","7.8","Publicly Disclosed:No;Exploited:No;Latest Software Release:Exploitation Less Likely","2026-08-11T07:00:00"
"CVE-2026-62719","5120242","11924","Windows Server 2022 (Server Core installation)","10.0.20348.5499","7.8","Publicly Disclosed:No;Exploited:No;Latest Software Release:Exploitation Less Likely","2026-08-11T07:00:00"
"CVE-2026-62719","5120229","11923","Windows Server 2022","10.0.20348.5440","7.8","Publicly Disclosed:No;Exploited:No;Latest Software Release:Exploitation Less Likely","2026-08-11T07:00:00"
"CVE-2026-62719","5120229","11924","Windows Server 2022 (Server Core installation)","10.0.20348.5440","7.8","Publicly Disclosed:No;Exploited:No;Latest Software Release:Exploitation Less Likely","2026-08-11T07:00:00"
"CVE-2026-62719","5120249","11929","Windows 10 Version 21H2 for 32-bit Systems","10.0.19044.7663","7.8","Publicly Disclosed:No;Exploited:No;Latest Software Release:Exploitation Less Likely","2026-08-11T07:00:00"
"CVE-2026-62719","5120249","11930","Windows 10 Version 21H2 for ARM64-based Systems","10.0.19044.7663","7.8","Publicly Disclosed:No;Exploited:No;Latest Software Release:Exploitation Less Likely","2026-08-11T07:00:00"
"CVE-2026-62719","5120249","11931","Windows 10 Version 21H2 for x64-based Systems","10.0.19044.7663","7.8","Publicly Disclosed:No;Exploited:No;Latest Software Release:Exploitation Less Likely","2026-08-11T07:00:00"
"CVE-2026-62719","5120249","12097","Windows 10 Version 22H2 for x64-based Systems","10.0.19045.7663","7.8","Publicly Disclosed:No;Exploited:No;Latest Software Release:Exploitation Less Likely","2026-08-11T07:00:00"
"CVE-2026-62719","5120249","12098","Windows 10 Version 22H2 for ARM64-based Systems","10.0.19045.7663","7.8","Publicly Disclosed:No;Exploited:No;Latest Software Release:Exploitation Less Likely","2026-08-11T07:00:00"
"CVE-2026-62719","5120249","12099","Windows 10 Version 22H2 for 32-bit Systems","10.0.19045.7663","7.8","Publicly Disclosed:No;Exploited:No;Latest Software Release:Exploitation Less Likely","2026-08-11T07:00:00"
"CVE-2026-62719","5120233","12437","Windows Server 2025 (Server Core installation)","10.0.26100.33296","7.8","Publicly Disclosed:No;Exploited:No;Latest Software Release:Exploitation Less Likely","2026-08-11T07:00:00"
"CVE-2026-62719","5120233","12436","Windows Server 2025","10.0.26100.33296","7.8","Publicly Disclosed:No;Exploited:No;Latest Software Release:Exploitation Less Likely","2026-08-11T07:00:00"
"CVE-2026-62719","5120228","12437","Windows Server 2025 (Server Core installation)","10.0.26100.33222","7.8","Publicly Disclosed:No;Exploited:No;Latest Software Release:Exploitation Less Likely","2026-08-11T07:00:00"
"CVE-2026-62719","5120228","12436","Windows Server 2025","10.0.26100.33222","7.8","Publicly Disclosed:No;Exploited:No;Latest Software Release:Exploitation Less Likely","2026-08-11T07:00:00"
"CVE-2026-62719","5120240","12242","Windows 11 Version 23H2 for ARM64-based Systems","10.0.22631.7517","7.8","Publicly Disclosed:No;Exploited:No;Latest Software Release:Exploitation Less Likely","2026-08-11T07:00:00"
"CVE-2026-62719","5120240","12243","Windows 11 Version 23H2 for x64-based Systems","10.0.22631.7517","7.8","Publicly Disclosed:No;Exploited:No;Latest Software Release:Exploitation Less Likely","2026-08-11T07:00:00"
"CVE-2026-62719","5120418","10816","Windows Server 2016","10.0.14393.9418","7.8","Publicly Disclosed:No;Exploited:No;Latest Software Release:Exploitation Less Likely","2026-08-11T07:00:00"
"CVE-2026-62719","5120418","10855","Windows Server 2016 (Server Core installation)","10.0.14393.9418","7.8","Publicly Disclosed:No;Exploited:No;Latest Software Release:Exploitation Less Likely","2026-08-11T07:00:00"
"CVE-2026-62722","5120233","12437","Windows Server 2025 (Server Core installation)","10.0.26100.33296","7.8","Publicly Disclosed:No;Exploited:No;Latest Software Release:Exploitation Less Likely","2026-08-11T07:00:00"
"CVE-2026-62722","5120233","12436","Windows Server 2025","10.0.26100.33296","7.8","Publicly Disclosed:No;Exploited:No;Latest Software Release:Exploitation Less Likely","2026-08-11T07:00:00"
"CVE-2026-62722","5120228","12437","Windows Server 2025 (Server Core installation)","10.0.26100.33222","7.8","Publicly Disclosed:No;Exploited:No;Latest Software Release:Exploitation Less Likely","2026-08-11T07:00:00"
"CVE-2026-62722","5120228","12436","Windows Server 2025","10.0.26100.33222","7.8","Publicly Disclosed:No;Exploited:No;Latest Software Release:Exploitation Less Likely","2026-08-11T07:00:00"
"CVE-2026-62723","5120238","11571","Windows Server 2019","10.0.17763.9115","7.0","Publicly Disclosed:No;Exploited:No;Latest Software Release:Exploitation Less Likely","2026-08-11T07:00:00"
"CVE-2026-62723","5120238","11572","Windows Server 2019 (Server Core installation)","10.0.17763.9115","7.0","Publicly Disclosed:No;Exploited:No;Latest Software Release:Exploitation Less Likely","2026-08-11T07:00:00"
"CVE-2026-62723","5120242","11923","Windows Server 2022","10.0.20348.5499","7.0","Publicly Disclosed:No;Exploited:No;Latest Software Release:Exploitation Less Likely","2026-08-11T07:00:00"
"CVE-2026-62723","5120242","11924","Windows Server 2022 (Server Core installation)","10.0.20348.5499","7.0","Publicly Disclosed:No;Exploited:No;Latest Software Release:Exploitation Less Likely","2026-08-11T07:00:00"
"CVE-2026-62723","5120229","11923","Windows Server 2022","10.0.20348.5440","7.0","Publicly Disclosed:No;Exploited:No;Latest Software Release:Exploitation Less Likely","2026-08-11T07:00:00"
"CVE-2026-62723","5120229","11924","Windows Server 2022 (Server Core installation)","10.0.20348.5440","7.0","Publicly Disclosed:No;Exploited:No;Latest Software Release:Exploitation Less Likely","2026-08-11T07:00:00"
"CVE-2026-62723","5120249","11929","Windows 10 Version 21H2 for 32-bit Systems","10.0.19044.7663","7.0","Publicly Disclosed:No;Exploited:No;Latest Software Release:Exploitation Less Likely","2026-08-11T07:00:00"
"CVE-2026-62723","5120249","11930","Windows 10 Version 21H2 for ARM64-based Systems","10.0.19044.7663","7.0","Publicly Disclosed:No;Exploited:No;Latest Software Release:Exploitation Less Likely","2026-08-11T07:00:00"
"CVE-2026-62723","5120249","11931","Windows 10 Version 21H2 for x64-based Systems","10.0.19044.7663","7.0","Publicly Disclosed:No;Exploited:No;Latest Software Release:Exploitation Less Likely","2026-08-11T07:00:00"
"CVE-2026-62723","5120249","12097","Windows 10 Version 22H2 for x64-based Systems","10.0.19045.7663","7.0","Publicly Disclosed:No;Exploited:No;Latest Software Release:Exploitation Less Likely","2026-08-11T07:00:00"
"CVE-2026-62723","5120249","12098","Windows 10 Version 22H2 for ARM64-based Systems","10.0.19045.7663","7.0","Publicly Disclosed:No;Exploited:No;Latest Software Release:Exploitation Less Likely","2026-08-11T07:00:00"
"CVE-2026-62723","5120249","12099","Windows 10 Version 22H2 for 32-bit Systems","10.0.19045.7663","7.0","Publicly Disclosed:No;Exploited:No;Latest Software Release:Exploitation Less Likely","2026-08-11T07:00:00"
"CVE-2026-62723","5120233","12437","Windows Server 2025 (Server Core installation)","10.0.26100.33296","7.0","Publicly Disclosed:No;Exploited:No;Latest Software Release:Exploitation Less Likely","2026-08-11T07:00:00"
"CVE-2026-62723","5120233","12436","Windows Server 2025","10.0.26100.33296","7.0","Publicly Disclosed:No;Exploited:No;Latest Software Release:Exploitation Less Likely","2026-08-11T07:00:00"
"CVE-2026-62723","5120228","12437","Windows Server 2025 (Server Core installation)","10.0.26100.33222","7.0","Publicly Disclosed:No;Exploited:No;Latest Software Release:Exploitation Less Likely","2026-08-11T07:00:00"
"CVE-2026-62723","5120228","12436","Windows Server 2025","10.0.26100.33222","7.0","Publicly Disclosed:No;Exploited:No;Latest Software Release:Exploitation Less Likely","2026-08-11T07:00:00"
"CVE-2026-62723","5120240","12242","Windows 11 Version 23H2 for ARM64-based Systems","10.0.22631.7517","7.0","Publicly Disclosed:No;Exploited:No;Latest Software Release:Exploitation Less Likely","2026-08-11T07:00:00"
"CVE-2026-62723","5120240","12243","Windows 11 Version 23H2 for x64-based Systems","10.0.22631.7517","7.0","Publicly Disclosed:No;Exploited:No;Latest Software Release:Exploitation Less Likely","2026-08-11T07:00:00"
"CVE-2026-62723","5120418","10816","Windows Server 2016","10.0.14393.9418","7.0","Publicly Disclosed:No;Exploited:No;Latest Software Release:Exploitation Less Likely","2026-08-11T07:00:00"
"CVE-2026-62723","5120418","10855","Windows Server 2016 (Server Core installation)","10.0.14393.9418","7.0","Publicly Disclosed:No;Exploited:No;Latest Software Release:Exploitation Less Likely","2026-08-11T07:00:00"
"CVE-2026-62724","5120238","11571","Windows Server 2019","10.0.17763.9115","7.0","Publicly Disclosed:No;Exploited:No;Latest Software Release:Exploitation Less Likely","2026-08-11T07:00:00"
"CVE-2026-62724","5120238","11572","Windows Server 2019 (Server Core installation)","10.0.17763.9115","7.0","Publicly Disclosed:No;Exploited:No;Latest Software Release:Exploitation Less Likely","2026-08-11T07:00:00"
"CVE-2026-62724","5120242","11923","Windows Server 2022","10.0.20348.5499","7.0","Publicly Disclosed:No;Exploited:No;Latest Software Release:Exploitation Less Likely","2026-08-11T07:00:00"
"CVE-2026-62724","5120242","11924","Windows Server 2022 (Server Core installation)","10.0.20348.5499","7.0","Publicly Disclosed:No;Exploited:No;Latest Software Release:Exploitation Less Likely","2026-08-11T07:00:00"
"CVE-2026-62724","5120229","11923","Windows Server 2022","10.0.20348.5440","7.0","Publicly Disclosed:No;Exploited:No;Latest Software Release:Exploitation Less Likely","2026-08-11T07:00:00"
"CVE-2026-62724","5120229","11924","Windows Server 2022 (Server Core installation)","10.0.20348.5440","7.0","Publicly Disclosed:No;Exploited:No;Latest Software Release:Exploitation Less Likely","2026-08-11T07:00:00"
"CVE-2026-62724","5120249","11929","Windows 10 Version 21H2 for 32-bit Systems","10.0.19044.7663","7.0","Publicly Disclosed:No;Exploited:No;Latest Software Release:Exploitation Less Likely","2026-08-11T07:00:00"
"CVE-2026-62724","5120249","11930","Windows 10 Version 21H2 for ARM64-based Systems","10.0.19044.7663","7.0","Publicly Disclosed:No;Exploited:No;Latest Software Release:Exploitation Less Likely","2026-08-11T07:00:00"
"CVE-2026-62724","5120249","11931","Windows 10 Version 21H2 for x64-based Systems","10.0.19044.7663","7.0","Publicly Disclosed:No;Exploited:No;Latest Software Release:Exploitation Less Likely","2026-08-11T07:00:00"
"CVE-2026-62724","5120249","12097","Windows 10 Version 22H2 for x64-based Systems","10.0.19045.7663","7.0","Publicly Disclosed:No;Exploited:No;Latest Software Release:Exploitation Less Likely","2026-08-11T07:00:00"
"CVE-2026-62724","5120249","12098","Windows 10 Version 22H2 for ARM64-based Systems","10.0.19045.7663","7.0","Publicly Disclosed:No;Exploited:No;Latest Software Release:Exploitation Less Likely","2026-08-11T07:00:00"
"CVE-2026-62724","5120249","12099","Windows 10 Version 22H2 for 32-bit Systems","10.0.19045.7663","7.0","Publicly Disclosed:No;Exploited:No;Latest Software Release:Exploitation Less Likely","2026-08-11T07:00:00"
"CVE-2026-62724","5120233","12437","Windows Server 2025 (Server Core installation)","10.0.26100.33296","7.0","Publicly Disclosed:No;Exploited:No;Latest Software Release:Exploitation Less Likely","2026-08-11T07:00:00"
"CVE-2026-62724","5120233","12436","Windows Server 2025","10.0.26100.33296","7.0","Publicly Disclosed:No;Exploited:No;Latest Software Release:Exploitation Less Likely","2026-08-11T07:00:00"
"CVE-2026-62724","5120228","12437","Windows Server 2025 (Server Core installation)","10.0.26100.33222","7.0","Publicly Disclosed:No;Exploited:No;Latest Software Release:Exploitation Less Likely","2026-08-11T07:00:00"
"CVE-2026-62724","5120228","12436","Windows Server 2025","10.0.26100.33222","7.0","Publicly Disclosed:No;Exploited:No;Latest Software Release:Exploitation Less Likely","2026-08-11T07:00:00"
"CVE-2026-62724","5120240","12242","Windows 11 Version 23H2 for ARM64-based Systems","10.0.22631.7517","7.0","Publicly Disclosed:No;Exploited:No;Latest Software Release:Exploitation Less Likely","2026-08-11T07:00:00"
"CVE-2026-62724","5120240","12243","Windows 11 Version 23H2 for x64-based Systems","10.0.22631.7517","7.0","Publicly Disclosed:No;Exploited:No;Latest Software Release:Exploitation Less Likely","2026-08-11T07:00:00"
"CVE-2026-62724","5120418","10816","Windows Server 2016","10.0.14393.9418","7.0","Publicly Disclosed:No;Exploited:No;Latest Software Release:Exploitation Less Likely","2026-08-11T07:00:00"
"CVE-2026-62724","5120418","10855","Windows Server 2016 (Server Core installation)","10.0.14393.9418","7.0","Publicly Disclosed:No;Exploited:No;Latest Software Release:Exploitation Less Likely","2026-08-11T07:00:00"
"CVE-2026-62748","5120238","11571","Windows Server 2019","10.0.17763.9115","7.0","Publicly Disclosed:No;Exploited:No;Latest Software Release:Exploitation Unlikely","2026-08-11T07:00:00"
"CVE-2026-62748","5120238","11572","Windows Server 2019 (Server Core installation)","10.0.17763.9115","7.0","Publicly Disclosed:No;Exploited:No;Latest Software Release:Exploitation Unlikely","2026-08-11T07:00:00"
"CVE-2026-62748","5120242","11923","Windows Server 2022","10.0.20348.5499","7.0","Publicly Disclosed:No;Exploited:No;Latest Software Release:Exploitation Unlikely","2026-08-11T07:00:00"
"CVE-2026-62748","5120242","11924","Windows Server 2022 (Server Core installation)","10.0.20348.5499","7.0","Publicly Disclosed:No;Exploited:No;Latest Software Release:Exploitation Unlikely","2026-08-11T07:00:00"
"CVE-2026-62748","5120229","11923","Windows Server 2022","10.0.20348.5440","7.0","Publicly Disclosed:No;Exploited:No;Latest Software Release:Exploitation Unlikely","2026-08-11T07:00:00"
"CVE-2026-62748","5120229","11924","Windows Server 2022 (Server Core installation)","10.0.20348.5440","7.0","Publicly Disclosed:No;Exploited:No;Latest Software Release:Exploitation Unlikely","2026-08-11T07:00:00"
"CVE-2026-62748","5120249","11929","Windows 10 Version 21H2 for 32-bit Systems","10.0.19044.7663","7.0","Publicly Disclosed:No;Exploited:No;Latest Software Release:Exploitation Unlikely","2026-08-11T07:00:00"
"CVE-2026-62748","5120249","11930","Windows 10 Version 21H2 for ARM64-based Systems","10.0.19044.7663","7.0","Publicly Disclosed:No;Exploited:No;Latest Software Release:Exploitation Unlikely","2026-08-11T07:00:00"
"CVE-2026-62748","5120249","11931","Windows 10 Version 21H2 for x64-based Systems","10.0.19044.7663","7.0","Publicly Disclosed:No;Exploited:No;Latest Software Release:Exploitation Unlikely","2026-08-11T07:00:00"
"CVE-2026-62748","5120249","12097","Windows 10 Version 22H2 for x64-based Systems","10.0.19045.7663","7.0","Publicly Disclosed:No;Exploited:No;Latest Software Release:Exploitation Unlikely","2026-08-11T07:00:00"
"CVE-2026-62748","5120249","12098","Windows 10 Version 22H2 for ARM64-based Systems","10.0.19045.7663","7.0","Publicly Disclosed:No;Exploited:No;Latest Software Release:Exploitation Unlikely","2026-08-11T07:00:00"
"CVE-2026-62748","5120249","12099","Windows 10 Version 22H2 for 32-bit Systems","10.0.19045.7663","7.0","Publicly Disclosed:No;Exploited:No;Latest Software Release:Exploitation Unlikely","2026-08-11T07:00:00"
"CVE-2026-62748","5120233","12437","Windows Server 2025 (Server Core installation)","10.0.26100.33296","7.0","Publicly Disclosed:No;Exploited:No;Latest Software Release:Exploitation Unlikely","2026-08-11T07:00:00"
"CVE-2026-62748","5120233","12436","Windows Server 2025","10.0.26100.33296","7.0","Publicly Disclosed:No;Exploited:No;Latest Software Release:Exploitation Unlikely","2026-08-11T07:00:00"
"CVE-2026-62748","5120228","12437","Windows Server 2025 (Server Core installation)","10.0.26100.33222","7.0","Publicly Disclosed:No;Exploited:No;Latest Software Release:Exploitation Unlikely","2026-08-11T07:00:00"
"CVE-2026-62748","5120228","12436","Windows Server 2025","10.0.26100.33222","7.0","Publicly Disclosed:No;Exploited:No;Latest Software Release:Exploitation Unlikely","2026-08-11T07:00:00"
"CVE-2026-62748","5120240","12242","Windows 11 Version 23H2 for ARM64-based Systems","10.0.22631.7517","7.0","Publicly Disclosed:No;Exploited:No;Latest Software Release:Exploitation Unlikely","2026-08-11T07:00:00"
"CVE-2026-62748","5120240","12243","Windows 11 Version 23H2 for x64-based Systems","10.0.22631.7517","7.0","Publicly Disclosed:No;Exploited:No;Latest Software Release:Exploitation Unlikely","2026-08-11T07:00:00"
"CVE-2026-62748","5120418","10816","Windows Server 2016","10.0.14393.9418","7.0","Publicly Disclosed:No;Exploited:No;Latest Software Release:Exploitation Unlikely","2026-08-11T07:00:00"
"CVE-2026-62748","5120418","10855","Windows Server 2016 (Server Core installation)","10.0.14393.9418","7.0","Publicly Disclosed:No;Exploited:No;Latest Software Release:Exploitation Unlikely","2026-08-11T07:00:00"
"CVE-2026-62729","5120238","11571","Windows Server 2019","10.0.17763.9115","7.0","Publicly Disclosed:No;Exploited:No;Latest Software Release:Exploitation Unlikely","2026-08-11T07:00:00"
"CVE-2026-62729","5120238","11572","Windows Server 2019 (Server Core installation)","10.0.17763.9115","7.0","Publicly Disclosed:No;Exploited:No;Latest Software Release:Exploitation Unlikely","2026-08-11T07:00:00"
"CVE-2026-62729","5120242","11923","Windows Server 2022","10.0.20348.5499","7.0","Publicly Disclosed:No;Exploited:No;Latest Software Release:Exploitation Unlikely","2026-08-11T07:00:00"
"CVE-2026-62729","5120242","11924","Windows Server 2022 (Server Core installation)","10.0.20348.5499","7.0","Publicly Disclosed:No;Exploited:No;Latest Software Release:Exploitation Unlikely","2026-08-11T07:00:00"
"CVE-2026-62729","5120229","11923","Windows Server 2022","10.0.20348.5440","7.0","Publicly Disclosed:No;Exploited:No;Latest Software Release:Exploitation Unlikely","2026-08-11T07:00:00"
"CVE-2026-62729","5120229","11924","Windows Server 2022 (Server Core installation)","10.0.20348.5440","7.0","Publicly Disclosed:No;Exploited:No;Latest Software Release:Exploitation Unlikely","2026-08-11T07:00:00"
"CVE-2026-62729","5120249","11929","Windows 10 Version 21H2 for 32-bit Systems","10.0.19044.7663","7.0","Publicly Disclosed:No;Exploited:No;Latest Software Release:Exploitation Unlikely","2026-08-11T07:00:00"
"CVE-2026-62729","5120249","11930","Windows 10 Version 21H2 for ARM64-based Systems","10.0.19044.7663","7.0","Publicly Disclosed:No;Exploited:No;Latest Software Release:Exploitation Unlikely","2026-08-11T07:00:00"
"CVE-2026-62729","5120249","11931","Windows 10 Version 21H2 for x64-based Systems","10.0.19044.7663","7.0","Publicly Disclosed:No;Exploited:No;Latest Software Release:Exploitation Unlikely","2026-08-11T07:00:00"
"CVE-2026-62729","5120249","12097","Windows 10 Version 22H2 for x64-based Systems","10.0.19045.7663","7.0","Publicly Disclosed:No;Exploited:No;Latest Software Release:Exploitation Unlikely","2026-08-11T07:00:00"
"CVE-2026-62729","5120249","12098","Windows 10 Version 22H2 for ARM64-based Systems","10.0.19045.7663","7.0","Publicly Disclosed:No;Exploited:No;Latest Software Release:Exploitation Unlikely","2026-08-11T07:00:00"
"CVE-2026-62729","5120249","12099","Windows 10 Version 22H2 for 32-bit Systems","10.0.19045.7663","7.0","Publicly Disclosed:No;Exploited:No;Latest Software Release:Exploitation Unlikely","2026-08-11T07:00:00"
"CVE-2026-62729","5120233","12437","Windows Server 2025 (Server Core installation)","10.0.26100.33296","7.0","Publicly Disclosed:No;Exploited:No;Latest Software Release:Exploitation Unlikely","2026-08-11T07:00:00"
"CVE-2026-62729","5120233","12436","Windows Server 2025","10.0.26100.33296","7.0","Publicly Disclosed:No;Exploited:No;Latest Software Release:Exploitation Unlikely","2026-08-11T07:00:00"
"CVE-2026-62729","5120228","12437","Windows Server 2025 (Server Core installation)","10.0.26100.33222","7.0","Publicly Disclosed:No;Exploited:No;Latest Software Release:Exploitation Unlikely","2026-08-11T07:00:00"
"CVE-2026-62729","5120228","12436","Windows Server 2025","10.0.26100.33222","7.0","Publicly Disclosed:No;Exploited:No;Latest Software Release:Exploitation Unlikely","2026-08-11T07:00:00"
"CVE-2026-62729","5120240","12242","Windows 11 Version 23H2 for ARM64-based Systems","10.0.22631.7517","7.0","Publicly Disclosed:No;Exploited:No;Latest Software Release:Exploitation Unlikely","2026-08-11T07:00:00"
"CVE-2026-62729","5120240","12243","Windows 11 Version 23H2 for x64-based Systems","10.0.22631.7517","7.0","Publicly Disclosed:No;Exploited:No;Latest Software Release:Exploitation Unlikely","2026-08-11T07:00:00"
"CVE-2026-62729","5120418","10816","Windows Server 2016","10.0.14393.9418","7.0","Publicly Disclosed:No;Exploited:No;Latest Software Release:Exploitation Unlikely","2026-08-11T07:00:00"
"CVE-2026-62729","5120418","10855","Windows Server 2016 (Server Core installation)","10.0.14393.9418","7.0","Publicly Disclosed:No;Exploited:No;Latest Software Release:Exploitation Unlikely","2026-08-11T07:00:00"
"CVE-2026-62746","5120238","11571","Windows Server 2019","10.0.17763.9115","5.5","Publicly Disclosed:No;Exploited:No;Latest Software Release:Exploitation Less Likely","2026-08-11T07:00:00"
"CVE-2026-62746","5120238","11572","Windows Server 2019 (Server Core installation)","10.0.17763.9115","5.5","Publicly Disclosed:No;Exploited:No;Latest Software Release:Exploitation Less Likely","2026-08-11T07:00:00"
"CVE-2026-62746","5120242","11923","Windows Server 2022","10.0.20348.5499","5.5","Publicly Disclosed:No;Exploited:No;Latest Software Release:Exploitation Less Likely","2026-08-11T07:00:00"
"CVE-2026-62746","5120242","11924","Windows Server 2022 (Server Core installation)","10.0.20348.5499","5.5","Publicly Disclosed:No;Exploited:No;Latest Software Release:Exploitation Less Likely","2026-08-11T07:00:00"
"CVE-2026-62746","5120229","11923","Windows Server 2022","10.0.20348.5440","5.5","Publicly Disclosed:No;Exploited:No;Latest Software Release:Exploitation Less Likely","2026-08-11T07:00:00"
"CVE-2026-62746","5120229","11924","Windows Server 2022 (Server Core installation)","10.0.20348.5440","5.5","Publicly Disclosed:No;Exploited:No;Latest Software Release:Exploitation Less Likely","2026-08-11T07:00:00"
"CVE-2026-62746","5120249","11929","Windows 10 Version 21H2 for 32-bit Systems","10.0.19044.7663","5.5","Publicly Disclosed:No;Exploited:No;Latest Software Release:Exploitation Less Likely","2026-08-11T07:00:00"
"CVE-2026-62746","5120249","11930","Windows 10 Version 21H2 for ARM64-based Systems","10.0.19044.7663","5.5","Publicly Disclosed:No;Exploited:No;Latest Software Release:Exploitation Less Likely","2026-08-11T07:00:00"
"CVE-2026-62746","5120249","11931","Windows 10 Version 21H2 for x64-based Systems","10.0.19044.7663","5.5","Publicly Disclosed:No;Exploited:No;Latest Software Release:Exploitation Less Likely","2026-08-11T07:00:00"
"CVE-2026-62746","5120249","12097","Windows 10 Version 22H2 for x64-based Systems","10.0.19045.7663","5.5","Publicly Disclosed:No;Exploited:No;Latest Software Release:Exploitation Less Likely","2026-08-11T07:00:00"
"CVE-2026-62746","5120249","12098","Windows 10 Version 22H2 for ARM64-based Systems","10.0.19045.7663","5.5","Publicly Disclosed:No;Exploited:No;Latest Software Release:Exploitation Less Likely","2026-08-11T07:00:00"
"CVE-2026-62746","5120249","12099","Windows 10 Version 22H2 for 32-bit Systems","10.0.19045.7663","5.5","Publicly Disclosed:No;Exploited:No;Latest Software Release:Exploitation Less Likely","2026-08-11T07:00:00"
"CVE-2026-62746","5120233","12437","Windows Server 2025 (Server Core installation)","10.0.26100.33296","5.5","Publicly Disclosed:No;Exploited:No;Latest Software Release:Exploitation Less Likely","2026-08-11T07:00:00"
"CVE-2026-62746","5120233","12436","Windows Server 2025","10.0.26100.33296","5.5","Publicly Disclosed:No;Exploited:No;Latest Software Release:Exploitation Less Likely","2026-08-11T07:00:00"
"CVE-2026-62746","5120228","12437","Windows Server 2025 (Server Core installation)","10.0.26100.33222","5.5","Publicly Disclosed:No;Exploited:No;Latest Software Release:Exploitation Less Likely","2026-08-11T07:00:00"
"CVE-2026-62746","5120228","12436","Windows Server 2025","10.0.26100.33222","5.5","Publicly Disclosed:No;Exploited:No;Latest Software Release:Exploitation Less Likely","2026-08-11T07:00:00"
"CVE-2026-62746","5120240","12242","Windows 11 Version 23H2 for ARM64-based Systems","10.0.22631.7517","5.5","Publicly Disclosed:No;Exploited:No;Latest Software Release:Exploitation Less Likely","2026-08-11T07:00:00"
"CVE-2026-62746","5120240","12243","Windows 11 Version 23H2 for x64-based Systems","10.0.22631.7517","5.5","Publicly Disclosed:No;Exploited:No;Latest Software Release:Exploitation Less Likely","2026-08-11T07:00:00"
"CVE-2026-62746","5120418","10816","Windows Server 2016","10.0.14393.9418","5.5","Publicly Disclosed:No;Exploited:No;Latest Software Release:Exploitation Less Likely","2026-08-11T07:00:00"
"CVE-2026-62746","5120418","10855","Windows Server 2016 (Server Core installation)","10.0.14393.9418","5.5","Publicly Disclosed:No;Exploited:No;Latest Software Release:Exploitation Less Likely","2026-08-11T07:00:00"
"CVE-2026-62740","5120238","11571","Windows Server 2019","10.0.17763.9115","5.5","Publicly Disclosed:No;Exploited:No;Latest Software Release:Exploitation Less Likely","2026-08-11T07:00:00"
"CVE-2026-62740","5120238","11572","Windows Server 2019 (Server Core installation)","10.0.17763.9115","5.5","Publicly Disclosed:No;Exploited:No;Latest Software Release:Exploitation Less Likely","2026-08-11T07:00:00"
"CVE-2026-62740","5120242","11923","Windows Server 2022","10.0.20348.5499","5.5","Publicly Disclosed:No;Exploited:No;Latest Software Release:Exploitation Less Likely","2026-08-11T07:00:00"
"CVE-2026-62740","5120242","11924","Windows Server 2022 (Server Core installation)","10.0.20348.5499","5.5","Publicly Disclosed:No;Exploited:No;Latest Software Release:Exploitation Less Likely","2026-08-11T07:00:00"
"CVE-2026-62740","5120229","11923","Windows Server 2022","10.0.20348.5440","5.5","Publicly Disclosed:No;Exploited:No;Latest Software Release:Exploitation Less Likely","2026-08-11T07:00:00"
"CVE-2026-62740","5120229","11924","Windows Server 2022 (Server Core installation)","10.0.20348.5440","5.5","Publicly Disclosed:No;Exploited:No;Latest Software Release:Exploitation Less Likely","2026-08-11T07:00:00"
"CVE-2026-62740","5120249","11929","Windows 10 Version 21H2 for 32-bit Systems","10.0.19044.7663","5.5","Publicly Disclosed:No;Exploited:No;Latest Software Release:Exploitation Less Likely","2026-08-11T07:00:00"
"CVE-2026-62740","5120249","11930","Windows 10 Version 21H2 for ARM64-based Systems","10.0.19044.7663","5.5","Publicly Disclosed:No;Exploited:No;Latest Software Release:Exploitation Less Likely","2026-08-11T07:00:00"
"CVE-2026-62740","5120249","11931","Windows 10 Version 21H2 for x64-based Systems","10.0.19044.7663","5.5","Publicly Disclosed:No;Exploited:No;Latest Software Release:Exploitation Less Likely","2026-08-11T07:00:00"
"CVE-2026-62740","5120249","12097","Windows 10 Version 22H2 for x64-based Systems","10.0.19045.7663","5.5","Publicly Disclosed:No;Exploited:No;Latest Software Release:Exploitation Less Likely","2026-08-11T07:00:00"
"CVE-2026-62740","5120249","12098","Windows 10 Version 22H2 for ARM64-based Systems","10.0.19045.7663","5.5","Publicly Disclosed:No;Exploited:No;Latest Software Release:Exploitation Less Likely","2026-08-11T07:00:00"
"CVE-2026-62740","5120249","12099","Windows 10 Version 22H2 for 32-bit Systems","10.0.19045.7663","5.5","Publicly Disclosed:No;Exploited:No;Latest Software Release:Exploitation Less Likely","2026-08-11T07:00:00"
"CVE-2026-62740","5120233","12437","Windows Server 2025 (Server Core installation)","10.0.26100.33296","5.5","Publicly Disclosed:No;Exploited:No;Latest Software Release:Exploitation Less Likely","2026-08-11T07:00:00"
"CVE-2026-62740","5120233","12436","Windows Server 2025","10.0.26100.33296","5.5","Publicly Disclosed:No;Exploited:No;Latest Software Release:Exploitation Less Likely","2026-08-11T07:00:00"
"CVE-2026-62740","5120228","12437","Windows Server 2025 (Server Core installation)","10.0.26100.33222","5.5","Publicly Disclosed:No;Exploited:No;Latest Software Release:Exploitation Less Likely","2026-08-11T07:00:00"
"CVE-2026-62740","5120228","12436","Windows Server 2025","10.0.26100.33222","5.5","Publicly Disclosed:No;Exploited:No;Latest Software Release:Exploitation Less Likely","2026-08-11T07:00:00"
"CVE-2026-62740","5120240","12242","Windows 11 Version 23H2 for ARM64-based Systems","10.0.22631.7517","5.5","Publicly Disclosed:No;Exploited:No;Latest Software Release:Exploitation Less Likely","2026-08-11T07:00:00"
"CVE-2026-62740","5120240","12243","Windows 11 Version 23H2 for x64-based Systems","10.0.22631.7517","5.5","Publicly Disclosed:No;Exploited:No;Latest Software Release:Exploitation Less Likely","2026-08-11T07:00:00"
"CVE-2026-62740","5120418","10816","Windows Server 2016","10.0.14393.9418","5.5","Publicly Disclosed:No;Exploited:No;Latest Software Release:Exploitation Less Likely","2026-08-11T07:00:00"
"CVE-2026-62740","5120418","10855","Windows Server 2016 (Server Core installation)","10.0.14393.9418","5.5","Publicly Disclosed:No;Exploited:No;Latest Software Release:Exploitation Less Likely","2026-08-11T07:00:00"
"CVE-2026-62753","5120238","11571","Windows Server 2019","10.0.17763.9115","7.0","Publicly Disclosed:No;Exploited:No;Latest Software Release:Exploitation Unlikely","2026-08-11T07:00:00"
"CVE-2026-62753","5120238","11572","Windows Server 2019 (Server Core installation)","10.0.17763.9115","7.0","Publicly Disclosed:No;Exploited:No;Latest Software Release:Exploitation Unlikely","2026-08-11T07:00:00"
"CVE-2026-62753","5120242","11923","Windows Server 2022","10.0.20348.5499","7.0","Publicly Disclosed:No;Exploited:No;Latest Software Release:Exploitation Unlikely","2026-08-11T07:00:00"
"CVE-2026-62753","5120242","11924","Windows Server 2022 (Server Core installation)","10.0.20348.5499","7.0","Publicly Disclosed:No;Exploited:No;Latest Software Release:Exploitation Unlikely","2026-08-11T07:00:00"
"CVE-2026-62753","5120229","11923","Windows Server 2022","10.0.20348.5440","7.0","Publicly Disclosed:No;Exploited:No;Latest Software Release:Exploitation Unlikely","2026-08-11T07:00:00"
"CVE-2026-62753","5120229","11924","Windows Server 2022 (Server Core installation)","10.0.20348.5440","7.0","Publicly Disclosed:No;Exploited:No;Latest Software Release:Exploitation Unlikely","2026-08-11T07:00:00"
"CVE-2026-62753","5120249","11929","Windows 10 Version 21H2 for 32-bit Systems","10.0.19044.7663","7.0","Publicly Disclosed:No;Exploited:No;Latest Software Release:Exploitation Unlikely","2026-08-11T07:00:00"
"CVE-2026-62753","5120249","11930","Windows 10 Version 21H2 for ARM64-based Systems","10.0.19044.7663","7.0","Publicly Disclosed:No;Exploited:No;Latest Software Release:Exploitation Unlikely","2026-08-11T07:00:00"
"CVE-2026-62753","5120249","11931","Windows 10 Version 21H2 for x64-based Systems","10.0.19044.7663","7.0","Publicly Disclosed:No;Exploited:No;Latest Software Release:Exploitation Unlikely","2026-08-11T07:00:00"
"CVE-2026-62753","5120249","12097","Windows 10 Version 22H2 for x64-based Systems","10.0.19045.7663","7.0","Publicly Disclosed:No;Exploited:No;Latest Software Release:Exploitation Unlikely","2026-08-11T07:00:00"
"CVE-2026-62753","5120249","12098","Windows 10 Version 22H2 for ARM64-based Systems","10.0.19045.7663","7.0","Publicly Disclosed:No;Exploited:No;Latest Software Release:Exploitation Unlikely","2026-08-11T07:00:00"
"CVE-2026-62753","5120249","12099","Windows 10 Version 22H2 for 32-bit Systems","10.0.19045.7663","7.0","Publicly Disclosed:No;Exploited:No;Latest Software Release:Exploitation Unlikely","2026-08-11T07:00:00"
"CVE-2026-62753","5120233","12437","Windows Server 2025 (Server Core installation)","10.0.26100.33296","7.0","Publicly Disclosed:No;Exploited:No;Latest Software Release:Exploitation Unlikely","2026-08-11T07:00:00"
"CVE-2026-62753","5120233","12436","Windows Server 2025","10.0.26100.33296","7.0","Publicly Disclosed:No;Exploited:No;Latest Software Release:Exploitation Unlikely","2026-08-11T07:00:00"
"CVE-2026-62753","5120228","12437","Windows Server 2025 (Server Core installation)","10.0.26100.33222","7.0","Publicly Disclosed:No;Exploited:No;Latest Software Release:Exploitation Unlikely","2026-08-11T07:00:00"
"CVE-2026-62753","5120228","12436","Windows Server 2025","10.0.26100.33222","7.0","Publicly Disclosed:No;Exploited:No;Latest Software Release:Exploitation Unlikely","2026-08-11T07:00:00"
"CVE-2026-62753","5120240","12242","Windows 11 Version 23H2 for ARM64-based Systems","10.0.22631.7517","7.0","Publicly Disclosed:No;Exploited:No;Latest Software Release:Exploitation Unlikely","2026-08-11T07:00:00"
"CVE-2026-62753","5120240","12243","Windows 11 Version 23H2 for x64-based Systems","10.0.22631.7517","7.0","Publicly Disclosed:No;Exploited:No;Latest Software Release:Exploitation Unlikely","2026-08-11T07:00:00"
"CVE-2026-62753","5120418","10816","Windows Server 2016","10.0.14393.9418","7.0","Publicly Disclosed:No;Exploited:No;Latest Software Release:Exploitation Unlikely","2026-08-11T07:00:00"
"CVE-2026-62753","5120418","10855","Windows Server 2016 (Server Core installation)","10.0.14393.9418","7.0","Publicly Disclosed:No;Exploited:No;Latest Software Release:Exploitation Unlikely","2026-08-11T07:00:00"
"CVE-2026-62735","5120238","11571","Windows Server 2019","10.0.17763.9115","7.8","Publicly Disclosed:No;Exploited:No;Latest Software Release:Exploitation More Likely","2026-08-11T07:00:00"
"CVE-2026-62735","5120238","11572","Windows Server 2019 (Server Core installation)","10.0.17763.9115","7.8","Publicly Disclosed:No;Exploited:No;Latest Software Release:Exploitation More Likely","2026-08-11T07:00:00"
"CVE-2026-62735","5120242","11923","Windows Server 2022","10.0.20348.5499","7.8","Publicly Disclosed:No;Exploited:No;Latest Software Release:Exploitation More Likely","2026-08-11T07:00:00"
"CVE-2026-62735","5120242","11924","Windows Server 2022 (Server Core installation)","10.0.20348.5499","7.8","Publicly Disclosed:No;Exploited:No;Latest Software Release:Exploitation More Likely","2026-08-11T07:00:00"
"CVE-2026-62735","5120229","11923","Windows Server 2022","10.0.20348.5440","7.8","Publicly Disclosed:No;Exploited:No;Latest Software Release:Exploitation More Likely","2026-08-11T07:00:00"
"CVE-2026-62735","5120229","11924","Windows Server 2022 (Server Core installation)","10.0.20348.5440","7.8","Publicly Disclosed:No;Exploited:No;Latest Software Release:Exploitation More Likely","2026-08-11T07:00:00"
"CVE-2026-62735","5120249","11929","Windows 10 Version 21H2 for 32-bit Systems","10.0.19044.7663","7.8","Publicly Disclosed:No;Exploited:No;Latest Software Release:Exploitation More Likely","2026-08-11T07:00:00"
"CVE-2026-62735","5120249","11930","Windows 10 Version 21H2 for ARM64-based Systems","10.0.19044.7663","7.8","Publicly Disclosed:No;Exploited:No;Latest Software Release:Exploitation More Likely","2026-08-11T07:00:00"
"CVE-2026-62735","5120249","11931","Windows 10 Version 21H2 for x64-based Systems","10.0.19044.7663","7.8","Publicly Disclosed:No;Exploited:No;Latest Software Release:Exploitation More Likely","2026-08-11T07:00:00"
"CVE-2026-62735","5120249","12097","Windows 10 Version 22H2 for x64-based Systems","10.0.19045.7663","7.8","Publicly Disclosed:No;Exploited:No;Latest Software Release:Exploitation More Likely","2026-08-11T07:00:00"
"CVE-2026-62735","5120249","12098","Windows 10 Version 22H2 for ARM64-based Systems","10.0.19045.7663","7.8","Publicly Disclosed:No;Exploited:No;Latest Software Release:Exploitation More Likely","2026-08-11T07:00:00"
"CVE-2026-62735","5120249","12099","Windows 10 Version 22H2 for 32-bit Systems","10.0.19045.7663","7.8","Publicly Disclosed:No;Exploited:No;Latest Software Release:Exploitation More Likely","2026-08-11T07:00:00"
"CVE-2026-62735","5120233","12437","Windows Server 2025 (Server Core installation)","10.0.26100.33296","7.8","Publicly Disclosed:No;Exploited:No;Latest Software Release:Exploitation More Likely","2026-08-11T07:00:00"
"CVE-2026-62735","5120233","12436","Windows Server 2025","10.0.26100.33296","7.8","Publicly Disclosed:No;Exploited:No;Latest Software Release:Exploitation More Likely","2026-08-11T07:00:00"
"CVE-2026-62735","5120228","12437","Windows Server 2025 (Server Core installation)","10.0.26100.33222","7.8","Publicly Disclosed:No;Exploited:No;Latest Software Release:Exploitation More Likely","2026-08-11T07:00:00"
"CVE-2026-62735","5120228","12436","Windows Server 2025","10.0.26100.33222","7.8","Publicly Disclosed:No;Exploited:No;Latest Software Release:Exploitation More Likely","2026-08-11T07:00:00"
"CVE-2026-62735","5120240","12242","Windows 11 Version 23H2 for ARM64-based Systems","10.0.22631.7517","7.8","Publicly Disclosed:No;Exploited:No;Latest Software Release:Exploitation More Likely","2026-08-11T07:00:00"
"CVE-2026-62735","5120240","12243","Windows 11 Version 23H2 for x64-based Systems","10.0.22631.7517","7.8","Publicly Disclosed:No;Exploited:No;Latest Software Release:Exploitation More Likely","2026-08-11T07:00:00"
"CVE-2026-62735","5120418","10816","Windows Server 2016","10.0.14393.9418","7.8","Publicly Disclosed:No;Exploited:No;Latest Software Release:Exploitation More Likely","2026-08-11T07:00:00"
"CVE-2026-62735","5120418","10855","Windows Server 2016 (Server Core installation)","10.0.14393.9418","7.8","Publicly Disclosed:No;Exploited:No;Latest Software Release:Exploitation More Likely","2026-08-11T07:00:00"
"CVE-2026-62737","5120233","12437","Windows Server 2025 (Server Core installation)","10.0.26100.33296","7.8","Publicly Disclosed:No;Exploited:No;Latest Software Release:Exploitation More Likely","2026-08-11T07:00:00"
"CVE-2026-62737","5120233","12436","Windows Server 2025","10.0.26100.33296","7.8","Publicly Disclosed:No;Exploited:No;Latest Software Release:Exploitation More Likely","2026-08-11T07:00:00"
"CVE-2026-62737","5120228","12437","Windows Server 2025 (Server Core installation)","10.0.26100.33222","7.8","Publicly Disclosed:No;Exploited:No;Latest Software Release:Exploitation More Likely","2026-08-11T07:00:00"
"CVE-2026-62737","5120228","12436","Windows Server 2025","10.0.26100.33222","7.8","Publicly Disclosed:No;Exploited:No;Latest Software Release:Exploitation More Likely","2026-08-11T07:00:00"
"CVE-2026-62739","5120238","11571","Windows Server 2019","10.0.17763.9115","7.8","Publicly Disclosed:No;Exploited:No;Latest Software Release:Exploitation Unlikely","2026-08-11T07:00:00"
"CVE-2026-62739","5120238","11572","Windows Server 2019 (Server Core installation)","10.0.17763.9115","7.8","Publicly Disclosed:No;Exploited:No;Latest Software Release:Exploitation Unlikely","2026-08-11T07:00:00"
"CVE-2026-62739","5120242","11923","Windows Server 2022","10.0.20348.5499","7.8","Publicly Disclosed:No;Exploited:No;Latest Software Release:Exploitation Unlikely","2026-08-11T07:00:00"
"CVE-2026-62739","5120242","11924","Windows Server 2022 (Server Core installation)","10.0.20348.5499","7.8","Publicly Disclosed:No;Exploited:No;Latest Software Release:Exploitation Unlikely","2026-08-11T07:00:00"
"CVE-2026-62739","5120229","11923","Windows Server 2022","10.0.20348.5440","7.8","Publicly Disclosed:No;Exploited:No;Latest Software Release:Exploitation Unlikely","2026-08-11T07:00:00"
"CVE-2026-62739","5120229","11924","Windows Server 2022 (Server Core installation)","10.0.20348.5440","7.8","Publicly Disclosed:No;Exploited:No;Latest Software Release:Exploitation Unlikely","2026-08-11T07:00:00"
"CVE-2026-62739","5120249","11929","Windows 10 Version 21H2 for 32-bit Systems","10.0.19044.7663","7.8","Publicly Disclosed:No;Exploited:No;Latest Software Release:Exploitation Unlikely","2026-08-11T07:00:00"
"CVE-2026-62739","5120249","11930","Windows 10 Version 21H2 for ARM64-based Systems","10.0.19044.7663","7.8","Publicly Disclosed:No;Exploited:No;Latest Software Release:Exploitation Unlikely","2026-08-11T07:00:00"
"CVE-2026-62739","5120249","11931","Windows 10 Version 21H2 for x64-based Systems","10.0.19044.7663","7.8","Publicly Disclosed:No;Exploited:No;Latest Software Release:Exploitation Unlikely","2026-08-11T07:00:00"
"CVE-2026-62739","5120249","12097","Windows 10 Version 22H2 for x64-based Systems","10.0.19045.7663","7.8","Publicly Disclosed:No;Exploited:No;Latest Software Release:Exploitation Unlikely","2026-08-11T07:00:00"
"CVE-2026-62739","5120249","12098","Windows 10 Version 22H2 for ARM64-based Systems","10.0.19045.7663","7.8","Publicly Disclosed:No;Exploited:No;Latest Software Release:Exploitation Unlikely","2026-08-11T07:00:00"
"CVE-2026-62739","5120249","12099","Windows 10 Version 22H2 for 32-bit Systems","10.0.19045.7663","7.8","Publicly Disclosed:No;Exploited:No;Latest Software Release:Exploitation Unlikely","2026-08-11T07:00:00"
"CVE-2026-62739","5120233","12437","Windows Server 2025 (Server Core installation)","10.0.26100.33296","7.8","Publicly Disclosed:No;Exploited:No;Latest Software Release:Exploitation Unlikely","2026-08-11T07:00:00"
"CVE-2026-62739","5120233","12436","Windows Server 2025","10.0.26100.33296","7.8","Publicly Disclosed:No;Exploited:No;Latest Software Release:Exploitation Unlikely","2026-08-11T07:00:00"
"CVE-2026-62739","5120228","12437","Windows Server 2025 (Server Core installation)","10.0.26100.33222","7.8","Publicly Disclosed:No;Exploited:No;Latest Software Release:Exploitation Unlikely","2026-08-11T07:00:00"
"CVE-2026-62739","5120228","12436","Windows Server 2025","10.0.26100.33222","7.8","Publicly Disclosed:No;Exploited:No;Latest Software Release:Exploitation Unlikely","2026-08-11T07:00:00"
"CVE-2026-62739","5120240","12242","Windows 11 Version 23H2 for ARM64-based Systems","10.0.22631.7517","7.8","Publicly Disclosed:No;Exploited:No;Latest Software Release:Exploitation Unlikely","2026-08-11T07:00:00"
"CVE-2026-62739","5120240","12243","Windows 11 Version 23H2 for x64-based Systems","10.0.22631.7517","7.8","Publicly Disclosed:No;Exploited:No;Latest Software Release:Exploitation Unlikely","2026-08-11T07:00:00"
"CVE-2026-62742","5120238","11571","Windows Server 2019","10.0.17763.9115","6.5","Publicly Disclosed:No;Exploited:No;Latest Software Release:Exploitation Less Likely","2026-08-11T07:00:00"
"CVE-2026-62742","5120238","11572","Windows Server 2019 (Server Core installation)","10.0.17763.9115","6.5","Publicly Disclosed:No;Exploited:No;Latest Software Release:Exploitation Less Likely","2026-08-11T07:00:00"
"CVE-2026-62742","5120242","11923","Windows Server 2022","10.0.20348.5499","6.5","Publicly Disclosed:No;Exploited:No;Latest Software Release:Exploitation Less Likely","2026-08-11T07:00:00"
"CVE-2026-62742","5120242","11924","Windows Server 2022 (Server Core installation)","10.0.20348.5499","6.5","Publicly Disclosed:No;Exploited:No;Latest Software Release:Exploitation Less Likely","2026-08-11T07:00:00"
"CVE-2026-62742","5120229","11923","Windows Server 2022","10.0.20348.5440","6.5","Publicly Disclosed:No;Exploited:No;Latest Software Release:Exploitation Less Likely","2026-08-11T07:00:00"
"CVE-2026-62742","5120229","11924","Windows Server 2022 (Server Core installation)","10.0.20348.5440","6.5","Publicly Disclosed:No;Exploited:No;Latest Software Release:Exploitation Less Likely","2026-08-11T07:00:00"
"CVE-2026-62742","5120233","12437","Windows Server 2025 (Server Core installation)","10.0.26100.33296","6.5","Publicly Disclosed:No;Exploited:No;Latest Software Release:Exploitation Less Likely","2026-08-11T07:00:00"
"CVE-2026-62742","5120233","12436","Windows Server 2025","10.0.26100.33296","6.5","Publicly Disclosed:No;Exploited:No;Latest Software Release:Exploitation Less Likely","2026-08-11T07:00:00"
"CVE-2026-62742","5120228","12437","Windows Server 2025 (Server Core installation)","10.0.26100.33222","6.5","Publicly Disclosed:No;Exploited:No;Latest Software Release:Exploitation Less Likely","2026-08-11T07:00:00"
"CVE-2026-62742","5120228","12436","Windows Server 2025","10.0.26100.33222","6.5","Publicly Disclosed:No;Exploited:No;Latest Software Release:Exploitation Less Likely","2026-08-11T07:00:00"
"CVE-2026-62742","5120418","10816","Windows Server 2016","10.0.14393.9418","6.5","Publicly Disclosed:No;Exploited:No;Latest Software Release:Exploitation Less Likely","2026-08-11T07:00:00"
"CVE-2026-62742","5120418","10855","Windows Server 2016 (Server Core installation)","10.0.14393.9418","6.5","Publicly Disclosed:No;Exploited:No;Latest Software Release:Exploitation Less Likely","2026-08-11T07:00:00"
"CVE-2026-62745","5120238","11571","Windows Server 2019","10.0.17763.9115","6.5","Publicly Disclosed:No;Exploited:No;Latest Software Release:Exploitation Less Likely","2026-08-11T07:00:00"
"CVE-2026-62745","5120238","11572","Windows Server 2019 (Server Core installation)","10.0.17763.9115","6.5","Publicly Disclosed:No;Exploited:No;Latest Software Release:Exploitation Less Likely","2026-08-11T07:00:00"
"CVE-2026-62745","5120242","11923","Windows Server 2022","10.0.20348.5499","6.5","Publicly Disclosed:No;Exploited:No;Latest Software Release:Exploitation Less Likely","2026-08-11T07:00:00"
"CVE-2026-62745","5120242","11924","Windows Server 2022 (Server Core installation)","10.0.20348.5499","6.5","Publicly Disclosed:No;Exploited:No;Latest Software Release:Exploitation Less Likely","2026-08-11T07:00:00"
"CVE-2026-62745","5120229","11923","Windows Server 2022","10.0.20348.5440","6.5","Publicly Disclosed:No;Exploited:No;Latest Software Release:Exploitation Less Likely","2026-08-11T07:00:00"
"CVE-2026-62745","5120229","11924","Windows Server 2022 (Server Core installation)","10.0.20348.5440","6.5","Publicly Disclosed:No;Exploited:No;Latest Software Release:Exploitation Less Likely","2026-08-11T07:00:00"
"CVE-2026-62745","5120233","12437","Windows Server 2025 (Server Core installation)","10.0.26100.33296","6.5","Publicly Disclosed:No;Exploited:No;Latest Software Release:Exploitation Less Likely","2026-08-11T07:00:00"
"CVE-2026-62745","5120233","12436","Windows Server 2025","10.0.26100.33296","6.5","Publicly Disclosed:No;Exploited:No;Latest Software Release:Exploitation Less Likely","2026-08-11T07:00:00"
"CVE-2026-62745","5120228","12437","Windows Server 2025 (Server Core installation)","10.0.26100.33222","6.5","Publicly Disclosed:No;Exploited:No;Latest Software Release:Exploitation Less Likely","2026-08-11T07:00:00"
"CVE-2026-62745","5120228","12436","Windows Server 2025","10.0.26100.33222","6.5","Publicly Disclosed:No;Exploited:No;Latest Software Release:Exploitation Less Likely","2026-08-11T07:00:00"
"CVE-2026-62745","5120418","10816","Windows Server 2016","10.0.14393.9418","6.5","Publicly Disclosed:No;Exploited:No;Latest Software Release:Exploitation Less Likely","2026-08-11T07:00:00"
"CVE-2026-62745","5120418","10855","Windows Server 2016 (Server Core installation)","10.0.14393.9418","6.5","Publicly Disclosed:No;Exploited:No;Latest Software Release:Exploitation Less Likely","2026-08-11T07:00:00"
"CVE-2026-62747","5120238","11571","Windows Server 2019","10.0.17763.9115","7.8","Publicly Disclosed:No;Exploited:No;Latest Software Release:Exploitation Unlikely","2026-08-11T07:00:00"
"CVE-2026-62747","5120238","11572","Windows Server 2019 (Server Core installation)","10.0.17763.9115","7.8","Publicly Disclosed:No;Exploited:No;Latest Software Release:Exploitation Unlikely","2026-08-11T07:00:00"
"CVE-2026-62747","5120242","11923","Windows Server 2022","10.0.20348.5499","7.8","Publicly Disclosed:No;Exploited:No;Latest Software Release:Exploitation Unlikely","2026-08-11T07:00:00"
"CVE-2026-62747","5120242","11924","Windows Server 2022 (Server Core installation)","10.0.20348.5499","7.8","Publicly Disclosed:No;Exploited:No;Latest Software Release:Exploitation Unlikely","2026-08-11T07:00:00"
"CVE-2026-62747","5120229","11923","Windows Server 2022","10.0.20348.5440","7.8","Publicly Disclosed:No;Exploited:No;Latest Software Release:Exploitation Unlikely","2026-08-11T07:00:00"
"CVE-2026-62747","5120229","11924","Windows Server 2022 (Server Core installation)","10.0.20348.5440","7.8","Publicly Disclosed:No;Exploited:No;Latest Software Release:Exploitation Unlikely","2026-08-11T07:00:00"
"CVE-2026-62747","5120249","11929","Windows 10 Version 21H2 for 32-bit Systems","10.0.19044.7663","7.8","Publicly Disclosed:No;Exploited:No;Latest Software Release:Exploitation Unlikely","2026-08-11T07:00:00"
"CVE-2026-62747","5120249","11930","Windows 10 Version 21H2 for ARM64-based Systems","10.0.19044.7663","7.8","Publicly Disclosed:No;Exploited:No;Latest Software Release:Exploitation Unlikely","2026-08-11T07:00:00"
"CVE-2026-62747","5120249","11931","Windows 10 Version 21H2 for x64-based Systems","10.0.19044.7663","7.8","Publicly Disclosed:No;Exploited:No;Latest Software Release:Exploitation Unlikely","2026-08-11T07:00:00"
"CVE-2026-62747","5120249","12097","Windows 10 Version 22H2 for x64-based Systems","10.0.19045.7663","7.8","Publicly Disclosed:No;Exploited:No;Latest Software Release:Exploitation Unlikely","2026-08-11T07:00:00"
"CVE-2026-62747","5120249","12098","Windows 10 Version 22H2 for ARM64-based Systems","10.0.19045.7663","7.8","Publicly Disclosed:No;Exploited:No;Latest Software Release:Exploitation Unlikely","2026-08-11T07:00:00"
"CVE-2026-62747","5120249","12099","Windows 10 Version 22H2 for 32-bit Systems","10.0.19045.7663","7.8","Publicly Disclosed:No;Exploited:No;Latest Software Release:Exploitation Unlikely","2026-08-11T07:00:00"
"CVE-2026-62747","5120233","12437","Windows Server 2025 (Server Core installation)","10.0.26100.33296","7.8","Publicly Disclosed:No;Exploited:No;Latest Software Release:Exploitation Unlikely","2026-08-11T07:00:00"
"CVE-2026-62747","5120233","12436","Windows Server 2025","10.0.26100.33296","7.8","Publicly Disclosed:No;Exploited:No;Latest Software Release:Exploitation Unlikely","2026-08-11T07:00:00"
"CVE-2026-62747","5120228","12437","Windows Server 2025 (Server Core installation)","10.0.26100.33222","7.8","Publicly Disclosed:No;Exploited:No;Latest Software Release:Exploitation Unlikely","2026-08-11T07:00:00"
"CVE-2026-62747","5120228","12436","Windows Server 2025","10.0.26100.33222","7.8","Publicly Disclosed:No;Exploited:No;Latest Software Release:Exploitation Unlikely","2026-08-11T07:00:00"
"CVE-2026-62747","5120240","12242","Windows 11 Version 23H2 for ARM64-based Systems","10.0.22631.7517","7.8","Publicly Disclosed:No;Exploited:No;Latest Software Release:Exploitation Unlikely","2026-08-11T07:00:00"
"CVE-2026-62747","5120240","12243","Windows 11 Version 23H2 for x64-based Systems","10.0.22631.7517","7.8","Publicly Disclosed:No;Exploited:No;Latest Software Release:Exploitation Unlikely","2026-08-11T07:00:00"
"CVE-2026-62747","5120418","10816","Windows Server 2016","10.0.14393.9418","7.8","Publicly Disclosed:No;Exploited:No;Latest Software Release:Exploitation Unlikely","2026-08-11T07:00:00"
"CVE-2026-62747","5120418","10855","Windows Server 2016 (Server Core installation)","10.0.14393.9418","7.8","Publicly Disclosed:No;Exploited:No;Latest Software Release:Exploitation Unlikely","2026-08-11T07:00:00"
"CVE-2026-62750","5120238","11571","Windows Server 2019","10.0.17763.9115","6.5","Publicly Disclosed:No;Exploited:No;Latest Software Release:Exploitation Unlikely","2026-08-11T07:00:00"
"CVE-2026-62750","5120238","11572","Windows Server 2019 (Server Core installation)","10.0.17763.9115","6.5","Publicly Disclosed:No;Exploited:No;Latest Software Release:Exploitation Unlikely","2026-08-11T07:00:00"
"CVE-2026-62750","5120242","11923","Windows Server 2022","10.0.20348.5499","6.5","Publicly Disclosed:No;Exploited:No;Latest Software Release:Exploitation Unlikely","2026-08-11T07:00:00"
"CVE-2026-62750","5120242","11924","Windows Server 2022 (Server Core installation)","10.0.20348.5499","6.5","Publicly Disclosed:No;Exploited:No;Latest Software Release:Exploitation Unlikely","2026-08-11T07:00:00"
"CVE-2026-62750","5120229","11923","Windows Server 2022","10.0.20348.5440","6.5","Publicly Disclosed:No;Exploited:No;Latest Software Release:Exploitation Unlikely","2026-08-11T07:00:00"
"CVE-2026-62750","5120229","11924","Windows Server 2022 (Server Core installation)","10.0.20348.5440","6.5","Publicly Disclosed:No;Exploited:No;Latest Software Release:Exploitation Unlikely","2026-08-11T07:00:00"
"CVE-2026-62750","5120249","11929","Windows 10 Version 21H2 for 32-bit Systems","10.0.19044.7663","6.5","Publicly Disclosed:No;Exploited:No;Latest Software Release:Exploitation Unlikely","2026-08-11T07:00:00"
"CVE-2026-62750","5120249","11930","Windows 10 Version 21H2 for ARM64-based Systems","10.0.19044.7663","6.5","Publicly Disclosed:No;Exploited:No;Latest Software Release:Exploitation Unlikely","2026-08-11T07:00:00"
"CVE-2026-62750","5120249","11931","Windows 10 Version 21H2 for x64-based Systems","10.0.19044.7663","6.5","Publicly Disclosed:No;Exploited:No;Latest Software Release:Exploitation Unlikely","2026-08-11T07:00:00"
"CVE-2026-62750","5120249","12097","Windows 10 Version 22H2 for x64-based Systems","10.0.19045.7663","6.5","Publicly Disclosed:No;Exploited:No;Latest Software Release:Exploitation Unlikely","2026-08-11T07:00:00"
"CVE-2026-62750","5120249","12098","Windows 10 Version 22H2 for ARM64-based Systems","10.0.19045.7663","6.5","Publicly Disclosed:No;Exploited:No;Latest Software Release:Exploitation Unlikely","2026-08-11T07:00:00"
"CVE-2026-62750","5120249","12099","Windows 10 Version 22H2 for 32-bit Systems","10.0.19045.7663","6.5","Publicly Disclosed:No;Exploited:No;Latest Software Release:Exploitation Unlikely","2026-08-11T07:00:00"
"CVE-2026-62750","5120233","12437","Windows Server 2025 (Server Core installation)","10.0.26100.33296","6.5","Publicly Disclosed:No;Exploited:No;Latest Software Release:Exploitation Unlikely","2026-08-11T07:00:00"
"CVE-2026-62750","5120233","12436","Windows Server 2025","10.0.26100.33296","6.5","Publicly Disclosed:No;Exploited:No;Latest Software Release:Exploitation Unlikely","2026-08-11T07:00:00"
"CVE-2026-62750","5120228","12437","Windows Server 2025 (Server Core installation)","10.0.26100.33222","6.5","Publicly Disclosed:No;Exploited:No;Latest Software Release:Exploitation Unlikely","2026-08-11T07:00:00"
"CVE-2026-62750","5120228","12436","Windows Server 2025","10.0.26100.33222","6.5","Publicly Disclosed:No;Exploited:No;Latest Software Release:Exploitation Unlikely","2026-08-11T07:00:00"
"CVE-2026-62750","5120240","12242","Windows 11 Version 23H2 for ARM64-based Systems","10.0.22631.7517","6.5","Publicly Disclosed:No;Exploited:No;Latest Software Release:Exploitation Unlikely","2026-08-11T07:00:00"
"CVE-2026-62750","5120240","12243","Windows 11 Version 23H2 for x64-based Systems","10.0.22631.7517","6.5","Publicly Disclosed:No;Exploited:No;Latest Software Release:Exploitation Unlikely","2026-08-11T07:00:00"
"CVE-2026-62750","5120418","10816","Windows Server 2016","10.0.14393.9418","6.5","Publicly Disclosed:No;Exploited:No;Latest Software Release:Exploitation Unlikely","2026-08-11T07:00:00"
"CVE-2026-62750","5120418","10855","Windows Server 2016 (Server Core installation)","10.0.14393.9418","6.5","Publicly Disclosed:No;Exploited:No;Latest Software Release:Exploitation Unlikely","2026-08-11T07:00:00"
"CVE-2026-62754","5120238","11571","Windows Server 2019","10.0.17763.9115","7.8","Publicly Disclosed:No;Exploited:No;Latest Software Release:Exploitation Unlikely","2026-08-11T07:00:00"
"CVE-2026-62754","5120238","11572","Windows Server 2019 (Server Core installation)","10.0.17763.9115","7.8","Publicly Disclosed:No;Exploited:No;Latest Software Release:Exploitation Unlikely","2026-08-11T07:00:00"
"CVE-2026-62754","5120242","11923","Windows Server 2022","10.0.20348.5499","7.8","Publicly Disclosed:No;Exploited:No;Latest Software Release:Exploitation Unlikely","2026-08-11T07:00:00"
"CVE-2026-62754","5120242","11924","Windows Server 2022 (Server Core installation)","10.0.20348.5499","7.8","Publicly Disclosed:No;Exploited:No;Latest Software Release:Exploitation Unlikely","2026-08-11T07:00:00"
"CVE-2026-62754","5120229","11923","Windows Server 2022","10.0.20348.5440","7.8","Publicly Disclosed:No;Exploited:No;Latest Software Release:Exploitation Unlikely","2026-08-11T07:00:00"
"CVE-2026-62754","5120229","11924","Windows Server 2022 (Server Core installation)","10.0.20348.5440","7.8","Publicly Disclosed:No;Exploited:No;Latest Software Release:Exploitation Unlikely","2026-08-11T07:00:00"
"CVE-2026-62754","5120249","11929","Windows 10 Version 21H2 for 32-bit Systems","10.0.19044.7663","7.8","Publicly Disclosed:No;Exploited:No;Latest Software Release:Exploitation Unlikely","2026-08-11T07:00:00"
"CVE-2026-62754","5120249","11930","Windows 10 Version 21H2 for ARM64-based Systems","10.0.19044.7663","7.8","Publicly Disclosed:No;Exploited:No;Latest Software Release:Exploitation Unlikely","2026-08-11T07:00:00"
"CVE-2026-62754","5120249","11931","Windows 10 Version 21H2 for x64-based Systems","10.0.19044.7663","7.8","Publicly Disclosed:No;Exploited:No;Latest Software Release:Exploitation Unlikely","2026-08-11T07:00:00"
"CVE-2026-62754","5120249","12097","Windows 10 Version 22H2 for x64-based Systems","10.0.19045.7663","7.8","Publicly Disclosed:No;Exploited:No;Latest Software Release:Exploitation Unlikely","2026-08-11T07:00:00"
"CVE-2026-62754","5120249","12098","Windows 10 Version 22H2 for ARM64-based Systems","10.0.19045.7663","7.8","Publicly Disclosed:No;Exploited:No;Latest Software Release:Exploitation Unlikely","2026-08-11T07:00:00"
"CVE-2026-62754","5120249","12099","Windows 10 Version 22H2 for 32-bit Systems","10.0.19045.7663","7.8","Publicly Disclosed:No;Exploited:No;Latest Software Release:Exploitation Unlikely","2026-08-11T07:00:00"
"CVE-2026-62754","5120233","12437","Windows Server 2025 (Server Core installation)","10.0.26100.33296","7.8","Publicly Disclosed:No;Exploited:No;Latest Software Release:Exploitation Unlikely","2026-08-11T07:00:00"
"CVE-2026-62754","5120233","12436","Windows Server 2025","10.0.26100.33296","7.8","Publicly Disclosed:No;Exploited:No;Latest Software Release:Exploitation Unlikely","2026-08-11T07:00:00"
"CVE-2026-62754","5120418","10816","Windows Server 2016","10.0.14393.9418","7.8","Publicly Disclosed:No;Exploited:No;Latest Software Release:Exploitation Unlikely","2026-08-11T07:00:00"
"CVE-2026-62754","5120418","10855","Windows Server 2016 (Server Core installation)","10.0.14393.9418","7.8","Publicly Disclosed:No;Exploited:No;Latest Software Release:Exploitation Unlikely","2026-08-11T07:00:00"
"CVE-2026-62783","5120238","11571","Windows Server 2019","10.0.17763.9115","7.8","Publicly Disclosed:No;Exploited:No;Latest Software Release:Exploitation More Likely","2026-08-11T07:00:00"
"CVE-2026-62783","5120238","11572","Windows Server 2019 (Server Core installation)","10.0.17763.9115","7.8","Publicly Disclosed:No;Exploited:No;Latest Software Release:Exploitation More Likely","2026-08-11T07:00:00"
"CVE-2026-62783","5120242","11923","Windows Server 2022","10.0.20348.5499","7.8","Publicly Disclosed:No;Exploited:No;Latest Software Release:Exploitation More Likely","2026-08-11T07:00:00"
"CVE-2026-62783","5120242","11924","Windows Server 2022 (Server Core installation)","10.0.20348.5499","7.8","Publicly Disclosed:No;Exploited:No;Latest Software Release:Exploitation More Likely","2026-08-11T07:00:00"
"CVE-2026-62783","5120229","11923","Windows Server 2022","10.0.20348.5440","7.8","Publicly Disclosed:No;Exploited:No;Latest Software Release:Exploitation More Likely","2026-08-11T07:00:00"
"CVE-2026-62783","5120229","11924","Windows Server 2022 (Server Core installation)","10.0.20348.5440","7.8","Publicly Disclosed:No;Exploited:No;Latest Software Release:Exploitation More Likely","2026-08-11T07:00:00"
"CVE-2026-62783","5120249","11929","Windows 10 Version 21H2 for 32-bit Systems","10.0.19044.7663","7.8","Publicly Disclosed:No;Exploited:No;Latest Software Release:Exploitation More Likely","2026-08-11T07:00:00"
"CVE-2026-62783","5120249","11930","Windows 10 Version 21H2 for ARM64-based Systems","10.0.19044.7663","7.8","Publicly Disclosed:No;Exploited:No;Latest Software Release:Exploitation More Likely","2026-08-11T07:00:00"
"CVE-2026-62783","5120249","11931","Windows 10 Version 21H2 for x64-based Systems","10.0.19044.7663","7.8","Publicly Disclosed:No;Exploited:No;Latest Software Release:Exploitation More Likely","2026-08-11T07:00:00"
"CVE-2026-62783","5120249","12097","Windows 10 Version 22H2 for x64-based Systems","10.0.19045.7663","7.8","Publicly Disclosed:No;Exploited:No;Latest Software Release:Exploitation More Likely","2026-08-11T07:00:00"
"CVE-2026-62783","5120249","12098","Windows 10 Version 22H2 for ARM64-based Systems","10.0.19045.7663","7.8","Publicly Disclosed:No;Exploited:No;Latest Software Release:Exploitation More Likely","2026-08-11T07:00:00"
"CVE-2026-62783","5120249","12099","Windows 10 Version 22H2 for 32-bit Systems","10.0.19045.7663","7.8","Publicly Disclosed:No;Exploited:No;Latest Software Release:Exploitation More Likely","2026-08-11T07:00:00"
"CVE-2026-62783","5120233","12437","Windows Server 2025 (Server Core installation)","10.0.26100.33296","7.8","Publicly Disclosed:No;Exploited:No;Latest Software Release:Exploitation More Likely","2026-08-11T07:00:00"
"CVE-2026-62783","5120233","12436","Windows Server 2025","10.0.26100.33296","7.8","Publicly Disclosed:No;Exploited:No;Latest Software Release:Exploitation More Likely","2026-08-11T07:00:00"
"CVE-2026-62783","5120228","12437","Windows Server 2025 (Server Core installation)","10.0.26100.33222","7.8","Publicly Disclosed:No;Exploited:No;Latest Software Release:Exploitation More Likely","2026-08-11T07:00:00"
"CVE-2026-62783","5120228","12436","Windows Server 2025","10.0.26100.33222","7.8","Publicly Disclosed:No;Exploited:No;Latest Software Release:Exploitation More Likely","2026-08-11T07:00:00"
"CVE-2026-62783","5120240","12242","Windows 11 Version 23H2 for ARM64-based Systems","10.0.22631.7517","7.8","Publicly Disclosed:No;Exploited:No;Latest Software Release:Exploitation More Likely","2026-08-11T07:00:00"
"CVE-2026-62783","5120240","12243","Windows 11 Version 23H2 for x64-based Systems","10.0.22631.7517","7.8","Publicly Disclosed:No;Exploited:No;Latest Software Release:Exploitation More Likely","2026-08-11T07:00:00"
"CVE-2026-62755","5120238","11571","Windows Server 2019","10.0.17763.9115","7.8","Publicly Disclosed:No;Exploited:No;Latest Software Release:Exploitation Less Likely","2026-08-11T07:00:00"
"CVE-2026-62755","5120238","11572","Windows Server 2019 (Server Core installation)","10.0.17763.9115","7.8","Publicly Disclosed:No;Exploited:No;Latest Software Release:Exploitation Less Likely","2026-08-11T07:00:00"
"CVE-2026-62755","5120242","11923","Windows Server 2022","10.0.20348.5499","7.8","Publicly Disclosed:No;Exploited:No;Latest Software Release:Exploitation Less Likely","2026-08-11T07:00:00"
"CVE-2026-62755","5120242","11924","Windows Server 2022 (Server Core installation)","10.0.20348.5499","7.8","Publicly Disclosed:No;Exploited:No;Latest Software Release:Exploitation Less Likely","2026-08-11T07:00:00"
"CVE-2026-62755","5120229","11923","Windows Server 2022","10.0.20348.5440","7.8","Publicly Disclosed:No;Exploited:No;Latest Software Release:Exploitation Less Likely","2026-08-11T07:00:00"
"CVE-2026-62755","5120229","11924","Windows Server 2022 (Server Core installation)","10.0.20348.5440","7.8","Publicly Disclosed:No;Exploited:No;Latest Software Release:Exploitation Less Likely","2026-08-11T07:00:00"
"CVE-2026-62755","5120249","11929","Windows 10 Version 21H2 for 32-bit Systems","10.0.19044.7663","7.8","Publicly Disclosed:No;Exploited:No;Latest Software Release:Exploitation Less Likely","2026-08-11T07:00:00"
"CVE-2026-62755","5120249","11930","Windows 10 Version 21H2 for ARM64-based Systems","10.0.19044.7663","7.8","Publicly Disclosed:No;Exploited:No;Latest Software Release:Exploitation Less Likely","2026-08-11T07:00:00"
"CVE-2026-62755","5120249","11931","Windows 10 Version 21H2 for x64-based Systems","10.0.19044.7663","7.8","Publicly Disclosed:No;Exploited:No;Latest Software Release:Exploitation Less Likely","2026-08-11T07:00:00"
"CVE-2026-62755","5120249","12097","Windows 10 Version 22H2 for x64-based Systems","10.0.19045.7663","7.8","Publicly Disclosed:No;Exploited:No;Latest Software Release:Exploitation Less Likely","2026-08-11T07:00:00"
"CVE-2026-62755","5120249","12098","Windows 10 Version 22H2 for ARM64-based Systems","10.0.19045.7663","7.8","Publicly Disclosed:No;Exploited:No;Latest Software Release:Exploitation Less Likely","2026-08-11T07:00:00"
"CVE-2026-62755","5120249","12099","Windows 10 Version 22H2 for 32-bit Systems","10.0.19045.7663","7.8","Publicly Disclosed:No;Exploited:No;Latest Software Release:Exploitation Less Likely","2026-08-11T07:00:00"
"CVE-2026-62755","5120233","12437","Windows Server 2025 (Server Core installation)","10.0.26100.33296","7.8","Publicly Disclosed:No;Exploited:No;Latest Software Release:Exploitation Less Likely","2026-08-11T07:00:00"
"CVE-2026-62755","5120233","12436","Windows Server 2025","10.0.26100.33296","7.8","Publicly Disclosed:No;Exploited:No;Latest Software Release:Exploitation Less Likely","2026-08-11T07:00:00"
"CVE-2026-62755","5120228","12437","Windows Server 2025 (Server Core installation)","10.0.26100.33222","7.8","Publicly Disclosed:No;Exploited:No;Latest Software Release:Exploitation Less Likely","2026-08-11T07:00:00"
"CVE-2026-62755","5120228","12436","Windows Server 2025","10.0.26100.33222","7.8","Publicly Disclosed:No;Exploited:No;Latest Software Release:Exploitation Less Likely","2026-08-11T07:00:00"
"CVE-2026-62755","5120240","12242","Windows 11 Version 23H2 for ARM64-based Systems","10.0.22631.7517","7.8","Publicly Disclosed:No;Exploited:No;Latest Software Release:Exploitation Less Likely","2026-08-11T07:00:00"
"CVE-2026-62755","5120240","12243","Windows 11 Version 23H2 for x64-based Systems","10.0.22631.7517","7.8","Publicly Disclosed:No;Exploited:No;Latest Software Release:Exploitation Less Likely","2026-08-11T07:00:00"
"CVE-2026-62755","5120418","10816","Windows Server 2016","10.0.14393.9418","7.8","Publicly Disclosed:No;Exploited:No;Latest Software Release:Exploitation Less Likely","2026-08-11T07:00:00"
"CVE-2026-62755","5120418","10855","Windows Server 2016 (Server Core installation)","10.0.14393.9418","7.8","Publicly Disclosed:No;Exploited:No;Latest Software Release:Exploitation Less Likely","2026-08-11T07:00:00"
"CVE-2026-62758","5120238","11571","Windows Server 2019","10.0.17763.9115","7.8","Publicly Disclosed:No;Exploited:No;Latest Software Release:Exploitation Unlikely","2026-08-11T07:00:00"
"CVE-2026-62758","5120238","11572","Windows Server 2019 (Server Core installation)","10.0.17763.9115","7.8","Publicly Disclosed:No;Exploited:No;Latest Software Release:Exploitation Unlikely","2026-08-11T07:00:00"
"CVE-2026-62758","5120242","11923","Windows Server 2022","10.0.20348.5499","7.8","Publicly Disclosed:No;Exploited:No;Latest Software Release:Exploitation Unlikely","2026-08-11T07:00:00"
"CVE-2026-62758","5120242","11924","Windows Server 2022 (Server Core installation)","10.0.20348.5499","7.8","Publicly Disclosed:No;Exploited:No;Latest Software Release:Exploitation Unlikely","2026-08-11T07:00:00"
"CVE-2026-62758","5120229","11923","Windows Server 2022","10.0.20348.5440","7.8","Publicly Disclosed:No;Exploited:No;Latest Software Release:Exploitation Unlikely","2026-08-11T07:00:00"
"CVE-2026-62758","5120229","11924","Windows Server 2022 (Server Core installation)","10.0.20348.5440","7.8","Publicly Disclosed:No;Exploited:No;Latest Software Release:Exploitation Unlikely","2026-08-11T07:00:00"
"CVE-2026-62758","5120249","11929","Windows 10 Version 21H2 for 32-bit Systems","10.0.19044.7663","7.8","Publicly Disclosed:No;Exploited:No;Latest Software Release:Exploitation Unlikely","2026-08-11T07:00:00"
"CVE-2026-62758","5120249","11930","Windows 10 Version 21H2 for ARM64-based Systems","10.0.19044.7663","7.8","Publicly Disclosed:No;Exploited:No;Latest Software Release:Exploitation Unlikely","2026-08-11T07:00:00"
"CVE-2026-62758","5120249","11931","Windows 10 Version 21H2 for x64-based Systems","10.0.19044.7663","7.8","Publicly Disclosed:No;Exploited:No;Latest Software Release:Exploitation Unlikely","2026-08-11T07:00:00"
"CVE-2026-62758","5120249","12097","Windows 10 Version 22H2 for x64-based Systems","10.0.19045.7663","7.8","Publicly Disclosed:No;Exploited:No;Latest Software Release:Exploitation Unlikely","2026-08-11T07:00:00"
"CVE-2026-62758","5120249","12098","Windows 10 Version 22H2 for ARM64-based Systems","10.0.19045.7663","7.8","Publicly Disclosed:No;Exploited:No;Latest Software Release:Exploitation Unlikely","2026-08-11T07:00:00"
"CVE-2026-62758","5120249","12099","Windows 10 Version 22H2 for 32-bit Systems","10.0.19045.7663","7.8","Publicly Disclosed:No;Exploited:No;Latest Software Release:Exploitation Unlikely","2026-08-11T07:00:00"
"CVE-2026-62758","5120233","12437","Windows Server 2025 (Server Core installation)","10.0.26100.33296","7.8","Publicly Disclosed:No;Exploited:No;Latest Software Release:Exploitation Unlikely","2026-08-11T07:00:00"
"CVE-2026-62758","5120233","12436","Windows Server 2025","10.0.26100.33296","7.8","Publicly Disclosed:No;Exploited:No;Latest Software Release:Exploitation Unlikely","2026-08-11T07:00:00"
"CVE-2026-62758","5120228","12437","Windows Server 2025 (Server Core installation)","10.0.26100.33222","7.8","Publicly Disclosed:No;Exploited:No;Latest Software Release:Exploitation Unlikely","2026-08-11T07:00:00"
"CVE-2026-62758","5120228","12436","Windows Server 2025","10.0.26100.33222","7.8","Publicly Disclosed:No;Exploited:No;Latest Software Release:Exploitation Unlikely","2026-08-11T07:00:00"
"CVE-2026-62758","5120240","12242","Windows 11 Version 23H2 for ARM64-based Systems","10.0.22631.7517","7.8","Publicly Disclosed:No;Exploited:No;Latest Software Release:Exploitation Unlikely","2026-08-11T07:00:00"
"CVE-2026-62758","5120240","12243","Windows 11 Version 23H2 for x64-based Systems","10.0.22631.7517","7.8","Publicly Disclosed:No;Exploited:No;Latest Software Release:Exploitation Unlikely","2026-08-11T07:00:00"
"CVE-2026-62758","5120418","10816","Windows Server 2016","10.0.14393.9418","7.8","Publicly Disclosed:No;Exploited:No;Latest Software Release:Exploitation Unlikely","2026-08-11T07:00:00"
"CVE-2026-62758","5120418","10855","Windows Server 2016 (Server Core installation)","10.0.14393.9418","7.8","Publicly Disclosed:No;Exploited:No;Latest Software Release:Exploitation Unlikely","2026-08-11T07:00:00"
"CVE-2026-62766","5120233","12437","Windows Server 2025 (Server Core installation)","10.0.26100.33296","7.0","Publicly Disclosed:No;Exploited:No;Latest Software Release:Exploitation More Likely","2026-08-11T07:00:00"
"CVE-2026-62766","5120233","12436","Windows Server 2025","10.0.26100.33296","7.0","Publicly Disclosed:No;Exploited:No;Latest Software Release:Exploitation More Likely","2026-08-11T07:00:00"
"CVE-2026-62766","5120228","12437","Windows Server 2025 (Server Core installation)","10.0.26100.33222","7.0","Publicly Disclosed:No;Exploited:No;Latest Software Release:Exploitation More Likely","2026-08-11T07:00:00"
"CVE-2026-62766","5120228","12436","Windows Server 2025","10.0.26100.33222","7.0","Publicly Disclosed:No;Exploited:No;Latest Software Release:Exploitation More Likely","2026-08-11T07:00:00"
"CVE-2026-62773","5120238","11571","Windows Server 2019","10.0.17763.9115","7.0","Publicly Disclosed:No;Exploited:No;Latest Software Release:Exploitation Less Likely","2026-08-11T07:00:00"
"CVE-2026-62773","5120238","11572","Windows Server 2019 (Server Core installation)","10.0.17763.9115","7.0","Publicly Disclosed:No;Exploited:No;Latest Software Release:Exploitation Less Likely","2026-08-11T07:00:00"
"CVE-2026-62773","5120242","11923","Windows Server 2022","10.0.20348.5499","7.0","Publicly Disclosed:No;Exploited:No;Latest Software Release:Exploitation Less Likely","2026-08-11T07:00:00"
"CVE-2026-62773","5120242","11924","Windows Server 2022 (Server Core installation)","10.0.20348.5499","7.0","Publicly Disclosed:No;Exploited:No;Latest Software Release:Exploitation Less Likely","2026-08-11T07:00:00"
"CVE-2026-62773","5120229","11923","Windows Server 2022","10.0.20348.5440","7.0","Publicly Disclosed:No;Exploited:No;Latest Software Release:Exploitation Less Likely","2026-08-11T07:00:00"
"CVE-2026-62773","5120229","11924","Windows Server 2022 (Server Core installation)","10.0.20348.5440","7.0","Publicly Disclosed:No;Exploited:No;Latest Software Release:Exploitation Less Likely","2026-08-11T07:00:00"
"CVE-2026-62773","5120249","11929","Windows 10 Version 21H2 for 32-bit Systems","10.0.19044.7663","7.0","Publicly Disclosed:No;Exploited:No;Latest Software Release:Exploitation Less Likely","2026-08-11T07:00:00"
"CVE-2026-62773","5120249","11930","Windows 10 Version 21H2 for ARM64-based Systems","10.0.19044.7663","7.0","Publicly Disclosed:No;Exploited:No;Latest Software Release:Exploitation Less Likely","2026-08-11T07:00:00"
"CVE-2026-62773","5120249","11931","Windows 10 Version 21H2 for x64-based Systems","10.0.19044.7663","7.0","Publicly Disclosed:No;Exploited:No;Latest Software Release:Exploitation Less Likely","2026-08-11T07:00:00"
"CVE-2026-62773","5120249","12097","Windows 10 Version 22H2 for x64-based Systems","10.0.19045.7663","7.0","Publicly Disclosed:No;Exploited:No;Latest Software Release:Exploitation Less Likely","2026-08-11T07:00:00"
"CVE-2026-62773","5120249","12098","Windows 10 Version 22H2 for ARM64-based Systems","10.0.19045.7663","7.0","Publicly Disclosed:No;Exploited:No;Latest Software Release:Exploitation Less Likely","2026-08-11T07:00:00"
"CVE-2026-62773","5120249","12099","Windows 10 Version 22H2 for 32-bit Systems","10.0.19045.7663","7.0","Publicly Disclosed:No;Exploited:No;Latest Software Release:Exploitation Less Likely","2026-08-11T07:00:00"
"CVE-2026-62773","5120233","12437","Windows Server 2025 (Server Core installation)","10.0.26100.33296","7.0","Publicly Disclosed:No;Exploited:No;Latest Software Release:Exploitation Less Likely","2026-08-11T07:00:00"
"CVE-2026-62773","5120233","12436","Windows Server 2025","10.0.26100.33296","7.0","Publicly Disclosed:No;Exploited:No;Latest Software Release:Exploitation Less Likely","2026-08-11T07:00:00"
"CVE-2026-62773","5120228","12437","Windows Server 2025 (Server Core installation)","10.0.26100.33222","7.0","Publicly Disclosed:No;Exploited:No;Latest Software Release:Exploitation Less Likely","2026-08-11T07:00:00"
"CVE-2026-62773","5120228","12436","Windows Server 2025","10.0.26100.33222","7.0","Publicly Disclosed:No;Exploited:No;Latest Software Release:Exploitation Less Likely","2026-08-11T07:00:00"
"CVE-2026-62773","5120240","12242","Windows 11 Version 23H2 for ARM64-based Systems","10.0.22631.7517","7.0","Publicly Disclosed:No;Exploited:No;Latest Software Release:Exploitation Less Likely","2026-08-11T07:00:00"
"CVE-2026-62773","5120240","12243","Windows 11 Version 23H2 for x64-based Systems","10.0.22631.7517","7.0","Publicly Disclosed:No;Exploited:No;Latest Software Release:Exploitation Less Likely","2026-08-11T07:00:00"
"CVE-2026-62773","5120418","10816","Windows Server 2016","10.0.14393.9418","7.0","Publicly Disclosed:No;Exploited:No;Latest Software Release:Exploitation Less Likely","2026-08-11T07:00:00"
"CVE-2026-62773","5120418","10855","Windows Server 2016 (Server Core installation)","10.0.14393.9418","7.0","Publicly Disclosed:No;Exploited:No;Latest Software Release:Exploitation Less Likely","2026-08-11T07:00:00"
"CVE-2026-62774","5120238","11571","Windows Server 2019","10.0.17763.9115","7.0","Publicly Disclosed:No;Exploited:No;Latest Software Release:Exploitation Less Likely","2026-08-11T07:00:00"
"CVE-2026-62774","5120238","11572","Windows Server 2019 (Server Core installation)","10.0.17763.9115","7.0","Publicly Disclosed:No;Exploited:No;Latest Software Release:Exploitation Less Likely","2026-08-11T07:00:00"
"CVE-2026-62774","5120242","11923","Windows Server 2022","10.0.20348.5499","7.0","Publicly Disclosed:No;Exploited:No;Latest Software Release:Exploitation Less Likely","2026-08-11T07:00:00"
"CVE-2026-62774","5120242","11924","Windows Server 2022 (Server Core installation)","10.0.20348.5499","7.0","Publicly Disclosed:No;Exploited:No;Latest Software Release:Exploitation Less Likely","2026-08-11T07:00:00"
"CVE-2026-62774","5120229","11923","Windows Server 2022","10.0.20348.5440","7.0","Publicly Disclosed:No;Exploited:No;Latest Software Release:Exploitation Less Likely","2026-08-11T07:00:00"
"CVE-2026-62774","5120229","11924","Windows Server 2022 (Server Core installation)","10.0.20348.5440","7.0","Publicly Disclosed:No;Exploited:No;Latest Software Release:Exploitation Less Likely","2026-08-11T07:00:00"
"CVE-2026-62774","5120249","11929","Windows 10 Version 21H2 for 32-bit Systems","10.0.19044.7663","7.0","Publicly Disclosed:No;Exploited:No;Latest Software Release:Exploitation Less Likely","2026-08-11T07:00:00"
"CVE-2026-62774","5120249","11930","Windows 10 Version 21H2 for ARM64-based Systems","10.0.19044.7663","7.0","Publicly Disclosed:No;Exploited:No;Latest Software Release:Exploitation Less Likely","2026-08-11T07:00:00"
"CVE-2026-62774","5120249","11931","Windows 10 Version 21H2 for x64-based Systems","10.0.19044.7663","7.0","Publicly Disclosed:No;Exploited:No;Latest Software Release:Exploitation Less Likely","2026-08-11T07:00:00"
"CVE-2026-62774","5120249","12097","Windows 10 Version 22H2 for x64-based Systems","10.0.19045.7663","7.0","Publicly Disclosed:No;Exploited:No;Latest Software Release:Exploitation Less Likely","2026-08-11T07:00:00"
"CVE-2026-62774","5120249","12098","Windows 10 Version 22H2 for ARM64-based Systems","10.0.19045.7663","7.0","Publicly Disclosed:No;Exploited:No;Latest Software Release:Exploitation Less Likely","2026-08-11T07:00:00"
"CVE-2026-62774","5120249","12099","Windows 10 Version 22H2 for 32-bit Systems","10.0.19045.7663","7.0","Publicly Disclosed:No;Exploited:No;Latest Software Release:Exploitation Less Likely","2026-08-11T07:00:00"
"CVE-2026-62774","5120233","12437","Windows Server 2025 (Server Core installation)","10.0.26100.33296","7.0","Publicly Disclosed:No;Exploited:No;Latest Software Release:Exploitation Less Likely","2026-08-11T07:00:00"
"CVE-2026-62774","5120233","12436","Windows Server 2025","10.0.26100.33296","7.0","Publicly Disclosed:No;Exploited:No;Latest Software Release:Exploitation Less Likely","2026-08-11T07:00:00"
"CVE-2026-62774","5120228","12437","Windows Server 2025 (Server Core installation)","10.0.26100.33222","7.0","Publicly Disclosed:No;Exploited:No;Latest Software Release:Exploitation Less Likely","2026-08-11T07:00:00"
"CVE-2026-62774","5120228","12436","Windows Server 2025","10.0.26100.33222","7.0","Publicly Disclosed:No;Exploited:No;Latest Software Release:Exploitation Less Likely","2026-08-11T07:00:00"
"CVE-2026-62774","5120240","12242","Windows 11 Version 23H2 for ARM64-based Systems","10.0.22631.7517","7.0","Publicly Disclosed:No;Exploited:No;Latest Software Release:Exploitation Less Likely","2026-08-11T07:00:00"
"CVE-2026-62774","5120240","12243","Windows 11 Version 23H2 for x64-based Systems","10.0.22631.7517","7.0","Publicly Disclosed:No;Exploited:No;Latest Software Release:Exploitation Less Likely","2026-08-11T07:00:00"
"CVE-2026-62774","5120418","10816","Windows Server 2016","10.0.14393.9418","7.0","Publicly Disclosed:No;Exploited:No;Latest Software Release:Exploitation Less Likely","2026-08-11T07:00:00"
"CVE-2026-62774","5120418","10855","Windows Server 2016 (Server Core installation)","10.0.14393.9418","7.0","Publicly Disclosed:No;Exploited:No;Latest Software Release:Exploitation Less Likely","2026-08-11T07:00:00"
"CVE-2026-62785","5120238","11571","Windows Server 2019","10.0.17763.9115","8.8","Publicly Disclosed:No;Exploited:No;Latest Software Release:Exploitation Unlikely","2026-08-11T07:00:00"
"CVE-2026-62785","5120238","11572","Windows Server 2019 (Server Core installation)","10.0.17763.9115","8.8","Publicly Disclosed:No;Exploited:No;Latest Software Release:Exploitation Unlikely","2026-08-11T07:00:00"
"CVE-2026-62785","5120242","11923","Windows Server 2022","10.0.20348.5499","8.8","Publicly Disclosed:No;Exploited:No;Latest Software Release:Exploitation Unlikely","2026-08-11T07:00:00"
"CVE-2026-62785","5120242","11924","Windows Server 2022 (Server Core installation)","10.0.20348.5499","8.8","Publicly Disclosed:No;Exploited:No;Latest Software Release:Exploitation Unlikely","2026-08-11T07:00:00"
"CVE-2026-62785","5120229","11923","Windows Server 2022","10.0.20348.5440","8.8","Publicly Disclosed:No;Exploited:No;Latest Software Release:Exploitation Unlikely","2026-08-11T07:00:00"
"CVE-2026-62785","5120229","11924","Windows Server 2022 (Server Core installation)","10.0.20348.5440","8.8","Publicly Disclosed:No;Exploited:No;Latest Software Release:Exploitation Unlikely","2026-08-11T07:00:00"
"CVE-2026-62785","5120249","11929","Windows 10 Version 21H2 for 32-bit Systems","10.0.19044.7663","8.8","Publicly Disclosed:No;Exploited:No;Latest Software Release:Exploitation Unlikely","2026-08-11T07:00:00"
"CVE-2026-62785","5120249","11930","Windows 10 Version 21H2 for ARM64-based Systems","10.0.19044.7663","8.8","Publicly Disclosed:No;Exploited:No;Latest Software Release:Exploitation Unlikely","2026-08-11T07:00:00"
"CVE-2026-62785","5120249","11931","Windows 10 Version 21H2 for x64-based Systems","10.0.19044.7663","8.8","Publicly Disclosed:No;Exploited:No;Latest Software Release:Exploitation Unlikely","2026-08-11T07:00:00"
"CVE-2026-62785","5120249","12097","Windows 10 Version 22H2 for x64-based Systems","10.0.19045.7663","8.8","Publicly Disclosed:No;Exploited:No;Latest Software Release:Exploitation Unlikely","2026-08-11T07:00:00"
"CVE-2026-62785","5120249","12098","Windows 10 Version 22H2 for ARM64-based Systems","10.0.19045.7663","8.8","Publicly Disclosed:No;Exploited:No;Latest Software Release:Exploitation Unlikely","2026-08-11T07:00:00"
"CVE-2026-62785","5120249","12099","Windows 10 Version 22H2 for 32-bit Systems","10.0.19045.7663","8.8","Publicly Disclosed:No;Exploited:No;Latest Software Release:Exploitation Unlikely","2026-08-11T07:00:00"
"CVE-2026-62785","5120233","12437","Windows Server 2025 (Server Core installation)","10.0.26100.33296","8.8","Publicly Disclosed:No;Exploited:No;Latest Software Release:Exploitation Unlikely","2026-08-11T07:00:00"
"CVE-2026-62785","5120233","12436","Windows Server 2025","10.0.26100.33296","8.8","Publicly Disclosed:No;Exploited:No;Latest Software Release:Exploitation Unlikely","2026-08-11T07:00:00"
"CVE-2026-62785","5120228","12437","Windows Server 2025 (Server Core installation)","10.0.26100.33222","8.8","Publicly Disclosed:No;Exploited:No;Latest Software Release:Exploitation Unlikely","2026-08-11T07:00:00"
"CVE-2026-62785","5120228","12436","Windows Server 2025","10.0.26100.33222","8.8","Publicly Disclosed:No;Exploited:No;Latest Software Release:Exploitation Unlikely","2026-08-11T07:00:00"
"CVE-2026-62785","5120240","12242","Windows 11 Version 23H2 for ARM64-based Systems","10.0.22631.7517","8.8","Publicly Disclosed:No;Exploited:No;Latest Software Release:Exploitation Unlikely","2026-08-11T07:00:00"
"CVE-2026-62785","5120240","12243","Windows 11 Version 23H2 for x64-based Systems","10.0.22631.7517","8.8","Publicly Disclosed:No;Exploited:No;Latest Software Release:Exploitation Unlikely","2026-08-11T07:00:00"
"CVE-2026-62785","5120418","10816","Windows Server 2016","10.0.14393.9418","8.8","Publicly Disclosed:No;Exploited:No;Latest Software Release:Exploitation Unlikely","2026-08-11T07:00:00"
"CVE-2026-62785","5120418","10855","Windows Server 2016 (Server Core installation)","10.0.14393.9418","8.8","Publicly Disclosed:No;Exploited:No;Latest Software Release:Exploitation Unlikely","2026-08-11T07:00:00"
"CVE-2026-62777","5120238","11571","Windows Server 2019","10.0.17763.9115","7.8","Publicly Disclosed:No;Exploited:No;Latest Software Release:Exploitation Less Likely","2026-08-11T07:00:00"
"CVE-2026-62777","5120238","11572","Windows Server 2019 (Server Core installation)","10.0.17763.9115","7.8","Publicly Disclosed:No;Exploited:No;Latest Software Release:Exploitation Less Likely","2026-08-11T07:00:00"
"CVE-2026-62777","5120242","11923","Windows Server 2022","10.0.20348.5499","7.8","Publicly Disclosed:No;Exploited:No;Latest Software Release:Exploitation Less Likely","2026-08-11T07:00:00"
"CVE-2026-62777","5120242","11924","Windows Server 2022 (Server Core installation)","10.0.20348.5499","7.8","Publicly Disclosed:No;Exploited:No;Latest Software Release:Exploitation Less Likely","2026-08-11T07:00:00"
"CVE-2026-62777","5120229","11923","Windows Server 2022","10.0.20348.5440","7.8","Publicly Disclosed:No;Exploited:No;Latest Software Release:Exploitation Less Likely","2026-08-11T07:00:00"
"CVE-2026-62777","5120229","11924","Windows Server 2022 (Server Core installation)","10.0.20348.5440","7.8","Publicly Disclosed:No;Exploited:No;Latest Software Release:Exploitation Less Likely","2026-08-11T07:00:00"
"CVE-2026-62777","5120249","11929","Windows 10 Version 21H2 for 32-bit Systems","10.0.19044.7663","7.8","Publicly Disclosed:No;Exploited:No;Latest Software Release:Exploitation Less Likely","2026-08-11T07:00:00"
"CVE-2026-62777","5120249","11930","Windows 10 Version 21H2 for ARM64-based Systems","10.0.19044.7663","7.8","Publicly Disclosed:No;Exploited:No;Latest Software Release:Exploitation Less Likely","2026-08-11T07:00:00"
"CVE-2026-62777","5120249","11931","Windows 10 Version 21H2 for x64-based Systems","10.0.19044.7663","7.8","Publicly Disclosed:No;Exploited:No;Latest Software Release:Exploitation Less Likely","2026-08-11T07:00:00"
"CVE-2026-62777","5120249","12097","Windows 10 Version 22H2 for x64-based Systems","10.0.19045.7663","7.8","Publicly Disclosed:No;Exploited:No;Latest Software Release:Exploitation Less Likely","2026-08-11T07:00:00"
"CVE-2026-62777","5120249","12098","Windows 10 Version 22H2 for ARM64-based Systems","10.0.19045.7663","7.8","Publicly Disclosed:No;Exploited:No;Latest Software Release:Exploitation Less Likely","2026-08-11T07:00:00"
"CVE-2026-62777","5120249","12099","Windows 10 Version 22H2 for 32-bit Systems","10.0.19045.7663","7.8","Publicly Disclosed:No;Exploited:No;Latest Software Release:Exploitation Less Likely","2026-08-11T07:00:00"
"CVE-2026-62777","5120233","12437","Windows Server 2025 (Server Core installation)","10.0.26100.33296","7.8","Publicly Disclosed:No;Exploited:No;Latest Software Release:Exploitation Less Likely","2026-08-11T07:00:00"
"CVE-2026-62777","5120233","12436","Windows Server 2025","10.0.26100.33296","7.8","Publicly Disclosed:No;Exploited:No;Latest Software Release:Exploitation Less Likely","2026-08-11T07:00:00"
"CVE-2026-62777","5120228","12437","Windows Server 2025 (Server Core installation)","10.0.26100.33222","7.8","Publicly Disclosed:No;Exploited:No;Latest Software Release:Exploitation Less Likely","2026-08-11T07:00:00"
"CVE-2026-62777","5120228","12436","Windows Server 2025","10.0.26100.33222","7.8","Publicly Disclosed:No;Exploited:No;Latest Software Release:Exploitation Less Likely","2026-08-11T07:00:00"
"CVE-2026-62777","5120240","12242","Windows 11 Version 23H2 for ARM64-based Systems","10.0.22631.7517","7.8","Publicly Disclosed:No;Exploited:No;Latest Software Release:Exploitation Less Likely","2026-08-11T07:00:00"
"CVE-2026-62777","5120240","12243","Windows 11 Version 23H2 for x64-based Systems","10.0.22631.7517","7.8","Publicly Disclosed:No;Exploited:No;Latest Software Release:Exploitation Less Likely","2026-08-11T07:00:00"
"CVE-2026-62777","5120418","10816","Windows Server 2016","10.0.14393.9418","7.8","Publicly Disclosed:No;Exploited:No;Latest Software Release:Exploitation Less Likely","2026-08-11T07:00:00"
"CVE-2026-62777","5120418","10855","Windows Server 2016 (Server Core installation)","10.0.14393.9418","7.8","Publicly Disclosed:No;Exploited:No;Latest Software Release:Exploitation Less Likely","2026-08-11T07:00:00"
"CVE-2026-62779","5120233","12437","Windows Server 2025 (Server Core installation)","10.0.26100.33296","7.8","Publicly Disclosed:No;Exploited:No;Latest Software Release:Exploitation Unlikely","2026-08-11T07:00:00"
"CVE-2026-62779","5120233","12436","Windows Server 2025","10.0.26100.33296","7.8","Publicly Disclosed:No;Exploited:No;Latest Software Release:Exploitation Unlikely","2026-08-11T07:00:00"
"CVE-2026-62779","5120228","12437","Windows Server 2025 (Server Core installation)","10.0.26100.33222","7.8","Publicly Disclosed:No;Exploited:No;Latest Software Release:Exploitation Unlikely","2026-08-11T07:00:00"
"CVE-2026-62779","5120228","12436","Windows Server 2025","10.0.26100.33222","7.8","Publicly Disclosed:No;Exploited:No;Latest Software Release:Exploitation Unlikely","2026-08-11T07:00:00"
"CVE-2026-62792","5120238","11571","Windows Server 2019","10.0.17763.9115","8.1","Publicly Disclosed:No;Exploited:No;Latest Software Release:Exploitation Unlikely","2026-08-11T07:00:00"
"CVE-2026-62792","5120238","11572","Windows Server 2019 (Server Core installation)","10.0.17763.9115","8.1","Publicly Disclosed:No;Exploited:No;Latest Software Release:Exploitation Unlikely","2026-08-11T07:00:00"
"CVE-2026-62792","5120242","11923","Windows Server 2022","10.0.20348.5499","8.1","Publicly Disclosed:No;Exploited:No;Latest Software Release:Exploitation Unlikely","2026-08-11T07:00:00"
"CVE-2026-62792","5120242","11924","Windows Server 2022 (Server Core installation)","10.0.20348.5499","8.1","Publicly Disclosed:No;Exploited:No;Latest Software Release:Exploitation Unlikely","2026-08-11T07:00:00"
"CVE-2026-62792","5120229","11923","Windows Server 2022","10.0.20348.5440","8.1","Publicly Disclosed:No;Exploited:No;Latest Software Release:Exploitation Unlikely","2026-08-11T07:00:00"
"CVE-2026-62792","5120229","11924","Windows Server 2022 (Server Core installation)","10.0.20348.5440","8.1","Publicly Disclosed:No;Exploited:No;Latest Software Release:Exploitation Unlikely","2026-08-11T07:00:00"
"CVE-2026-62792","5120249","11929","Windows 10 Version 21H2 for 32-bit Systems","10.0.19044.7663","8.1","Publicly Disclosed:No;Exploited:No;Latest Software Release:Exploitation Unlikely","2026-08-11T07:00:00"
"CVE-2026-62792","5120249","11930","Windows 10 Version 21H2 for ARM64-based Systems","10.0.19044.7663","8.1","Publicly Disclosed:No;Exploited:No;Latest Software Release:Exploitation Unlikely","2026-08-11T07:00:00"
"CVE-2026-62792","5120249","11931","Windows 10 Version 21H2 for x64-based Systems","10.0.19044.7663","8.1","Publicly Disclosed:No;Exploited:No;Latest Software Release:Exploitation Unlikely","2026-08-11T07:00:00"
"CVE-2026-62792","5120249","12097","Windows 10 Version 22H2 for x64-based Systems","10.0.19045.7663","8.1","Publicly Disclosed:No;Exploited:No;Latest Software Release:Exploitation Unlikely","2026-08-11T07:00:00"
"CVE-2026-62792","5120249","12098","Windows 10 Version 22H2 for ARM64-based Systems","10.0.19045.7663","8.1","Publicly Disclosed:No;Exploited:No;Latest Software Release:Exploitation Unlikely","2026-08-11T07:00:00"
"CVE-2026-62792","5120249","12099","Windows 10 Version 22H2 for 32-bit Systems","10.0.19045.7663","8.1","Publicly Disclosed:No;Exploited:No;Latest Software Release:Exploitation Unlikely","2026-08-11T07:00:00"
"CVE-2026-62792","5120233","12437","Windows Server 2025 (Server Core installation)","10.0.26100.33296","8.1","Publicly Disclosed:No;Exploited:No;Latest Software Release:Exploitation Unlikely","2026-08-11T07:00:00"
"CVE-2026-62792","5120233","12436","Windows Server 2025","10.0.26100.33296","8.1","Publicly Disclosed:No;Exploited:No;Latest Software Release:Exploitation Unlikely","2026-08-11T07:00:00"
"CVE-2026-62792","5120228","12437","Windows Server 2025 (Server Core installation)","10.0.26100.33222","8.1","Publicly Disclosed:No;Exploited:No;Latest Software Release:Exploitation Unlikely","2026-08-11T07:00:00"
"CVE-2026-62792","5120228","12436","Windows Server 2025","10.0.26100.33222","8.1","Publicly Disclosed:No;Exploited:No;Latest Software Release:Exploitation Unlikely","2026-08-11T07:00:00"
"CVE-2026-62792","5120240","12242","Windows 11 Version 23H2 for ARM64-based Systems","10.0.22631.7517","8.1","Publicly Disclosed:No;Exploited:No;Latest Software Release:Exploitation Unlikely","2026-08-11T07:00:00"
"CVE-2026-62792","5120240","12243","Windows 11 Version 23H2 for x64-based Systems","10.0.22631.7517","8.1","Publicly Disclosed:No;Exploited:No;Latest Software Release:Exploitation Unlikely","2026-08-11T07:00:00"
"CVE-2026-62792","5120418","10816","Windows Server 2016","10.0.14393.9418","8.1","Publicly Disclosed:No;Exploited:No;Latest Software Release:Exploitation Unlikely","2026-08-11T07:00:00"
"CVE-2026-62792","5120418","10855","Windows Server 2016 (Server Core installation)","10.0.14393.9418","8.1","Publicly Disclosed:No;Exploited:No;Latest Software Release:Exploitation Unlikely","2026-08-11T07:00:00"
"CVE-2026-62784","5120238","11571","Windows Server 2019","10.0.17763.9115","8.8","Publicly Disclosed:No;Exploited:No;Latest Software Release:Exploitation Unlikely","2026-08-11T07:00:00"
"CVE-2026-62784","5120238","11572","Windows Server 2019 (Server Core installation)","10.0.17763.9115","8.8","Publicly Disclosed:No;Exploited:No;Latest Software Release:Exploitation Unlikely","2026-08-11T07:00:00"
"CVE-2026-62784","5120242","11923","Windows Server 2022","10.0.20348.5499","8.8","Publicly Disclosed:No;Exploited:No;Latest Software Release:Exploitation Unlikely","2026-08-11T07:00:00"
"CVE-2026-62784","5120242","11924","Windows Server 2022 (Server Core installation)","10.0.20348.5499","8.8","Publicly Disclosed:No;Exploited:No;Latest Software Release:Exploitation Unlikely","2026-08-11T07:00:00"
"CVE-2026-62784","5120229","11923","Windows Server 2022","10.0.20348.5440","8.8","Publicly Disclosed:No;Exploited:No;Latest Software Release:Exploitation Unlikely","2026-08-11T07:00:00"
"CVE-2026-62784","5120229","11924","Windows Server 2022 (Server Core installation)","10.0.20348.5440","8.8","Publicly Disclosed:No;Exploited:No;Latest Software Release:Exploitation Unlikely","2026-08-11T07:00:00"
"CVE-2026-62784","5120249","11929","Windows 10 Version 21H2 for 32-bit Systems","10.0.19044.7663","8.8","Publicly Disclosed:No;Exploited:No;Latest Software Release:Exploitation Unlikely","2026-08-11T07:00:00"
"CVE-2026-62784","5120249","11930","Windows 10 Version 21H2 for ARM64-based Systems","10.0.19044.7663","8.8","Publicly Disclosed:No;Exploited:No;Latest Software Release:Exploitation Unlikely","2026-08-11T07:00:00"
"CVE-2026-62784","5120249","11931","Windows 10 Version 21H2 for x64-based Systems","10.0.19044.7663","8.8","Publicly Disclosed:No;Exploited:No;Latest Software Release:Exploitation Unlikely","2026-08-11T07:00:00"
"CVE-2026-62784","5120249","12097","Windows 10 Version 22H2 for x64-based Systems","10.0.19045.7663","8.8","Publicly Disclosed:No;Exploited:No;Latest Software Release:Exploitation Unlikely","2026-08-11T07:00:00"
"CVE-2026-62784","5120249","12098","Windows 10 Version 22H2 for ARM64-based Systems","10.0.19045.7663","8.8","Publicly Disclosed:No;Exploited:No;Latest Software Release:Exploitation Unlikely","2026-08-11T07:00:00"
"CVE-2026-62784","5120249","12099","Windows 10 Version 22H2 for 32-bit Systems","10.0.19045.7663","8.8","Publicly Disclosed:No;Exploited:No;Latest Software Release:Exploitation Unlikely","2026-08-11T07:00:00"
"CVE-2026-62784","5120233","12437","Windows Server 2025 (Server Core installation)","10.0.26100.33296","8.8","Publicly Disclosed:No;Exploited:No;Latest Software Release:Exploitation Unlikely","2026-08-11T07:00:00"
"CVE-2026-62784","5120233","12436","Windows Server 2025","10.0.26100.33296","8.8","Publicly Disclosed:No;Exploited:No;Latest Software Release:Exploitation Unlikely","2026-08-11T07:00:00"
"CVE-2026-62784","5120228","12437","Windows Server 2025 (Server Core installation)","10.0.26100.33222","8.8","Publicly Disclosed:No;Exploited:No;Latest Software Release:Exploitation Unlikely","2026-08-11T07:00:00"
"CVE-2026-62784","5120228","12436","Windows Server 2025","10.0.26100.33222","8.8","Publicly Disclosed:No;Exploited:No;Latest Software Release:Exploitation Unlikely","2026-08-11T07:00:00"
"CVE-2026-62784","5120240","12242","Windows 11 Version 23H2 for ARM64-based Systems","10.0.22631.7517","8.8","Publicly Disclosed:No;Exploited:No;Latest Software Release:Exploitation Unlikely","2026-08-11T07:00:00"
"CVE-2026-62784","5120240","12243","Windows 11 Version 23H2 for x64-based Systems","10.0.22631.7517","8.8","Publicly Disclosed:No;Exploited:No;Latest Software Release:Exploitation Unlikely","2026-08-11T07:00:00"
"CVE-2026-62784","5120418","10816","Windows Server 2016","10.0.14393.9418","8.8","Publicly Disclosed:No;Exploited:No;Latest Software Release:Exploitation Unlikely","2026-08-11T07:00:00"
"CVE-2026-62784","5120418","10855","Windows Server 2016 (Server Core installation)","10.0.14393.9418","8.8","Publicly Disclosed:No;Exploited:No;Latest Software Release:Exploitation Unlikely","2026-08-11T07:00:00"
"CVE-2026-62787","5120238","11571","Windows Server 2019","10.0.17763.9115","7.5","Publicly Disclosed:No;Exploited:No;Latest Software Release:Exploitation Unlikely","2026-08-11T07:00:00"
"CVE-2026-62787","5120238","11572","Windows Server 2019 (Server Core installation)","10.0.17763.9115","7.5","Publicly Disclosed:No;Exploited:No;Latest Software Release:Exploitation Unlikely","2026-08-11T07:00:00"
"CVE-2026-62787","5120242","11923","Windows Server 2022","10.0.20348.5499","7.5","Publicly Disclosed:No;Exploited:No;Latest Software Release:Exploitation Unlikely","2026-08-11T07:00:00"
"CVE-2026-62787","5120242","11924","Windows Server 2022 (Server Core installation)","10.0.20348.5499","7.5","Publicly Disclosed:No;Exploited:No;Latest Software Release:Exploitation Unlikely","2026-08-11T07:00:00"
"CVE-2026-62787","5120229","11923","Windows Server 2022","10.0.20348.5440","7.5","Publicly Disclosed:No;Exploited:No;Latest Software Release:Exploitation Unlikely","2026-08-11T07:00:00"
"CVE-2026-62787","5120229","11924","Windows Server 2022 (Server Core installation)","10.0.20348.5440","7.5","Publicly Disclosed:No;Exploited:No;Latest Software Release:Exploitation Unlikely","2026-08-11T07:00:00"
"CVE-2026-62787","5120233","12437","Windows Server 2025 (Server Core installation)","10.0.26100.33296","7.5","Publicly Disclosed:No;Exploited:No;Latest Software Release:Exploitation Unlikely","2026-08-11T07:00:00"
"CVE-2026-62787","5120233","12436","Windows Server 2025","10.0.26100.33296","7.5","Publicly Disclosed:No;Exploited:No;Latest Software Release:Exploitation Unlikely","2026-08-11T07:00:00"
"CVE-2026-62787","5120228","12437","Windows Server 2025 (Server Core installation)","10.0.26100.33222","7.5","Publicly Disclosed:No;Exploited:No;Latest Software Release:Exploitation Unlikely","2026-08-11T07:00:00"
"CVE-2026-62787","5120228","12436","Windows Server 2025","10.0.26100.33222","7.5","Publicly Disclosed:No;Exploited:No;Latest Software Release:Exploitation Unlikely","2026-08-11T07:00:00"
"CVE-2026-62787","5120418","10816","Windows Server 2016","10.0.14393.9418","7.5","Publicly Disclosed:No;Exploited:No;Latest Software Release:Exploitation Unlikely","2026-08-11T07:00:00"
"CVE-2026-62787","5120418","10855","Windows Server 2016 (Server Core installation)","10.0.14393.9418","7.5","Publicly Disclosed:No;Exploited:No;Latest Software Release:Exploitation Unlikely","2026-08-11T07:00:00"
"CVE-2026-62798","5120233","12437","Windows Server 2025 (Server Core installation)","10.0.26100.33296","5.5","Publicly Disclosed:No;Exploited:No;Latest Software Release:Exploitation Unlikely","2026-08-11T07:00:00"
"CVE-2026-62798","5120233","12436","Windows Server 2025","10.0.26100.33296","5.5","Publicly Disclosed:No;Exploited:No;Latest Software Release:Exploitation Unlikely","2026-08-11T07:00:00"
"CVE-2026-62798","5120228","12437","Windows Server 2025 (Server Core installation)","10.0.26100.33222","5.5","Publicly Disclosed:No;Exploited:No;Latest Software Release:Exploitation Unlikely","2026-08-11T07:00:00"
"CVE-2026-62798","5120228","12436","Windows Server 2025","10.0.26100.33222","5.5","Publicly Disclosed:No;Exploited:No;Latest Software Release:Exploitation Unlikely","2026-08-11T07:00:00"
"CVE-2026-62798","5120240","12242","Windows 11 Version 23H2 for ARM64-based Systems","10.0.22631.7517","5.5","Publicly Disclosed:No;Exploited:No;Latest Software Release:Exploitation Unlikely","2026-08-11T07:00:00"
"CVE-2026-62798","5120240","12243","Windows 11 Version 23H2 for x64-based Systems","10.0.22631.7517","5.5","Publicly Disclosed:No;Exploited:No;Latest Software Release:Exploitation Unlikely","2026-08-11T07:00:00"
"CVE-2026-62795","5120238","11571","Windows Server 2019","10.0.17763.9115","8.8","Publicly Disclosed:No;Exploited:No;Latest Software Release:Exploitation Unlikely","2026-08-11T07:00:00"
"CVE-2026-62795","5120238","11572","Windows Server 2019 (Server Core installation)","10.0.17763.9115","8.8","Publicly Disclosed:No;Exploited:No;Latest Software Release:Exploitation Unlikely","2026-08-11T07:00:00"
"CVE-2026-62795","5120242","11923","Windows Server 2022","10.0.20348.5499","8.8","Publicly Disclosed:No;Exploited:No;Latest Software Release:Exploitation Unlikely","2026-08-11T07:00:00"
"CVE-2026-62795","5120242","11924","Windows Server 2022 (Server Core installation)","10.0.20348.5499","8.8","Publicly Disclosed:No;Exploited:No;Latest Software Release:Exploitation Unlikely","2026-08-11T07:00:00"
"CVE-2026-62795","5120229","11923","Windows Server 2022","10.0.20348.5440","8.8","Publicly Disclosed:No;Exploited:No;Latest Software Release:Exploitation Unlikely","2026-08-11T07:00:00"
"CVE-2026-62795","5120229","11924","Windows Server 2022 (Server Core installation)","10.0.20348.5440","8.8","Publicly Disclosed:No;Exploited:No;Latest Software Release:Exploitation Unlikely","2026-08-11T07:00:00"
"CVE-2026-62795","5120249","11929","Windows 10 Version 21H2 for 32-bit Systems","10.0.19044.7663","8.8","Publicly Disclosed:No;Exploited:No;Latest Software Release:Exploitation Unlikely","2026-08-11T07:00:00"
"CVE-2026-62795","5120249","11930","Windows 10 Version 21H2 for ARM64-based Systems","10.0.19044.7663","8.8","Publicly Disclosed:No;Exploited:No;Latest Software Release:Exploitation Unlikely","2026-08-11T07:00:00"
"CVE-2026-62795","5120249","11931","Windows 10 Version 21H2 for x64-based Systems","10.0.19044.7663","8.8","Publicly Disclosed:No;Exploited:No;Latest Software Release:Exploitation Unlikely","2026-08-11T07:00:00"
"CVE-2026-62795","5120249","12097","Windows 10 Version 22H2 for x64-based Systems","10.0.19045.7663","8.8","Publicly Disclosed:No;Exploited:No;Latest Software Release:Exploitation Unlikely","2026-08-11T07:00:00"
"CVE-2026-62795","5120249","12098","Windows 10 Version 22H2 for ARM64-based Systems","10.0.19045.7663","8.8","Publicly Disclosed:No;Exploited:No;Latest Software Release:Exploitation Unlikely","2026-08-11T07:00:00"
"CVE-2026-62795","5120249","12099","Windows 10 Version 22H2 for 32-bit Systems","10.0.19045.7663","8.8","Publicly Disclosed:No;Exploited:No;Latest Software Release:Exploitation Unlikely","2026-08-11T07:00:00"
"CVE-2026-62795","5120233","12437","Windows Server 2025 (Server Core installation)","10.0.26100.33296","8.8","Publicly Disclosed:No;Exploited:No;Latest Software Release:Exploitation Unlikely","2026-08-11T07:00:00"
"CVE-2026-62795","5120233","12436","Windows Server 2025","10.0.26100.33296","8.8","Publicly Disclosed:No;Exploited:No;Latest Software Release:Exploitation Unlikely","2026-08-11T07:00:00"
"CVE-2026-62795","5120228","12437","Windows Server 2025 (Server Core installation)","10.0.26100.33222","8.8","Publicly Disclosed:No;Exploited:No;Latest Software Release:Exploitation Unlikely","2026-08-11T07:00:00"
"CVE-2026-62795","5120228","12436","Windows Server 2025","10.0.26100.33222","8.8","Publicly Disclosed:No;Exploited:No;Latest Software Release:Exploitation Unlikely","2026-08-11T07:00:00"
"CVE-2026-62795","5120240","12242","Windows 11 Version 23H2 for ARM64-based Systems","10.0.22631.7517","8.8","Publicly Disclosed:No;Exploited:No;Latest Software Release:Exploitation Unlikely","2026-08-11T07:00:00"
"CVE-2026-62795","5120240","12243","Windows 11 Version 23H2 for x64-based Systems","10.0.22631.7517","8.8","Publicly Disclosed:No;Exploited:No;Latest Software Release:Exploitation Unlikely","2026-08-11T07:00:00"
"CVE-2026-62795","5120418","10816","Windows Server 2016","10.0.14393.9418","8.8","Publicly Disclosed:No;Exploited:No;Latest Software Release:Exploitation Unlikely","2026-08-11T07:00:00"
"CVE-2026-62795","5120418","10855","Windows Server 2016 (Server Core installation)","10.0.14393.9418","8.8","Publicly Disclosed:No;Exploited:No;Latest Software Release:Exploitation Unlikely","2026-08-11T07:00:00"
"CVE-2026-62796","5120238","11571","Windows Server 2019","10.0.17763.9115","5.5","Publicly Disclosed:No;Exploited:No;Latest Software Release:Exploitation Less Likely","2026-08-11T07:00:00"
"CVE-2026-62796","5120238","11572","Windows Server 2019 (Server Core installation)","10.0.17763.9115","5.5","Publicly Disclosed:No;Exploited:No;Latest Software Release:Exploitation Less Likely","2026-08-11T07:00:00"
"CVE-2026-62796","5120242","11923","Windows Server 2022","10.0.20348.5499","5.5","Publicly Disclosed:No;Exploited:No;Latest Software Release:Exploitation Less Likely","2026-08-11T07:00:00"
"CVE-2026-62796","5120242","11924","Windows Server 2022 (Server Core installation)","10.0.20348.5499","5.5","Publicly Disclosed:No;Exploited:No;Latest Software Release:Exploitation Less Likely","2026-08-11T07:00:00"
"CVE-2026-62796","5120229","11923","Windows Server 2022","10.0.20348.5440","5.5","Publicly Disclosed:No;Exploited:No;Latest Software Release:Exploitation Less Likely","2026-08-11T07:00:00"
"CVE-2026-62796","5120229","11924","Windows Server 2022 (Server Core installation)","10.0.20348.5440","5.5","Publicly Disclosed:No;Exploited:No;Latest Software Release:Exploitation Less Likely","2026-08-11T07:00:00"
"CVE-2026-62796","5120249","11929","Windows 10 Version 21H2 for 32-bit Systems","10.0.19044.7663","5.5","Publicly Disclosed:No;Exploited:No;Latest Software Release:Exploitation Less Likely","2026-08-11T07:00:00"
"CVE-2026-62796","5120249","11930","Windows 10 Version 21H2 for ARM64-based Systems","10.0.19044.7663","5.5","Publicly Disclosed:No;Exploited:No;Latest Software Release:Exploitation Less Likely","2026-08-11T07:00:00"
"CVE-2026-62796","5120249","11931","Windows 10 Version 21H2 for x64-based Systems","10.0.19044.7663","5.5","Publicly Disclosed:No;Exploited:No;Latest Software Release:Exploitation Less Likely","2026-08-11T07:00:00"
"CVE-2026-62796","5120249","12097","Windows 10 Version 22H2 for x64-based Systems","10.0.19045.7663","5.5","Publicly Disclosed:No;Exploited:No;Latest Software Release:Exploitation Less Likely","2026-08-11T07:00:00"
"CVE-2026-62796","5120249","12098","Windows 10 Version 22H2 for ARM64-based Systems","10.0.19045.7663","5.5","Publicly Disclosed:No;Exploited:No;Latest Software Release:Exploitation Less Likely","2026-08-11T07:00:00"
"CVE-2026-62796","5120249","12099","Windows 10 Version 22H2 for 32-bit Systems","10.0.19045.7663","5.5","Publicly Disclosed:No;Exploited:No;Latest Software Release:Exploitation Less Likely","2026-08-11T07:00:00"
"CVE-2026-62796","5120233","12437","Windows Server 2025 (Server Core installation)","10.0.26100.33296","5.5","Publicly Disclosed:No;Exploited:No;Latest Software Release:Exploitation Less Likely","2026-08-11T07:00:00"
"CVE-2026-62796","5120233","12436","Windows Server 2025","10.0.26100.33296","5.5","Publicly Disclosed:No;Exploited:No;Latest Software Release:Exploitation Less Likely","2026-08-11T07:00:00"
"CVE-2026-62796","5120228","12437","Windows Server 2025 (Server Core installation)","10.0.26100.33222","5.5","Publicly Disclosed:No;Exploited:No;Latest Software Release:Exploitation Less Likely","2026-08-11T07:00:00"
"CVE-2026-62796","5120228","12436","Windows Server 2025","10.0.26100.33222","5.5","Publicly Disclosed:No;Exploited:No;Latest Software Release:Exploitation Less Likely","2026-08-11T07:00:00"
"CVE-2026-62796","5120240","12242","Windows 11 Version 23H2 for ARM64-based Systems","10.0.22631.7517","5.5","Publicly Disclosed:No;Exploited:No;Latest Software Release:Exploitation Less Likely","2026-08-11T07:00:00"
"CVE-2026-62796","5120240","12243","Windows 11 Version 23H2 for x64-based Systems","10.0.22631.7517","5.5","Publicly Disclosed:No;Exploited:No;Latest Software Release:Exploitation Less Likely","2026-08-11T07:00:00"
"CVE-2026-62796","5120418","10816","Windows Server 2016","10.0.14393.9418","5.5","Publicly Disclosed:No;Exploited:No;Latest Software Release:Exploitation Less Likely","2026-08-11T07:00:00"
"CVE-2026-62796","5120418","10855","Windows Server 2016 (Server Core installation)","10.0.14393.9418","5.5","Publicly Disclosed:No;Exploited:No;Latest Software Release:Exploitation Less Likely","2026-08-11T07:00:00"
"CVE-2026-62797","5120238","11571","Windows Server 2019","10.0.17763.9115","7.8","Publicly Disclosed:No;Exploited:No;Latest Software Release:Exploitation Less Likely","2026-08-11T07:00:00"
"CVE-2026-62797","5120238","11572","Windows Server 2019 (Server Core installation)","10.0.17763.9115","7.8","Publicly Disclosed:No;Exploited:No;Latest Software Release:Exploitation Less Likely","2026-08-11T07:00:00"
"CVE-2026-62797","5120242","11923","Windows Server 2022","10.0.20348.5499","7.8","Publicly Disclosed:No;Exploited:No;Latest Software Release:Exploitation Less Likely","2026-08-11T07:00:00"
"CVE-2026-62797","5120242","11924","Windows Server 2022 (Server Core installation)","10.0.20348.5499","7.8","Publicly Disclosed:No;Exploited:No;Latest Software Release:Exploitation Less Likely","2026-08-11T07:00:00"
"CVE-2026-62797","5120229","11923","Windows Server 2022","10.0.20348.5440","7.8","Publicly Disclosed:No;Exploited:No;Latest Software Release:Exploitation Less Likely","2026-08-11T07:00:00"
"CVE-2026-62797","5120229","11924","Windows Server 2022 (Server Core installation)","10.0.20348.5440","7.8","Publicly Disclosed:No;Exploited:No;Latest Software Release:Exploitation Less Likely","2026-08-11T07:00:00"
"CVE-2026-62797","5120249","11929","Windows 10 Version 21H2 for 32-bit Systems","10.0.19044.7663","7.8","Publicly Disclosed:No;Exploited:No;Latest Software Release:Exploitation Less Likely","2026-08-11T07:00:00"
"CVE-2026-62797","5120249","11930","Windows 10 Version 21H2 for ARM64-based Systems","10.0.19044.7663","7.8","Publicly Disclosed:No;Exploited:No;Latest Software Release:Exploitation Less Likely","2026-08-11T07:00:00"
"CVE-2026-62797","5120249","11931","Windows 10 Version 21H2 for x64-based Systems","10.0.19044.7663","7.8","Publicly Disclosed:No;Exploited:No;Latest Software Release:Exploitation Less Likely","2026-08-11T07:00:00"
"CVE-2026-62797","5120249","12097","Windows 10 Version 22H2 for x64-based Systems","10.0.19045.7663","7.8","Publicly Disclosed:No;Exploited:No;Latest Software Release:Exploitation Less Likely","2026-08-11T07:00:00"
"CVE-2026-62797","5120249","12098","Windows 10 Version 22H2 for ARM64-based Systems","10.0.19045.7663","7.8","Publicly Disclosed:No;Exploited:No;Latest Software Release:Exploitation Less Likely","2026-08-11T07:00:00"
"CVE-2026-62797","5120249","12099","Windows 10 Version 22H2 for 32-bit Systems","10.0.19045.7663","7.8","Publicly Disclosed:No;Exploited:No;Latest Software Release:Exploitation Less Likely","2026-08-11T07:00:00"
"CVE-2026-62797","5120233","12437","Windows Server 2025 (Server Core installation)","10.0.26100.33296","7.8","Publicly Disclosed:No;Exploited:No;Latest Software Release:Exploitation Less Likely","2026-08-11T07:00:00"
"CVE-2026-62797","5120233","12436","Windows Server 2025","10.0.26100.33296","7.8","Publicly Disclosed:No;Exploited:No;Latest Software Release:Exploitation Less Likely","2026-08-11T07:00:00"
"CVE-2026-62797","5120228","12437","Windows Server 2025 (Server Core installation)","10.0.26100.33222","7.8","Publicly Disclosed:No;Exploited:No;Latest Software Release:Exploitation Less Likely","2026-08-11T07:00:00"
"CVE-2026-62797","5120228","12436","Windows Server 2025","10.0.26100.33222","7.8","Publicly Disclosed:No;Exploited:No;Latest Software Release:Exploitation Less Likely","2026-08-11T07:00:00"
"CVE-2026-62797","5120240","12242","Windows 11 Version 23H2 for ARM64-based Systems","10.0.22631.7517","7.8","Publicly Disclosed:No;Exploited:No;Latest Software Release:Exploitation Less Likely","2026-08-11T07:00:00"
"CVE-2026-62797","5120240","12243","Windows 11 Version 23H2 for x64-based Systems","10.0.22631.7517","7.8","Publicly Disclosed:No;Exploited:No;Latest Software Release:Exploitation Less Likely","2026-08-11T07:00:00"
"CVE-2026-62797","5120418","10816","Windows Server 2016","10.0.14393.9418","7.8","Publicly Disclosed:No;Exploited:No;Latest Software Release:Exploitation Less Likely","2026-08-11T07:00:00"
"CVE-2026-62797","5120418","10855","Windows Server 2016 (Server Core installation)","10.0.14393.9418","7.8","Publicly Disclosed:No;Exploited:No;Latest Software Release:Exploitation Less Likely","2026-08-11T07:00:00"
"CVE-2026-62812","5120238","11571","Windows Server 2019","10.0.17763.9115","7.8","Publicly Disclosed:No;Exploited:No;Latest Software Release:Exploitation Less Likely","2026-08-11T07:00:00"
"CVE-2026-62812","5120238","11572","Windows Server 2019 (Server Core installation)","10.0.17763.9115","7.8","Publicly Disclosed:No;Exploited:No;Latest Software Release:Exploitation Less Likely","2026-08-11T07:00:00"
"CVE-2026-62812","5120242","11923","Windows Server 2022","10.0.20348.5499","7.8","Publicly Disclosed:No;Exploited:No;Latest Software Release:Exploitation Less Likely","2026-08-11T07:00:00"
"CVE-2026-62812","5120242","11924","Windows Server 2022 (Server Core installation)","10.0.20348.5499","7.8","Publicly Disclosed:No;Exploited:No;Latest Software Release:Exploitation Less Likely","2026-08-11T07:00:00"
"CVE-2026-62812","5120229","11923","Windows Server 2022","10.0.20348.5440","7.8","Publicly Disclosed:No;Exploited:No;Latest Software Release:Exploitation Less Likely","2026-08-11T07:00:00"
"CVE-2026-62812","5120229","11924","Windows Server 2022 (Server Core installation)","10.0.20348.5440","7.8","Publicly Disclosed:No;Exploited:No;Latest Software Release:Exploitation Less Likely","2026-08-11T07:00:00"
"CVE-2026-62812","5120233","12437","Windows Server 2025 (Server Core installation)","10.0.26100.33296","7.8","Publicly Disclosed:No;Exploited:No;Latest Software Release:Exploitation Less Likely","2026-08-11T07:00:00"
"CVE-2026-62812","5120233","12436","Windows Server 2025","10.0.26100.33296","7.8","Publicly Disclosed:No;Exploited:No;Latest Software Release:Exploitation Less Likely","2026-08-11T07:00:00"
"CVE-2026-62812","5120228","12437","Windows Server 2025 (Server Core installation)","10.0.26100.33222","7.8","Publicly Disclosed:No;Exploited:No;Latest Software Release:Exploitation Less Likely","2026-08-11T07:00:00"
"CVE-2026-62812","5120228","12436","Windows Server 2025","10.0.26100.33222","7.8","Publicly Disclosed:No;Exploited:No;Latest Software Release:Exploitation Less Likely","2026-08-11T07:00:00"
"CVE-2026-62812","5120418","10816","Windows Server 2016","10.0.14393.9418","7.8","Publicly Disclosed:No;Exploited:No;Latest Software Release:Exploitation Less Likely","2026-08-11T07:00:00"
"CVE-2026-62812","5120418","10855","Windows Server 2016 (Server Core installation)","10.0.14393.9418","7.8","Publicly Disclosed:No;Exploited:No;Latest Software Release:Exploitation Less Likely","2026-08-11T07:00:00"
"CVE-2026-62815","5120242","11923","Windows Server 2022","10.0.20348.5499","9.8","Publicly Disclosed:No;Exploited:No;Latest Software Release:N/A","2026-08-11T07:00:00"
"CVE-2026-62815","5120242","11924","Windows Server 2022 (Server Core installation)","10.0.20348.5499","9.8","Publicly Disclosed:No;Exploited:No;Latest Software Release:N/A","2026-08-11T07:00:00"
"CVE-2026-62815","5120229","11923","Windows Server 2022","10.0.20348.5440","9.8","Publicly Disclosed:No;Exploited:No;Latest Software Release:N/A","2026-08-11T07:00:00"
"CVE-2026-62815","5120229","11924","Windows Server 2022 (Server Core installation)","10.0.20348.5440","9.8","Publicly Disclosed:No;Exploited:No;Latest Software Release:N/A","2026-08-11T07:00:00"
"CVE-2026-62815","5120233","12437","Windows Server 2025 (Server Core installation)","10.0.26100.33296","9.8","Publicly Disclosed:No;Exploited:No;Latest Software Release:N/A","2026-08-11T07:00:00"
"CVE-2026-62815","5120233","12436","Windows Server 2025","10.0.26100.33296","9.8","Publicly Disclosed:No;Exploited:No;Latest Software Release:N/A","2026-08-11T07:00:00"
"CVE-2026-62815","5120228","12437","Windows Server 2025 (Server Core installation)","10.0.26100.33222","9.8","Publicly Disclosed:No;Exploited:No;Latest Software Release:N/A","2026-08-11T07:00:00"
"CVE-2026-62815","5120228","12436","Windows Server 2025","10.0.26100.33222","9.8","Publicly Disclosed:No;Exploited:No;Latest Software Release:N/A","2026-08-11T07:00:00"
"CVE-2026-62815","5120240","12242","Windows 11 Version 23H2 for ARM64-based Systems","10.0.22631.7517","9.8","Publicly Disclosed:No;Exploited:No;Latest Software Release:N/A","2026-08-11T07:00:00"
"CVE-2026-62815","5120240","12243","Windows 11 Version 23H2 for x64-based Systems","10.0.22631.7517","9.8","Publicly Disclosed:No;Exploited:No;Latest Software Release:N/A","2026-08-11T07:00:00"
"CVE-2026-62816","5120238","11571","Windows Server 2019","10.0.17763.9115","8.8","Publicly Disclosed:No;Exploited:No;Latest Software Release:Exploitation Less Likely","2026-08-11T07:00:00"
"CVE-2026-62816","5120238","11572","Windows Server 2019 (Server Core installation)","10.0.17763.9115","8.8","Publicly Disclosed:No;Exploited:No;Latest Software Release:Exploitation Less Likely","2026-08-11T07:00:00"
"CVE-2026-62816","5120242","11923","Windows Server 2022","10.0.20348.5499","8.8","Publicly Disclosed:No;Exploited:No;Latest Software Release:Exploitation Less Likely","2026-08-11T07:00:00"
"CVE-2026-62816","5120242","11924","Windows Server 2022 (Server Core installation)","10.0.20348.5499","8.8","Publicly Disclosed:No;Exploited:No;Latest Software Release:Exploitation Less Likely","2026-08-11T07:00:00"
"CVE-2026-62816","5120229","11923","Windows Server 2022","10.0.20348.5440","8.8","Publicly Disclosed:No;Exploited:No;Latest Software Release:Exploitation Less Likely","2026-08-11T07:00:00"
"CVE-2026-62816","5120229","11924","Windows Server 2022 (Server Core installation)","10.0.20348.5440","8.8","Publicly Disclosed:No;Exploited:No;Latest Software Release:Exploitation Less Likely","2026-08-11T07:00:00"
"CVE-2026-62816","5120249","11929","Windows 10 Version 21H2 for 32-bit Systems","10.0.19044.7663","8.8","Publicly Disclosed:No;Exploited:No;Latest Software Release:Exploitation Less Likely","2026-08-11T07:00:00"
"CVE-2026-62816","5120249","11930","Windows 10 Version 21H2 for ARM64-based Systems","10.0.19044.7663","8.8","Publicly Disclosed:No;Exploited:No;Latest Software Release:Exploitation Less Likely","2026-08-11T07:00:00"
"CVE-2026-62816","5120249","11931","Windows 10 Version 21H2 for x64-based Systems","10.0.19044.7663","8.8","Publicly Disclosed:No;Exploited:No;Latest Software Release:Exploitation Less Likely","2026-08-11T07:00:00"
"CVE-2026-62816","5120249","12097","Windows 10 Version 22H2 for x64-based Systems","10.0.19045.7663","8.8","Publicly Disclosed:No;Exploited:No;Latest Software Release:Exploitation Less Likely","2026-08-11T07:00:00"
"CVE-2026-62816","5120249","12098","Windows 10 Version 22H2 for ARM64-based Systems","10.0.19045.7663","8.8","Publicly Disclosed:No;Exploited:No;Latest Software Release:Exploitation Less Likely","2026-08-11T07:00:00"
"CVE-2026-62816","5120249","12099","Windows 10 Version 22H2 for 32-bit Systems","10.0.19045.7663","8.8","Publicly Disclosed:No;Exploited:No;Latest Software Release:Exploitation Less Likely","2026-08-11T07:00:00"
"CVE-2026-62816","5120233","12437","Windows Server 2025 (Server Core installation)","10.0.26100.33296","8.8","Publicly Disclosed:No;Exploited:No;Latest Software Release:Exploitation Less Likely","2026-08-11T07:00:00"
"CVE-2026-62816","5120233","12436","Windows Server 2025","10.0.26100.33296","8.8","Publicly Disclosed:No;Exploited:No;Latest Software Release:Exploitation Less Likely","2026-08-11T07:00:00"
"CVE-2026-62816","5120228","12437","Windows Server 2025 (Server Core installation)","10.0.26100.33222","8.8","Publicly Disclosed:No;Exploited:No;Latest Software Release:Exploitation Less Likely","2026-08-11T07:00:00"
"CVE-2026-62816","5120228","12436","Windows Server 2025","10.0.26100.33222","8.8","Publicly Disclosed:No;Exploited:No;Latest Software Release:Exploitation Less Likely","2026-08-11T07:00:00"
"CVE-2026-62816","5120240","12242","Windows 11 Version 23H2 for ARM64-based Systems","10.0.22631.7517","8.8","Publicly Disclosed:No;Exploited:No;Latest Software Release:Exploitation Less Likely","2026-08-11T07:00:00"
"CVE-2026-62816","5120240","12243","Windows 11 Version 23H2 for x64-based Systems","10.0.22631.7517","8.8","Publicly Disclosed:No;Exploited:No;Latest Software Release:Exploitation Less Likely","2026-08-11T07:00:00"
"CVE-2026-62816","5120418","10816","Windows Server 2016","10.0.14393.9418","8.8","Publicly Disclosed:No;Exploited:No;Latest Software Release:Exploitation Less Likely","2026-08-11T07:00:00"
"CVE-2026-62816","5120418","10855","Windows Server 2016 (Server Core installation)","10.0.14393.9418","8.8","Publicly Disclosed:No;Exploited:No;Latest Software Release:Exploitation Less Likely","2026-08-11T07:00:00"
"CVE-2026-62817","5120238","11571","Windows Server 2019","10.0.17763.9115","8.8","Publicly Disclosed:No;Exploited:No;Latest Software Release:Exploitation Less Likely","2026-08-11T07:00:00"
"CVE-2026-62817","5120238","11572","Windows Server 2019 (Server Core installation)","10.0.17763.9115","8.8","Publicly Disclosed:No;Exploited:No;Latest Software Release:Exploitation Less Likely","2026-08-11T07:00:00"
"CVE-2026-62817","5120242","11923","Windows Server 2022","10.0.20348.5499","8.8","Publicly Disclosed:No;Exploited:No;Latest Software Release:Exploitation Less Likely","2026-08-11T07:00:00"
"CVE-2026-62817","5120242","11924","Windows Server 2022 (Server Core installation)","10.0.20348.5499","8.8","Publicly Disclosed:No;Exploited:No;Latest Software Release:Exploitation Less Likely","2026-08-11T07:00:00"
"CVE-2026-62817","5120229","11923","Windows Server 2022","10.0.20348.5440","8.8","Publicly Disclosed:No;Exploited:No;Latest Software Release:Exploitation Less Likely","2026-08-11T07:00:00"
"CVE-2026-62817","5120229","11924","Windows Server 2022 (Server Core installation)","10.0.20348.5440","8.8","Publicly Disclosed:No;Exploited:No;Latest Software Release:Exploitation Less Likely","2026-08-11T07:00:00"
"CVE-2026-62817","5120249","11929","Windows 10 Version 21H2 for 32-bit Systems","10.0.19044.7663","8.8","Publicly Disclosed:No;Exploited:No;Latest Software Release:Exploitation Less Likely","2026-08-11T07:00:00"
"CVE-2026-62817","5120249","11930","Windows 10 Version 21H2 for ARM64-based Systems","10.0.19044.7663","8.8","Publicly Disclosed:No;Exploited:No;Latest Software Release:Exploitation Less Likely","2026-08-11T07:00:00"
"CVE-2026-62817","5120249","11931","Windows 10 Version 21H2 for x64-based Systems","10.0.19044.7663","8.8","Publicly Disclosed:No;Exploited:No;Latest Software Release:Exploitation Less Likely","2026-08-11T07:00:00"
"CVE-2026-62817","5120249","12097","Windows 10 Version 22H2 for x64-based Systems","10.0.19045.7663","8.8","Publicly Disclosed:No;Exploited:No;Latest Software Release:Exploitation Less Likely","2026-08-11T07:00:00"
"CVE-2026-62817","5120249","12098","Windows 10 Version 22H2 for ARM64-based Systems","10.0.19045.7663","8.8","Publicly Disclosed:No;Exploited:No;Latest Software Release:Exploitation Less Likely","2026-08-11T07:00:00"
"CVE-2026-62817","5120249","12099","Windows 10 Version 22H2 for 32-bit Systems","10.0.19045.7663","8.8","Publicly Disclosed:No;Exploited:No;Latest Software Release:Exploitation Less Likely","2026-08-11T07:00:00"
"CVE-2026-62817","5120233","12437","Windows Server 2025 (Server Core installation)","10.0.26100.33296","8.8","Publicly Disclosed:No;Exploited:No;Latest Software Release:Exploitation Less Likely","2026-08-11T07:00:00"
"CVE-2026-62817","5120233","12436","Windows Server 2025","10.0.26100.33296","8.8","Publicly Disclosed:No;Exploited:No;Latest Software Release:Exploitation Less Likely","2026-08-11T07:00:00"
"CVE-2026-62817","5120228","12437","Windows Server 2025 (Server Core installation)","10.0.26100.33222","8.8","Publicly Disclosed:No;Exploited:No;Latest Software Release:Exploitation Less Likely","2026-08-11T07:00:00"
"CVE-2026-62817","5120228","12436","Windows Server 2025","10.0.26100.33222","8.8","Publicly Disclosed:No;Exploited:No;Latest Software Release:Exploitation Less Likely","2026-08-11T07:00:00"
"CVE-2026-62817","5120240","12242","Windows 11 Version 23H2 for ARM64-based Systems","10.0.22631.7517","8.8","Publicly Disclosed:No;Exploited:No;Latest Software Release:Exploitation Less Likely","2026-08-11T07:00:00"
"CVE-2026-62817","5120240","12243","Windows 11 Version 23H2 for x64-based Systems","10.0.22631.7517","8.8","Publicly Disclosed:No;Exploited:No;Latest Software Release:Exploitation Less Likely","2026-08-11T07:00:00"
"CVE-2026-62818","5120238","11571","Windows Server 2019","10.0.17763.9115","8.8","Publicly Disclosed:No;Exploited:No;Latest Software Release:Exploitation Less Likely","2026-08-11T07:00:00"
"CVE-2026-62818","5120238","11572","Windows Server 2019 (Server Core installation)","10.0.17763.9115","8.8","Publicly Disclosed:No;Exploited:No;Latest Software Release:Exploitation Less Likely","2026-08-11T07:00:00"
"CVE-2026-62818","5120242","11923","Windows Server 2022","10.0.20348.5499","8.8","Publicly Disclosed:No;Exploited:No;Latest Software Release:Exploitation Less Likely","2026-08-11T07:00:00"
"CVE-2026-62818","5120242","11924","Windows Server 2022 (Server Core installation)","10.0.20348.5499","8.8","Publicly Disclosed:No;Exploited:No;Latest Software Release:Exploitation Less Likely","2026-08-11T07:00:00"
"CVE-2026-62818","5120229","11923","Windows Server 2022","10.0.20348.5440","8.8","Publicly Disclosed:No;Exploited:No;Latest Software Release:Exploitation Less Likely","2026-08-11T07:00:00"
"CVE-2026-62818","5120229","11924","Windows Server 2022 (Server Core installation)","10.0.20348.5440","8.8","Publicly Disclosed:No;Exploited:No;Latest Software Release:Exploitation Less Likely","2026-08-11T07:00:00"
"CVE-2026-62818","5120233","12437","Windows Server 2025 (Server Core installation)","10.0.26100.33296","8.8","Publicly Disclosed:No;Exploited:No;Latest Software Release:Exploitation Less Likely","2026-08-11T07:00:00"
"CVE-2026-62818","5120233","12436","Windows Server 2025","10.0.26100.33296","8.8","Publicly Disclosed:No;Exploited:No;Latest Software Release:Exploitation Less Likely","2026-08-11T07:00:00"
"CVE-2026-62818","5120228","12437","Windows Server 2025 (Server Core installation)","10.0.26100.33222","8.8","Publicly Disclosed:No;Exploited:No;Latest Software Release:Exploitation Less Likely","2026-08-11T07:00:00"
"CVE-2026-62818","5120228","12436","Windows Server 2025","10.0.26100.33222","8.8","Publicly Disclosed:No;Exploited:No;Latest Software Release:Exploitation Less Likely","2026-08-11T07:00:00"
"CVE-2026-62818","5120418","10816","Windows Server 2016","10.0.14393.9418","8.8","Publicly Disclosed:No;Exploited:No;Latest Software Release:Exploitation Less Likely","2026-08-11T07:00:00"
"CVE-2026-62818","5120418","10855","Windows Server 2016 (Server Core installation)","10.0.14393.9418","8.8","Publicly Disclosed:No;Exploited:No;Latest Software Release:Exploitation Less Likely","2026-08-11T07:00:00"
"CVE-2026-62819","5120238","11571","Windows Server 2019","10.0.17763.9115","8.1","Publicly Disclosed:No;Exploited:No;Latest Software Release:Exploitation Less Likely","2026-08-11T07:00:00"
"CVE-2026-62819","5120238","11572","Windows Server 2019 (Server Core installation)","10.0.17763.9115","8.1","Publicly Disclosed:No;Exploited:No;Latest Software Release:Exploitation Less Likely","2026-08-11T07:00:00"
"CVE-2026-62819","5120242","11923","Windows Server 2022","10.0.20348.5499","8.1","Publicly Disclosed:No;Exploited:No;Latest Software Release:Exploitation Less Likely","2026-08-11T07:00:00"
"CVE-2026-62819","5120242","11924","Windows Server 2022 (Server Core installation)","10.0.20348.5499","8.1","Publicly Disclosed:No;Exploited:No;Latest Software Release:Exploitation Less Likely","2026-08-11T07:00:00"
"CVE-2026-62819","5120229","11923","Windows Server 2022","10.0.20348.5440","8.1","Publicly Disclosed:No;Exploited:No;Latest Software Release:Exploitation Less Likely","2026-08-11T07:00:00"
"CVE-2026-62819","5120229","11924","Windows Server 2022 (Server Core installation)","10.0.20348.5440","8.1","Publicly Disclosed:No;Exploited:No;Latest Software Release:Exploitation Less Likely","2026-08-11T07:00:00"
"CVE-2026-62819","5120249","11929","Windows 10 Version 21H2 for 32-bit Systems","10.0.19044.7663","8.1","Publicly Disclosed:No;Exploited:No;Latest Software Release:Exploitation Less Likely","2026-08-11T07:00:00"
"CVE-2026-62819","5120249","11930","Windows 10 Version 21H2 for ARM64-based Systems","10.0.19044.7663","8.1","Publicly Disclosed:No;Exploited:No;Latest Software Release:Exploitation Less Likely","2026-08-11T07:00:00"
"CVE-2026-62819","5120249","11931","Windows 10 Version 21H2 for x64-based Systems","10.0.19044.7663","8.1","Publicly Disclosed:No;Exploited:No;Latest Software Release:Exploitation Less Likely","2026-08-11T07:00:00"
"CVE-2026-62819","5120249","12097","Windows 10 Version 22H2 for x64-based Systems","10.0.19045.7663","8.1","Publicly Disclosed:No;Exploited:No;Latest Software Release:Exploitation Less Likely","2026-08-11T07:00:00"
"CVE-2026-62819","5120249","12098","Windows 10 Version 22H2 for ARM64-based Systems","10.0.19045.7663","8.1","Publicly Disclosed:No;Exploited:No;Latest Software Release:Exploitation Less Likely","2026-08-11T07:00:00"
"CVE-2026-62819","5120249","12099","Windows 10 Version 22H2 for 32-bit Systems","10.0.19045.7663","8.1","Publicly Disclosed:No;Exploited:No;Latest Software Release:Exploitation Less Likely","2026-08-11T07:00:00"
"CVE-2026-62819","5120233","12437","Windows Server 2025 (Server Core installation)","10.0.26100.33296","8.1","Publicly Disclosed:No;Exploited:No;Latest Software Release:Exploitation Less Likely","2026-08-11T07:00:00"
"CVE-2026-62819","5120233","12436","Windows Server 2025","10.0.26100.33296","8.1","Publicly Disclosed:No;Exploited:No;Latest Software Release:Exploitation Less Likely","2026-08-11T07:00:00"
"CVE-2026-62819","5120228","12437","Windows Server 2025 (Server Core installation)","10.0.26100.33222","8.1","Publicly Disclosed:No;Exploited:No;Latest Software Release:Exploitation Less Likely","2026-08-11T07:00:00"
"CVE-2026-62819","5120228","12436","Windows Server 2025","10.0.26100.33222","8.1","Publicly Disclosed:No;Exploited:No;Latest Software Release:Exploitation Less Likely","2026-08-11T07:00:00"
"CVE-2026-62819","5120240","12242","Windows 11 Version 23H2 for ARM64-based Systems","10.0.22631.7517","8.1","Publicly Disclosed:No;Exploited:No;Latest Software Release:Exploitation Less Likely","2026-08-11T07:00:00"
"CVE-2026-62819","5120240","12243","Windows 11 Version 23H2 for x64-based Systems","10.0.22631.7517","8.1","Publicly Disclosed:No;Exploited:No;Latest Software Release:Exploitation Less Likely","2026-08-11T07:00:00"
"CVE-2026-62819","5120418","10816","Windows Server 2016","10.0.14393.9418","8.1","Publicly Disclosed:No;Exploited:No;Latest Software Release:Exploitation Less Likely","2026-08-11T07:00:00"
"CVE-2026-62819","5120418","10855","Windows Server 2016 (Server Core installation)","10.0.14393.9418","8.1","Publicly Disclosed:No;Exploited:No;Latest Software Release:Exploitation Less Likely","2026-08-11T07:00:00"
"CVE-2026-62820","5120238","11571","Windows Server 2019","10.0.17763.9115","8.1","Publicly Disclosed:No;Exploited:No;Latest Software Release:Exploitation Less Likely","2026-08-11T07:00:00"
"CVE-2026-62820","5120238","11572","Windows Server 2019 (Server Core installation)","10.0.17763.9115","8.1","Publicly Disclosed:No;Exploited:No;Latest Software Release:Exploitation Less Likely","2026-08-11T07:00:00"
"CVE-2026-62820","5120242","11923","Windows Server 2022","10.0.20348.5499","8.1","Publicly Disclosed:No;Exploited:No;Latest Software Release:Exploitation Less Likely","2026-08-11T07:00:00"
"CVE-2026-62820","5120242","11924","Windows Server 2022 (Server Core installation)","10.0.20348.5499","8.1","Publicly Disclosed:No;Exploited:No;Latest Software Release:Exploitation Less Likely","2026-08-11T07:00:00"
"CVE-2026-62820","5120229","11923","Windows Server 2022","10.0.20348.5440","8.1","Publicly Disclosed:No;Exploited:No;Latest Software Release:Exploitation Less Likely","2026-08-11T07:00:00"
"CVE-2026-62820","5120229","11924","Windows Server 2022 (Server Core installation)","10.0.20348.5440","8.1","Publicly Disclosed:No;Exploited:No;Latest Software Release:Exploitation Less Likely","2026-08-11T07:00:00"
"CVE-2026-62820","5120233","12437","Windows Server 2025 (Server Core installation)","10.0.26100.33296","8.1","Publicly Disclosed:No;Exploited:No;Latest Software Release:Exploitation Less Likely","2026-08-11T07:00:00"
"CVE-2026-62820","5120233","12436","Windows Server 2025","10.0.26100.33296","8.1","Publicly Disclosed:No;Exploited:No;Latest Software Release:Exploitation Less Likely","2026-08-11T07:00:00"
"CVE-2026-62820","5120228","12437","Windows Server 2025 (Server Core installation)","10.0.26100.33222","8.1","Publicly Disclosed:No;Exploited:No;Latest Software Release:Exploitation Less Likely","2026-08-11T07:00:00"
"CVE-2026-62820","5120228","12436","Windows Server 2025","10.0.26100.33222","8.1","Publicly Disclosed:No;Exploited:No;Latest Software Release:Exploitation Less Likely","2026-08-11T07:00:00"
"CVE-2026-62820","5120418","10816","Windows Server 2016","10.0.14393.9418","8.1","Publicly Disclosed:No;Exploited:No;Latest Software Release:Exploitation Less Likely","2026-08-11T07:00:00"
"CVE-2026-62820","5120418","10855","Windows Server 2016 (Server Core installation)","10.0.14393.9418","8.1","Publicly Disclosed:No;Exploited:No;Latest Software Release:Exploitation Less Likely","2026-08-11T07:00:00"
"CVE-2026-62876","5120238","11571","Windows Server 2019","10.0.17763.9115","7.8","Publicly Disclosed:No;Exploited:No;Latest Software Release:Exploitation Less Likely","2026-08-11T07:00:00"
"CVE-2026-62876","5120238","11572","Windows Server 2019 (Server Core installation)","10.0.17763.9115","7.8","Publicly Disclosed:No;Exploited:No;Latest Software Release:Exploitation Less Likely","2026-08-11T07:00:00"
"CVE-2026-62876","5120242","11923","Windows Server 2022","10.0.20348.5499","7.8","Publicly Disclosed:No;Exploited:No;Latest Software Release:Exploitation Less Likely","2026-08-11T07:00:00"
"CVE-2026-62876","5120242","11924","Windows Server 2022 (Server Core installation)","10.0.20348.5499","7.8","Publicly Disclosed:No;Exploited:No;Latest Software Release:Exploitation Less Likely","2026-08-11T07:00:00"
"CVE-2026-62876","5120229","11923","Windows Server 2022","10.0.20348.5440","7.8","Publicly Disclosed:No;Exploited:No;Latest Software Release:Exploitation Less Likely","2026-08-11T07:00:00"
"CVE-2026-62876","5120229","11924","Windows Server 2022 (Server Core installation)","10.0.20348.5440","7.8","Publicly Disclosed:No;Exploited:No;Latest Software Release:Exploitation Less Likely","2026-08-11T07:00:00"
"CVE-2026-62876","5120249","11929","Windows 10 Version 21H2 for 32-bit Systems","10.0.19044.7663","7.8","Publicly Disclosed:No;Exploited:No;Latest Software Release:Exploitation Less Likely","2026-08-11T07:00:00"
"CVE-2026-62876","5120249","11930","Windows 10 Version 21H2 for ARM64-based Systems","10.0.19044.7663","7.8","Publicly Disclosed:No;Exploited:No;Latest Software Release:Exploitation Less Likely","2026-08-11T07:00:00"
"CVE-2026-62876","5120249","11931","Windows 10 Version 21H2 for x64-based Systems","10.0.19044.7663","7.8","Publicly Disclosed:No;Exploited:No;Latest Software Release:Exploitation Less Likely","2026-08-11T07:00:00"
"CVE-2026-62876","5120249","12097","Windows 10 Version 22H2 for x64-based Systems","10.0.19045.7663","7.8","Publicly Disclosed:No;Exploited:No;Latest Software Release:Exploitation Less Likely","2026-08-11T07:00:00"
"CVE-2026-62876","5120249","12098","Windows 10 Version 22H2 for ARM64-based Systems","10.0.19045.7663","7.8","Publicly Disclosed:No;Exploited:No;Latest Software Release:Exploitation Less Likely","2026-08-11T07:00:00"
"CVE-2026-62876","5120249","12099","Windows 10 Version 22H2 for 32-bit Systems","10.0.19045.7663","7.8","Publicly Disclosed:No;Exploited:No;Latest Software Release:Exploitation Less Likely","2026-08-11T07:00:00"
"CVE-2026-62876","5120233","12437","Windows Server 2025 (Server Core installation)","10.0.26100.33296","7.8","Publicly Disclosed:No;Exploited:No;Latest Software Release:Exploitation Less Likely","2026-08-11T07:00:00"
"CVE-2026-62876","5120233","12436","Windows Server 2025","10.0.26100.33296","7.8","Publicly Disclosed:No;Exploited:No;Latest Software Release:Exploitation Less Likely","2026-08-11T07:00:00"
"CVE-2026-62876","5120228","12437","Windows Server 2025 (Server Core installation)","10.0.26100.33222","7.8","Publicly Disclosed:No;Exploited:No;Latest Software Release:Exploitation Less Likely","2026-08-11T07:00:00"
"CVE-2026-62876","5120228","12436","Windows Server 2025","10.0.26100.33222","7.8","Publicly Disclosed:No;Exploited:No;Latest Software Release:Exploitation Less Likely","2026-08-11T07:00:00"
"CVE-2026-62876","5120240","12242","Windows 11 Version 23H2 for ARM64-based Systems","10.0.22631.7517","7.8","Publicly Disclosed:No;Exploited:No;Latest Software Release:Exploitation Less Likely","2026-08-11T07:00:00"
"CVE-2026-62876","5120240","12243","Windows 11 Version 23H2 for x64-based Systems","10.0.22631.7517","7.8","Publicly Disclosed:No;Exploited:No;Latest Software Release:Exploitation Less Likely","2026-08-11T07:00:00"
"CVE-2026-62876","5120418","10816","Windows Server 2016","10.0.14393.9418","7.8","Publicly Disclosed:No;Exploited:No;Latest Software Release:Exploitation Less Likely","2026-08-11T07:00:00"
"CVE-2026-62876","5120418","10855","Windows Server 2016 (Server Core installation)","10.0.14393.9418","7.8","Publicly Disclosed:No;Exploited:No;Latest Software Release:Exploitation Less Likely","2026-08-11T07:00:00"
"CVE-2026-62877","5120238","11571","Windows Server 2019","10.0.17763.9115","7.8","Publicly Disclosed:No;Exploited:No;Latest Software Release:Exploitation Less Likely","2026-08-11T07:00:00"
"CVE-2026-62877","5120238","11572","Windows Server 2019 (Server Core installation)","10.0.17763.9115","7.8","Publicly Disclosed:No;Exploited:No;Latest Software Release:Exploitation Less Likely","2026-08-11T07:00:00"
"CVE-2026-62877","5120242","11923","Windows Server 2022","10.0.20348.5499","7.8","Publicly Disclosed:No;Exploited:No;Latest Software Release:Exploitation Less Likely","2026-08-11T07:00:00"
"CVE-2026-62877","5120242","11924","Windows Server 2022 (Server Core installation)","10.0.20348.5499","7.8","Publicly Disclosed:No;Exploited:No;Latest Software Release:Exploitation Less Likely","2026-08-11T07:00:00"
"CVE-2026-62877","5120229","11923","Windows Server 2022","10.0.20348.5440","7.8","Publicly Disclosed:No;Exploited:No;Latest Software Release:Exploitation Less Likely","2026-08-11T07:00:00"
"CVE-2026-62877","5120229","11924","Windows Server 2022 (Server Core installation)","10.0.20348.5440","7.8","Publicly Disclosed:No;Exploited:No;Latest Software Release:Exploitation Less Likely","2026-08-11T07:00:00"
"CVE-2026-62877","5120249","11929","Windows 10 Version 21H2 for 32-bit Systems","10.0.19044.7663","7.8","Publicly Disclosed:No;Exploited:No;Latest Software Release:Exploitation Less Likely","2026-08-11T07:00:00"
"CVE-2026-62877","5120249","11930","Windows 10 Version 21H2 for ARM64-based Systems","10.0.19044.7663","7.8","Publicly Disclosed:No;Exploited:No;Latest Software Release:Exploitation Less Likely","2026-08-11T07:00:00"
"CVE-2026-62877","5120249","11931","Windows 10 Version 21H2 for x64-based Systems","10.0.19044.7663","7.8","Publicly Disclosed:No;Exploited:No;Latest Software Release:Exploitation Less Likely","2026-08-11T07:00:00"
"CVE-2026-62877","5120249","12097","Windows 10 Version 22H2 for x64-based Systems","10.0.19045.7663","7.8","Publicly Disclosed:No;Exploited:No;Latest Software Release:Exploitation Less Likely","2026-08-11T07:00:00"
"CVE-2026-62877","5120249","12098","Windows 10 Version 22H2 for ARM64-based Systems","10.0.19045.7663","7.8","Publicly Disclosed:No;Exploited:No;Latest Software Release:Exploitation Less Likely","2026-08-11T07:00:00"
"CVE-2026-62877","5120249","12099","Windows 10 Version 22H2 for 32-bit Systems","10.0.19045.7663","7.8","Publicly Disclosed:No;Exploited:No;Latest Software Release:Exploitation Less Likely","2026-08-11T07:00:00"
"CVE-2026-62877","5120233","12437","Windows Server 2025 (Server Core installation)","10.0.26100.33296","7.8","Publicly Disclosed:No;Exploited:No;Latest Software Release:Exploitation Less Likely","2026-08-11T07:00:00"
"CVE-2026-62877","5120233","12436","Windows Server 2025","10.0.26100.33296","7.8","Publicly Disclosed:No;Exploited:No;Latest Software Release:Exploitation Less Likely","2026-08-11T07:00:00"
"CVE-2026-62877","5120228","12437","Windows Server 2025 (Server Core installation)","10.0.26100.33222","7.8","Publicly Disclosed:No;Exploited:No;Latest Software Release:Exploitation Less Likely","2026-08-11T07:00:00"
"CVE-2026-62877","5120228","12436","Windows Server 2025","10.0.26100.33222","7.8","Publicly Disclosed:No;Exploited:No;Latest Software Release:Exploitation Less Likely","2026-08-11T07:00:00"
"CVE-2026-62877","5120240","12242","Windows 11 Version 23H2 for ARM64-based Systems","10.0.22631.7517","7.8","Publicly Disclosed:No;Exploited:No;Latest Software Release:Exploitation Less Likely","2026-08-11T07:00:00"
"CVE-2026-62877","5120240","12243","Windows 11 Version 23H2 for x64-based Systems","10.0.22631.7517","7.8","Publicly Disclosed:No;Exploited:No;Latest Software Release:Exploitation Less Likely","2026-08-11T07:00:00"
"CVE-2026-62877","5120418","10816","Windows Server 2016","10.0.14393.9418","7.8","Publicly Disclosed:No;Exploited:No;Latest Software Release:Exploitation Less Likely","2026-08-11T07:00:00"
"CVE-2026-62877","5120418","10855","Windows Server 2016 (Server Core installation)","10.0.14393.9418","7.8","Publicly Disclosed:No;Exploited:No;Latest Software Release:Exploitation Less Likely","2026-08-11T07:00:00"
"CVE-2026-62878","5120238","11571","Windows Server 2019","10.0.17763.9115","9.8","Publicly Disclosed:No;Exploited:No;Latest Software Release:Exploitation Less Likely","2026-08-11T07:00:00"
"CVE-2026-62878","5120238","11572","Windows Server 2019 (Server Core installation)","10.0.17763.9115","9.8","Publicly Disclosed:No;Exploited:No;Latest Software Release:Exploitation Less Likely","2026-08-11T07:00:00"
"CVE-2026-62878","5120242","11923","Windows Server 2022","10.0.20348.5499","9.8","Publicly Disclosed:No;Exploited:No;Latest Software Release:Exploitation Less Likely","2026-08-11T07:00:00"
"CVE-2026-62878","5120242","11924","Windows Server 2022 (Server Core installation)","10.0.20348.5499","9.8","Publicly Disclosed:No;Exploited:No;Latest Software Release:Exploitation Less Likely","2026-08-11T07:00:00"
"CVE-2026-62878","5120229","11923","Windows Server 2022","10.0.20348.5440","9.8","Publicly Disclosed:No;Exploited:No;Latest Software Release:Exploitation Less Likely","2026-08-11T07:00:00"
"CVE-2026-62878","5120229","11924","Windows Server 2022 (Server Core installation)","10.0.20348.5440","9.8","Publicly Disclosed:No;Exploited:No;Latest Software Release:Exploitation Less Likely","2026-08-11T07:00:00"
"CVE-2026-62878","5120233","12437","Windows Server 2025 (Server Core installation)","10.0.26100.33296","9.8","Publicly Disclosed:No;Exploited:No;Latest Software Release:Exploitation Less Likely","2026-08-11T07:00:00"
"CVE-2026-62878","5120233","12436","Windows Server 2025","10.0.26100.33296","9.8","Publicly Disclosed:No;Exploited:No;Latest Software Release:Exploitation Less Likely","2026-08-11T07:00:00"
"CVE-2026-62878","5120228","12437","Windows Server 2025 (Server Core installation)","10.0.26100.33222","9.8","Publicly Disclosed:No;Exploited:No;Latest Software Release:Exploitation Less Likely","2026-08-11T07:00:00"
"CVE-2026-62878","5120228","12436","Windows Server 2025","10.0.26100.33222","9.8","Publicly Disclosed:No;Exploited:No;Latest Software Release:Exploitation Less Likely","2026-08-11T07:00:00"
"CVE-2026-62878","5120418","10816","Windows Server 2016","10.0.14393.9418","9.8","Publicly Disclosed:No;Exploited:No;Latest Software Release:Exploitation Less Likely","2026-08-11T07:00:00"
"CVE-2026-62878","5120418","10855","Windows Server 2016 (Server Core installation)","10.0.14393.9418","9.8","Publicly Disclosed:No;Exploited:No;Latest Software Release:Exploitation Less Likely","2026-08-11T07:00:00"
"CVE-2026-62889","5120238","11571","Windows Server 2019","10.0.17763.9115","8.1","Publicly Disclosed:No;Exploited:No;Latest Software Release:Exploitation Less Likely","2026-08-11T07:00:00"
"CVE-2026-62889","5120238","11572","Windows Server 2019 (Server Core installation)","10.0.17763.9115","8.1","Publicly Disclosed:No;Exploited:No;Latest Software Release:Exploitation Less Likely","2026-08-11T07:00:00"
"CVE-2026-62889","5120242","11923","Windows Server 2022","10.0.20348.5499","8.1","Publicly Disclosed:No;Exploited:No;Latest Software Release:Exploitation Less Likely","2026-08-11T07:00:00"
"CVE-2026-62889","5120242","11924","Windows Server 2022 (Server Core installation)","10.0.20348.5499","8.1","Publicly Disclosed:No;Exploited:No;Latest Software Release:Exploitation Less Likely","2026-08-11T07:00:00"
"CVE-2026-62889","5120229","11923","Windows Server 2022","10.0.20348.5440","8.1","Publicly Disclosed:No;Exploited:No;Latest Software Release:Exploitation Less Likely","2026-08-11T07:00:00"
"CVE-2026-62889","5120229","11924","Windows Server 2022 (Server Core installation)","10.0.20348.5440","8.1","Publicly Disclosed:No;Exploited:No;Latest Software Release:Exploitation Less Likely","2026-08-11T07:00:00"
"CVE-2026-62889","5120249","11929","Windows 10 Version 21H2 for 32-bit Systems","10.0.19044.7663","8.1","Publicly Disclosed:No;Exploited:No;Latest Software Release:Exploitation Less Likely","2026-08-11T07:00:00"
"CVE-2026-62889","5120249","11930","Windows 10 Version 21H2 for ARM64-based Systems","10.0.19044.7663","8.1","Publicly Disclosed:No;Exploited:No;Latest Software Release:Exploitation Less Likely","2026-08-11T07:00:00"
"CVE-2026-62889","5120249","11931","Windows 10 Version 21H2 for x64-based Systems","10.0.19044.7663","8.1","Publicly Disclosed:No;Exploited:No;Latest Software Release:Exploitation Less Likely","2026-08-11T07:00:00"
"CVE-2026-62889","5120249","12097","Windows 10 Version 22H2 for x64-based Systems","10.0.19045.7663","8.1","Publicly Disclosed:No;Exploited:No;Latest Software Release:Exploitation Less Likely","2026-08-11T07:00:00"
"CVE-2026-62889","5120249","12098","Windows 10 Version 22H2 for ARM64-based Systems","10.0.19045.7663","8.1","Publicly Disclosed:No;Exploited:No;Latest Software Release:Exploitation Less Likely","2026-08-11T07:00:00"
"CVE-2026-62889","5120249","12099","Windows 10 Version 22H2 for 32-bit Systems","10.0.19045.7663","8.1","Publicly Disclosed:No;Exploited:No;Latest Software Release:Exploitation Less Likely","2026-08-11T07:00:00"
"CVE-2026-62889","5120233","12437","Windows Server 2025 (Server Core installation)","10.0.26100.33296","8.1","Publicly Disclosed:No;Exploited:No;Latest Software Release:Exploitation Less Likely","2026-08-11T07:00:00"
"CVE-2026-62889","5120233","12436","Windows Server 2025","10.0.26100.33296","8.1","Publicly Disclosed:No;Exploited:No;Latest Software Release:Exploitation Less Likely","2026-08-11T07:00:00"
"CVE-2026-62889","5120228","12437","Windows Server 2025 (Server Core installation)","10.0.26100.33222","8.1","Publicly Disclosed:No;Exploited:No;Latest Software Release:Exploitation Less Likely","2026-08-11T07:00:00"
"CVE-2026-62889","5120228","12436","Windows Server 2025","10.0.26100.33222","8.1","Publicly Disclosed:No;Exploited:No;Latest Software Release:Exploitation Less Likely","2026-08-11T07:00:00"
"CVE-2026-62889","5120240","12242","Windows 11 Version 23H2 for ARM64-based Systems","10.0.22631.7517","8.1","Publicly Disclosed:No;Exploited:No;Latest Software Release:Exploitation Less Likely","2026-08-11T07:00:00"
"CVE-2026-62889","5120240","12243","Windows 11 Version 23H2 for x64-based Systems","10.0.22631.7517","8.1","Publicly Disclosed:No;Exploited:No;Latest Software Release:Exploitation Less Likely","2026-08-11T07:00:00"
"CVE-2026-62889","5120418","10816","Windows Server 2016","10.0.14393.9418","8.1","Publicly Disclosed:No;Exploited:No;Latest Software Release:Exploitation Less Likely","2026-08-11T07:00:00"
"CVE-2026-62889","5120418","10855","Windows Server 2016 (Server Core installation)","10.0.14393.9418","8.1","Publicly Disclosed:No;Exploited:No;Latest Software Release:Exploitation Less Likely","2026-08-11T07:00:00"
"CVE-2026-62890","5120238","11571","Windows Server 2019","10.0.17763.9115","7.8","Publicly Disclosed:No;Exploited:No;Latest Software Release:Exploitation Less Likely","2026-08-11T07:00:00"
"CVE-2026-62890","5120238","11572","Windows Server 2019 (Server Core installation)","10.0.17763.9115","7.8","Publicly Disclosed:No;Exploited:No;Latest Software Release:Exploitation Less Likely","2026-08-11T07:00:00"
"CVE-2026-62890","5120242","11923","Windows Server 2022","10.0.20348.5499","7.8","Publicly Disclosed:No;Exploited:No;Latest Software Release:Exploitation Less Likely","2026-08-11T07:00:00"
"CVE-2026-62890","5120242","11924","Windows Server 2022 (Server Core installation)","10.0.20348.5499","7.8","Publicly Disclosed:No;Exploited:No;Latest Software Release:Exploitation Less Likely","2026-08-11T07:00:00"
"CVE-2026-62890","5120229","11923","Windows Server 2022","10.0.20348.5440","7.8","Publicly Disclosed:No;Exploited:No;Latest Software Release:Exploitation Less Likely","2026-08-11T07:00:00"
"CVE-2026-62890","5120229","11924","Windows Server 2022 (Server Core installation)","10.0.20348.5440","7.8","Publicly Disclosed:No;Exploited:No;Latest Software Release:Exploitation Less Likely","2026-08-11T07:00:00"
"CVE-2026-62890","5120249","11929","Windows 10 Version 21H2 for 32-bit Systems","10.0.19044.7663","7.8","Publicly Disclosed:No;Exploited:No;Latest Software Release:Exploitation Less Likely","2026-08-11T07:00:00"
"CVE-2026-62890","5120249","11930","Windows 10 Version 21H2 for ARM64-based Systems","10.0.19044.7663","7.8","Publicly Disclosed:No;Exploited:No;Latest Software Release:Exploitation Less Likely","2026-08-11T07:00:00"
"CVE-2026-62890","5120249","11931","Windows 10 Version 21H2 for x64-based Systems","10.0.19044.7663","7.8","Publicly Disclosed:No;Exploited:No;Latest Software Release:Exploitation Less Likely","2026-08-11T07:00:00"
"CVE-2026-62890","5120249","12097","Windows 10 Version 22H2 for x64-based Systems","10.0.19045.7663","7.8","Publicly Disclosed:No;Exploited:No;Latest Software Release:Exploitation Less Likely","2026-08-11T07:00:00"
"CVE-2026-62890","5120249","12098","Windows 10 Version 22H2 for ARM64-based Systems","10.0.19045.7663","7.8","Publicly Disclosed:No;Exploited:No;Latest Software Release:Exploitation Less Likely","2026-08-11T07:00:00"
"CVE-2026-62890","5120249","12099","Windows 10 Version 22H2 for 32-bit Systems","10.0.19045.7663","7.8","Publicly Disclosed:No;Exploited:No;Latest Software Release:Exploitation Less Likely","2026-08-11T07:00:00"
"CVE-2026-62890","5120233","12437","Windows Server 2025 (Server Core installation)","10.0.26100.33296","7.8","Publicly Disclosed:No;Exploited:No;Latest Software Release:Exploitation Less Likely","2026-08-11T07:00:00"
"CVE-2026-62890","5120233","12436","Windows Server 2025","10.0.26100.33296","7.8","Publicly Disclosed:No;Exploited:No;Latest Software Release:Exploitation Less Likely","2026-08-11T07:00:00"
"CVE-2026-62890","5120228","12437","Windows Server 2025 (Server Core installation)","10.0.26100.33222","7.8","Publicly Disclosed:No;Exploited:No;Latest Software Release:Exploitation Less Likely","2026-08-11T07:00:00"
"CVE-2026-62890","5120228","12436","Windows Server 2025","10.0.26100.33222","7.8","Publicly Disclosed:No;Exploited:No;Latest Software Release:Exploitation Less Likely","2026-08-11T07:00:00"
"CVE-2026-62890","5120240","12242","Windows 11 Version 23H2 for ARM64-based Systems","10.0.22631.7517","7.8","Publicly Disclosed:No;Exploited:No;Latest Software Release:Exploitation Less Likely","2026-08-11T07:00:00"
"CVE-2026-62890","5120240","12243","Windows 11 Version 23H2 for x64-based Systems","10.0.22631.7517","7.8","Publicly Disclosed:No;Exploited:No;Latest Software Release:Exploitation Less Likely","2026-08-11T07:00:00"
"CVE-2026-62890","5120418","10816","Windows Server 2016","10.0.14393.9418","7.8","Publicly Disclosed:No;Exploited:No;Latest Software Release:Exploitation Less Likely","2026-08-11T07:00:00"
"CVE-2026-62890","5120418","10855","Windows Server 2016 (Server Core installation)","10.0.14393.9418","7.8","Publicly Disclosed:No;Exploited:No;Latest Software Release:Exploitation Less Likely","2026-08-11T07:00:00"
"CVE-2026-62892","5120238","11571","Windows Server 2019","10.0.17763.9115","7.0","Publicly Disclosed:No;Exploited:No;Latest Software Release:Exploitation Less Likely","2026-08-11T07:00:00"
"CVE-2026-62892","5120238","11572","Windows Server 2019 (Server Core installation)","10.0.17763.9115","7.0","Publicly Disclosed:No;Exploited:No;Latest Software Release:Exploitation Less Likely","2026-08-11T07:00:00"
"CVE-2026-62892","5120242","11923","Windows Server 2022","10.0.20348.5499","7.0","Publicly Disclosed:No;Exploited:No;Latest Software Release:Exploitation Less Likely","2026-08-11T07:00:00"
"CVE-2026-62892","5120242","11924","Windows Server 2022 (Server Core installation)","10.0.20348.5499","7.0","Publicly Disclosed:No;Exploited:No;Latest Software Release:Exploitation Less Likely","2026-08-11T07:00:00"
"CVE-2026-62892","5120229","11923","Windows Server 2022","10.0.20348.5440","7.0","Publicly Disclosed:No;Exploited:No;Latest Software Release:Exploitation Less Likely","2026-08-11T07:00:00"
"CVE-2026-62892","5120229","11924","Windows Server 2022 (Server Core installation)","10.0.20348.5440","7.0","Publicly Disclosed:No;Exploited:No;Latest Software Release:Exploitation Less Likely","2026-08-11T07:00:00"
"CVE-2026-62892","5120249","11929","Windows 10 Version 21H2 for 32-bit Systems","10.0.19044.7663","7.0","Publicly Disclosed:No;Exploited:No;Latest Software Release:Exploitation Less Likely","2026-08-11T07:00:00"
"CVE-2026-62892","5120249","11930","Windows 10 Version 21H2 for ARM64-based Systems","10.0.19044.7663","7.0","Publicly Disclosed:No;Exploited:No;Latest Software Release:Exploitation Less Likely","2026-08-11T07:00:00"
"CVE-2026-62892","5120249","11931","Windows 10 Version 21H2 for x64-based Systems","10.0.19044.7663","7.0","Publicly Disclosed:No;Exploited:No;Latest Software Release:Exploitation Less Likely","2026-08-11T07:00:00"
"CVE-2026-62892","5120249","12097","Windows 10 Version 22H2 for x64-based Systems","10.0.19045.7663","7.0","Publicly Disclosed:No;Exploited:No;Latest Software Release:Exploitation Less Likely","2026-08-11T07:00:00"
"CVE-2026-62892","5120249","12098","Windows 10 Version 22H2 for ARM64-based Systems","10.0.19045.7663","7.0","Publicly Disclosed:No;Exploited:No;Latest Software Release:Exploitation Less Likely","2026-08-11T07:00:00"
"CVE-2026-62892","5120249","12099","Windows 10 Version 22H2 for 32-bit Systems","10.0.19045.7663","7.0","Publicly Disclosed:No;Exploited:No;Latest Software Release:Exploitation Less Likely","2026-08-11T07:00:00"
"CVE-2026-62892","5120233","12437","Windows Server 2025 (Server Core installation)","10.0.26100.33296","7.0","Publicly Disclosed:No;Exploited:No;Latest Software Release:Exploitation Less Likely","2026-08-11T07:00:00"
"CVE-2026-62892","5120233","12436","Windows Server 2025","10.0.26100.33296","7.0","Publicly Disclosed:No;Exploited:No;Latest Software Release:Exploitation Less Likely","2026-08-11T07:00:00"
"CVE-2026-62892","5120228","12437","Windows Server 2025 (Server Core installation)","10.0.26100.33222","7.0","Publicly Disclosed:No;Exploited:No;Latest Software Release:Exploitation Less Likely","2026-08-11T07:00:00"
"CVE-2026-62892","5120228","12436","Windows Server 2025","10.0.26100.33222","7.0","Publicly Disclosed:No;Exploited:No;Latest Software Release:Exploitation Less Likely","2026-08-11T07:00:00"
"CVE-2026-62892","5120240","12242","Windows 11 Version 23H2 for ARM64-based Systems","10.0.22631.7517","7.0","Publicly Disclosed:No;Exploited:No;Latest Software Release:Exploitation Less Likely","2026-08-11T07:00:00"
"CVE-2026-62892","5120240","12243","Windows 11 Version 23H2 for x64-based Systems","10.0.22631.7517","7.0","Publicly Disclosed:No;Exploited:No;Latest Software Release:Exploitation Less Likely","2026-08-11T07:00:00"
"CVE-2026-62893","5120238","11571","Windows Server 2019","10.0.17763.9115","9.8","Publicly Disclosed:No;Exploited:No;Latest Software Release:Exploitation More Likely","2026-08-11T07:00:00"
"CVE-2026-62893","5120238","11572","Windows Server 2019 (Server Core installation)","10.0.17763.9115","9.8","Publicly Disclosed:No;Exploited:No;Latest Software Release:Exploitation More Likely","2026-08-11T07:00:00"
"CVE-2026-62893","5120242","11923","Windows Server 2022","10.0.20348.5499","9.8","Publicly Disclosed:No;Exploited:No;Latest Software Release:Exploitation More Likely","2026-08-11T07:00:00"
"CVE-2026-62893","5120242","11924","Windows Server 2022 (Server Core installation)","10.0.20348.5499","9.8","Publicly Disclosed:No;Exploited:No;Latest Software Release:Exploitation More Likely","2026-08-11T07:00:00"
"CVE-2026-62893","5120229","11923","Windows Server 2022","10.0.20348.5440","9.8","Publicly Disclosed:No;Exploited:No;Latest Software Release:Exploitation More Likely","2026-08-11T07:00:00"
"CVE-2026-62893","5120229","11924","Windows Server 2022 (Server Core installation)","10.0.20348.5440","9.8","Publicly Disclosed:No;Exploited:No;Latest Software Release:Exploitation More Likely","2026-08-11T07:00:00"
"CVE-2026-62893","5120233","12437","Windows Server 2025 (Server Core installation)","10.0.26100.33296","9.8","Publicly Disclosed:No;Exploited:No;Latest Software Release:Exploitation More Likely","2026-08-11T07:00:00"
"CVE-2026-62893","5120233","12436","Windows Server 2025","10.0.26100.33296","9.8","Publicly Disclosed:No;Exploited:No;Latest Software Release:Exploitation More Likely","2026-08-11T07:00:00"
"CVE-2026-62893","5120228","12437","Windows Server 2025 (Server Core installation)","10.0.26100.33222","9.8","Publicly Disclosed:No;Exploited:No;Latest Software Release:Exploitation More Likely","2026-08-11T07:00:00"
"CVE-2026-62893","5120228","12436","Windows Server 2025","10.0.26100.33222","9.8","Publicly Disclosed:No;Exploited:No;Latest Software Release:Exploitation More Likely","2026-08-11T07:00:00"
"CVE-2026-62893","5120418","10816","Windows Server 2016","10.0.14393.9418","9.8","Publicly Disclosed:No;Exploited:No;Latest Software Release:Exploitation More Likely","2026-08-11T07:00:00"
"CVE-2026-62893","5120418","10855","Windows Server 2016 (Server Core installation)","10.0.14393.9418","9.8","Publicly Disclosed:No;Exploited:No;Latest Software Release:Exploitation More Likely","2026-08-11T07:00:00"
"CVE-2026-62894","5120238","11571","Windows Server 2019","10.0.17763.9115","7.8","Publicly Disclosed:No;Exploited:No;Latest Software Release:Exploitation Less Likely","2026-08-11T07:00:00"
"CVE-2026-62894","5120238","11572","Windows Server 2019 (Server Core installation)","10.0.17763.9115","7.8","Publicly Disclosed:No;Exploited:No;Latest Software Release:Exploitation Less Likely","2026-08-11T07:00:00"
"CVE-2026-62894","5120242","11923","Windows Server 2022","10.0.20348.5499","7.8","Publicly Disclosed:No;Exploited:No;Latest Software Release:Exploitation Less Likely","2026-08-11T07:00:00"
"CVE-2026-62894","5120242","11924","Windows Server 2022 (Server Core installation)","10.0.20348.5499","7.8","Publicly Disclosed:No;Exploited:No;Latest Software Release:Exploitation Less Likely","2026-08-11T07:00:00"
"CVE-2026-62894","5120229","11923","Windows Server 2022","10.0.20348.5440","7.8","Publicly Disclosed:No;Exploited:No;Latest Software Release:Exploitation Less Likely","2026-08-11T07:00:00"
"CVE-2026-62894","5120229","11924","Windows Server 2022 (Server Core installation)","10.0.20348.5440","7.8","Publicly Disclosed:No;Exploited:No;Latest Software Release:Exploitation Less Likely","2026-08-11T07:00:00"
"CVE-2026-62894","5120249","11929","Windows 10 Version 21H2 for 32-bit Systems","10.0.19044.7663","7.8","Publicly Disclosed:No;Exploited:No;Latest Software Release:Exploitation Less Likely","2026-08-11T07:00:00"
"CVE-2026-62894","5120249","11930","Windows 10 Version 21H2 for ARM64-based Systems","10.0.19044.7663","7.8","Publicly Disclosed:No;Exploited:No;Latest Software Release:Exploitation Less Likely","2026-08-11T07:00:00"
"CVE-2026-62894","5120249","11931","Windows 10 Version 21H2 for x64-based Systems","10.0.19044.7663","7.8","Publicly Disclosed:No;Exploited:No;Latest Software Release:Exploitation Less Likely","2026-08-11T07:00:00"
"CVE-2026-62894","5120249","12097","Windows 10 Version 22H2 for x64-based Systems","10.0.19045.7663","7.8","Publicly Disclosed:No;Exploited:No;Latest Software Release:Exploitation Less Likely","2026-08-11T07:00:00"
"CVE-2026-62894","5120249","12098","Windows 10 Version 22H2 for ARM64-based Systems","10.0.19045.7663","7.8","Publicly Disclosed:No;Exploited:No;Latest Software Release:Exploitation Less Likely","2026-08-11T07:00:00"
"CVE-2026-62894","5120249","12099","Windows 10 Version 22H2 for 32-bit Systems","10.0.19045.7663","7.8","Publicly Disclosed:No;Exploited:No;Latest Software Release:Exploitation Less Likely","2026-08-11T07:00:00"
"CVE-2026-62894","5120233","12437","Windows Server 2025 (Server Core installation)","10.0.26100.33296","7.8","Publicly Disclosed:No;Exploited:No;Latest Software Release:Exploitation Less Likely","2026-08-11T07:00:00"
"CVE-2026-62894","5120233","12436","Windows Server 2025","10.0.26100.33296","7.8","Publicly Disclosed:No;Exploited:No;Latest Software Release:Exploitation Less Likely","2026-08-11T07:00:00"
"CVE-2026-62894","5120228","12437","Windows Server 2025 (Server Core installation)","10.0.26100.33222","7.8","Publicly Disclosed:No;Exploited:No;Latest Software Release:Exploitation Less Likely","2026-08-11T07:00:00"
"CVE-2026-62894","5120228","12436","Windows Server 2025","10.0.26100.33222","7.8","Publicly Disclosed:No;Exploited:No;Latest Software Release:Exploitation Less Likely","2026-08-11T07:00:00"
"CVE-2026-62894","5120240","12242","Windows 11 Version 23H2 for ARM64-based Systems","10.0.22631.7517","7.8","Publicly Disclosed:No;Exploited:No;Latest Software Release:Exploitation Less Likely","2026-08-11T07:00:00"
"CVE-2026-62894","5120240","12243","Windows 11 Version 23H2 for x64-based Systems","10.0.22631.7517","7.8","Publicly Disclosed:No;Exploited:No;Latest Software Release:Exploitation Less Likely","2026-08-11T07:00:00"
"CVE-2026-62894","5120418","10816","Windows Server 2016","10.0.14393.9418","7.8","Publicly Disclosed:No;Exploited:No;Latest Software Release:Exploitation Less Likely","2026-08-11T07:00:00"
"CVE-2026-62894","5120418","10855","Windows Server 2016 (Server Core installation)","10.0.14393.9418","7.8","Publicly Disclosed:No;Exploited:No;Latest Software Release:Exploitation Less Likely","2026-08-11T07:00:00"
"CVE-2026-62908","5120238","11571","Windows Server 2019","10.0.17763.9115","7.0","Publicly Disclosed:No;Exploited:No;Latest Software Release:Exploitation Unlikely","2026-08-11T07:00:00"
"CVE-2026-62908","5120238","11572","Windows Server 2019 (Server Core installation)","10.0.17763.9115","7.0","Publicly Disclosed:No;Exploited:No;Latest Software Release:Exploitation Unlikely","2026-08-11T07:00:00"
"CVE-2026-62908","5120242","11923","Windows Server 2022","10.0.20348.5499","7.0","Publicly Disclosed:No;Exploited:No;Latest Software Release:Exploitation Unlikely","2026-08-11T07:00:00"
"CVE-2026-62908","5120242","11924","Windows Server 2022 (Server Core installation)","10.0.20348.5499","7.0","Publicly Disclosed:No;Exploited:No;Latest Software Release:Exploitation Unlikely","2026-08-11T07:00:00"
"CVE-2026-62908","5120229","11923","Windows Server 2022","10.0.20348.5440","7.0","Publicly Disclosed:No;Exploited:No;Latest Software Release:Exploitation Unlikely","2026-08-11T07:00:00"
"CVE-2026-62908","5120229","11924","Windows Server 2022 (Server Core installation)","10.0.20348.5440","7.0","Publicly Disclosed:No;Exploited:No;Latest Software Release:Exploitation Unlikely","2026-08-11T07:00:00"
"CVE-2026-62908","5120249","11929","Windows 10 Version 21H2 for 32-bit Systems","10.0.19044.7663","7.0","Publicly Disclosed:No;Exploited:No;Latest Software Release:Exploitation Unlikely","2026-08-11T07:00:00"
"CVE-2026-62908","5120249","11930","Windows 10 Version 21H2 for ARM64-based Systems","10.0.19044.7663","7.0","Publicly Disclosed:No;Exploited:No;Latest Software Release:Exploitation Unlikely","2026-08-11T07:00:00"
"CVE-2026-62908","5120249","11931","Windows 10 Version 21H2 for x64-based Systems","10.0.19044.7663","7.0","Publicly Disclosed:No;Exploited:No;Latest Software Release:Exploitation Unlikely","2026-08-11T07:00:00"
"CVE-2026-62908","5120249","12097","Windows 10 Version 22H2 for x64-based Systems","10.0.19045.7663","7.0","Publicly Disclosed:No;Exploited:No;Latest Software Release:Exploitation Unlikely","2026-08-11T07:00:00"
"CVE-2026-62908","5120249","12098","Windows 10 Version 22H2 for ARM64-based Systems","10.0.19045.7663","7.0","Publicly Disclosed:No;Exploited:No;Latest Software Release:Exploitation Unlikely","2026-08-11T07:00:00"
"CVE-2026-62908","5120249","12099","Windows 10 Version 22H2 for 32-bit Systems","10.0.19045.7663","7.0","Publicly Disclosed:No;Exploited:No;Latest Software Release:Exploitation Unlikely","2026-08-11T07:00:00"
"CVE-2026-62908","5120233","12437","Windows Server 2025 (Server Core installation)","10.0.26100.33296","7.0","Publicly Disclosed:No;Exploited:No;Latest Software Release:Exploitation Unlikely","2026-08-11T07:00:00"
"CVE-2026-62908","5120233","12436","Windows Server 2025","10.0.26100.33296","7.0","Publicly Disclosed:No;Exploited:No;Latest Software Release:Exploitation Unlikely","2026-08-11T07:00:00"
"CVE-2026-62908","5120228","12437","Windows Server 2025 (Server Core installation)","10.0.26100.33222","7.0","Publicly Disclosed:No;Exploited:No;Latest Software Release:Exploitation Unlikely","2026-08-11T07:00:00"
"CVE-2026-62908","5120228","12436","Windows Server 2025","10.0.26100.33222","7.0","Publicly Disclosed:No;Exploited:No;Latest Software Release:Exploitation Unlikely","2026-08-11T07:00:00"
"CVE-2026-62908","5120240","12242","Windows 11 Version 23H2 for ARM64-based Systems","10.0.22631.7517","7.0","Publicly Disclosed:No;Exploited:No;Latest Software Release:Exploitation Unlikely","2026-08-11T07:00:00"
"CVE-2026-62908","5120240","12243","Windows 11 Version 23H2 for x64-based Systems","10.0.22631.7517","7.0","Publicly Disclosed:No;Exploited:No;Latest Software Release:Exploitation Unlikely","2026-08-11T07:00:00"
"CVE-2026-62908","5120418","10816","Windows Server 2016","10.0.14393.9418","7.0","Publicly Disclosed:No;Exploited:No;Latest Software Release:Exploitation Unlikely","2026-08-11T07:00:00"
"CVE-2026-62908","5120418","10855","Windows Server 2016 (Server Core installation)","10.0.14393.9418","7.0","Publicly Disclosed:No;Exploited:No;Latest Software Release:Exploitation Unlikely","2026-08-11T07:00:00"
"CVE-2026-65662","5120238","11571","Windows Server 2019","10.0.17763.9115","5.5","Publicly Disclosed:No;Exploited:No;Latest Software Release:Exploitation Less Likely","2026-08-11T07:00:00"
"CVE-2026-65662","5120238","11572","Windows Server 2019 (Server Core installation)","10.0.17763.9115","5.5","Publicly Disclosed:No;Exploited:No;Latest Software Release:Exploitation Less Likely","2026-08-11T07:00:00"
"CVE-2026-65662","5120242","11923","Windows Server 2022","10.0.20348.5499","5.5","Publicly Disclosed:No;Exploited:No;Latest Software Release:Exploitation Less Likely","2026-08-11T07:00:00"
"CVE-2026-65662","5120242","11924","Windows Server 2022 (Server Core installation)","10.0.20348.5499","5.5","Publicly Disclosed:No;Exploited:No;Latest Software Release:Exploitation Less Likely","2026-08-11T07:00:00"
"CVE-2026-65662","5120229","11923","Windows Server 2022","10.0.20348.5440","5.5","Publicly Disclosed:No;Exploited:No;Latest Software Release:Exploitation Less Likely","2026-08-11T07:00:00"
"CVE-2026-65662","5120229","11924","Windows Server 2022 (Server Core installation)","10.0.20348.5440","5.5","Publicly Disclosed:No;Exploited:No;Latest Software Release:Exploitation Less Likely","2026-08-11T07:00:00"
"CVE-2026-65662","5120249","11929","Windows 10 Version 21H2 for 32-bit Systems","10.0.19044.7663","5.5","Publicly Disclosed:No;Exploited:No;Latest Software Release:Exploitation Less Likely","2026-08-11T07:00:00"
"CVE-2026-65662","5120249","11930","Windows 10 Version 21H2 for ARM64-based Systems","10.0.19044.7663","5.5","Publicly Disclosed:No;Exploited:No;Latest Software Release:Exploitation Less Likely","2026-08-11T07:00:00"
"CVE-2026-65662","5120249","11931","Windows 10 Version 21H2 for x64-based Systems","10.0.19044.7663","5.5","Publicly Disclosed:No;Exploited:No;Latest Software Release:Exploitation Less Likely","2026-08-11T07:00:00"
"CVE-2026-65662","5120249","12097","Windows 10 Version 22H2 for x64-based Systems","10.0.19045.7663","5.5","Publicly Disclosed:No;Exploited:No;Latest Software Release:Exploitation Less Likely","2026-08-11T07:00:00"
"CVE-2026-65662","5120249","12098","Windows 10 Version 22H2 for ARM64-based Systems","10.0.19045.7663","5.5","Publicly Disclosed:No;Exploited:No;Latest Software Release:Exploitation Less Likely","2026-08-11T07:00:00"
"CVE-2026-65662","5120249","12099","Windows 10 Version 22H2 for 32-bit Systems","10.0.19045.7663","5.5","Publicly Disclosed:No;Exploited:No;Latest Software Release:Exploitation Less Likely","2026-08-11T07:00:00"
"CVE-2026-65662","5120233","12437","Windows Server 2025 (Server Core installation)","10.0.26100.33296","5.5","Publicly Disclosed:No;Exploited:No;Latest Software Release:Exploitation Less Likely","2026-08-11T07:00:00"
"CVE-2026-65662","5120233","12436","Windows Server 2025","10.0.26100.33296","5.5","Publicly Disclosed:No;Exploited:No;Latest Software Release:Exploitation Less Likely","2026-08-11T07:00:00"
"CVE-2026-65662","5120228","12437","Windows Server 2025 (Server Core installation)","10.0.26100.33222","5.5","Publicly Disclosed:No;Exploited:No;Latest Software Release:Exploitation Less Likely","2026-08-11T07:00:00"
"CVE-2026-65662","5120228","12436","Windows Server 2025","10.0.26100.33222","5.5","Publicly Disclosed:No;Exploited:No;Latest Software Release:Exploitation Less Likely","2026-08-11T07:00:00"
"CVE-2026-65662","5120240","12242","Windows 11 Version 23H2 for ARM64-based Systems","10.0.22631.7517","5.5","Publicly Disclosed:No;Exploited:No;Latest Software Release:Exploitation Less Likely","2026-08-11T07:00:00"
"CVE-2026-65662","5120240","12243","Windows 11 Version 23H2 for x64-based Systems","10.0.22631.7517","5.5","Publicly Disclosed:No;Exploited:No;Latest Software Release:Exploitation Less Likely","2026-08-11T07:00:00"
"CVE-2026-65662","5120418","10816","Windows Server 2016","10.0.14393.9418","5.5","Publicly Disclosed:No;Exploited:No;Latest Software Release:Exploitation Less Likely","2026-08-11T07:00:00"
"CVE-2026-65662","5120418","10855","Windows Server 2016 (Server Core installation)","10.0.14393.9418","5.5","Publicly Disclosed:No;Exploited:No;Latest Software Release:Exploitation Less Likely","2026-08-11T07:00:00"
"CVE-2026-65671","5120238","11571","Windows Server 2019","10.0.17763.9115","7.8","Publicly Disclosed:No;Exploited:No;Latest Software Release:Exploitation Less Likely","2026-08-11T07:00:00"
"CVE-2026-65671","5120238","11572","Windows Server 2019 (Server Core installation)","10.0.17763.9115","7.8","Publicly Disclosed:No;Exploited:No;Latest Software Release:Exploitation Less Likely","2026-08-11T07:00:00"
"CVE-2026-65671","5120242","11923","Windows Server 2022","10.0.20348.5499","7.8","Publicly Disclosed:No;Exploited:No;Latest Software Release:Exploitation Less Likely","2026-08-11T07:00:00"
"CVE-2026-65671","5120242","11924","Windows Server 2022 (Server Core installation)","10.0.20348.5499","7.8","Publicly Disclosed:No;Exploited:No;Latest Software Release:Exploitation Less Likely","2026-08-11T07:00:00"
"CVE-2026-65671","5120229","11923","Windows Server 2022","10.0.20348.5440","7.8","Publicly Disclosed:No;Exploited:No;Latest Software Release:Exploitation Less Likely","2026-08-11T07:00:00"
"CVE-2026-65671","5120229","11924","Windows Server 2022 (Server Core installation)","10.0.20348.5440","7.8","Publicly Disclosed:No;Exploited:No;Latest Software Release:Exploitation Less Likely","2026-08-11T07:00:00"
"CVE-2026-65671","5120249","11929","Windows 10 Version 21H2 for 32-bit Systems","10.0.19044.7663","7.8","Publicly Disclosed:No;Exploited:No;Latest Software Release:Exploitation Less Likely","2026-08-11T07:00:00"
"CVE-2026-65671","5120249","11930","Windows 10 Version 21H2 for ARM64-based Systems","10.0.19044.7663","7.8","Publicly Disclosed:No;Exploited:No;Latest Software Release:Exploitation Less Likely","2026-08-11T07:00:00"
"CVE-2026-65671","5120249","11931","Windows 10 Version 21H2 for x64-based Systems","10.0.19044.7663","7.8","Publicly Disclosed:No;Exploited:No;Latest Software Release:Exploitation Less Likely","2026-08-11T07:00:00"
"CVE-2026-65671","5120249","12097","Windows 10 Version 22H2 for x64-based Systems","10.0.19045.7663","7.8","Publicly Disclosed:No;Exploited:No;Latest Software Release:Exploitation Less Likely","2026-08-11T07:00:00"
"CVE-2026-65671","5120249","12098","Windows 10 Version 22H2 for ARM64-based Systems","10.0.19045.7663","7.8","Publicly Disclosed:No;Exploited:No;Latest Software Release:Exploitation Less Likely","2026-08-11T07:00:00"
"CVE-2026-65671","5120249","12099","Windows 10 Version 22H2 for 32-bit Systems","10.0.19045.7663","7.8","Publicly Disclosed:No;Exploited:No;Latest Software Release:Exploitation Less Likely","2026-08-11T07:00:00"
"CVE-2026-65671","5120233","12437","Windows Server 2025 (Server Core installation)","10.0.26100.33296","7.8","Publicly Disclosed:No;Exploited:No;Latest Software Release:Exploitation Less Likely","2026-08-11T07:00:00"
"CVE-2026-65671","5120233","12436","Windows Server 2025","10.0.26100.33296","7.8","Publicly Disclosed:No;Exploited:No;Latest Software Release:Exploitation Less Likely","2026-08-11T07:00:00"
"CVE-2026-65671","5120228","12437","Windows Server 2025 (Server Core installation)","10.0.26100.33222","7.8","Publicly Disclosed:No;Exploited:No;Latest Software Release:Exploitation Less Likely","2026-08-11T07:00:00"
"CVE-2026-65671","5120228","12436","Windows Server 2025","10.0.26100.33222","7.8","Publicly Disclosed:No;Exploited:No;Latest Software Release:Exploitation Less Likely","2026-08-11T07:00:00"
"CVE-2026-65671","5120240","12242","Windows 11 Version 23H2 for ARM64-based Systems","10.0.22631.7517","7.8","Publicly Disclosed:No;Exploited:No;Latest Software Release:Exploitation Less Likely","2026-08-11T07:00:00"
"CVE-2026-65671","5120240","12243","Windows 11 Version 23H2 for x64-based Systems","10.0.22631.7517","7.8","Publicly Disclosed:No;Exploited:No;Latest Software Release:Exploitation Less Likely","2026-08-11T07:00:00"
"CVE-2026-65671","5120418","10816","Windows Server 2016","10.0.14393.9418","7.8","Publicly Disclosed:No;Exploited:No;Latest Software Release:Exploitation Less Likely","2026-08-11T07:00:00"
"CVE-2026-65671","5120418","10855","Windows Server 2016 (Server Core installation)","10.0.14393.9418","7.8","Publicly Disclosed:No;Exploited:No;Latest Software Release:Exploitation Less Likely","2026-08-11T07:00:00"
"CVE-2026-65672","5120242","11923","Windows Server 2022","10.0.20348.5499","7.8","Publicly Disclosed:No;Exploited:No;Latest Software Release:Exploitation Less Likely","2026-08-11T07:00:00"
"CVE-2026-65672","5120242","11924","Windows Server 2022 (Server Core installation)","10.0.20348.5499","7.8","Publicly Disclosed:No;Exploited:No;Latest Software Release:Exploitation Less Likely","2026-08-11T07:00:00"
"CVE-2026-65672","5120229","11923","Windows Server 2022","10.0.20348.5440","7.8","Publicly Disclosed:No;Exploited:No;Latest Software Release:Exploitation Less Likely","2026-08-11T07:00:00"
"CVE-2026-65672","5120229","11924","Windows Server 2022 (Server Core installation)","10.0.20348.5440","7.8","Publicly Disclosed:No;Exploited:No;Latest Software Release:Exploitation Less Likely","2026-08-11T07:00:00"
"CVE-2026-65672","5120233","12437","Windows Server 2025 (Server Core installation)","10.0.26100.33296","7.8","Publicly Disclosed:No;Exploited:No;Latest Software Release:Exploitation Less Likely","2026-08-11T07:00:00"
"CVE-2026-65672","5120233","12436","Windows Server 2025","10.0.26100.33296","7.8","Publicly Disclosed:No;Exploited:No;Latest Software Release:Exploitation Less Likely","2026-08-11T07:00:00"
"CVE-2026-65672","5120228","12437","Windows Server 2025 (Server Core installation)","10.0.26100.33222","7.8","Publicly Disclosed:No;Exploited:No;Latest Software Release:Exploitation Less Likely","2026-08-11T07:00:00"
"CVE-2026-65672","5120228","12436","Windows Server 2025","10.0.26100.33222","7.8","Publicly Disclosed:No;Exploited:No;Latest Software Release:Exploitation Less Likely","2026-08-11T07:00:00"
"CVE-2026-65672","5120240","12242","Windows 11 Version 23H2 for ARM64-based Systems","10.0.22631.7517","7.8","Publicly Disclosed:No;Exploited:No;Latest Software Release:Exploitation Less Likely","2026-08-11T07:00:00"
"CVE-2026-65672","5120240","12243","Windows 11 Version 23H2 for x64-based Systems","10.0.22631.7517","7.8","Publicly Disclosed:No;Exploited:No;Latest Software Release:Exploitation Less Likely","2026-08-11T07:00:00"
"CVE-2026-65678","5120238","11571","Windows Server 2019","10.0.17763.9115","7.0","Publicly Disclosed:No;Exploited:No;Latest Software Release:Exploitation Less Likely","2026-08-11T07:00:00"
"CVE-2026-65678","5120238","11572","Windows Server 2019 (Server Core installation)","10.0.17763.9115","7.0","Publicly Disclosed:No;Exploited:No;Latest Software Release:Exploitation Less Likely","2026-08-11T07:00:00"
"CVE-2026-65678","5120242","11923","Windows Server 2022","10.0.20348.5499","7.0","Publicly Disclosed:No;Exploited:No;Latest Software Release:Exploitation Less Likely","2026-08-11T07:00:00"
"CVE-2026-65678","5120242","11924","Windows Server 2022 (Server Core installation)","10.0.20348.5499","7.0","Publicly Disclosed:No;Exploited:No;Latest Software Release:Exploitation Less Likely","2026-08-11T07:00:00"
"CVE-2026-65678","5120229","11923","Windows Server 2022","10.0.20348.5440","7.0","Publicly Disclosed:No;Exploited:No;Latest Software Release:Exploitation Less Likely","2026-08-11T07:00:00"
"CVE-2026-65678","5120229","11924","Windows Server 2022 (Server Core installation)","10.0.20348.5440","7.0","Publicly Disclosed:No;Exploited:No;Latest Software Release:Exploitation Less Likely","2026-08-11T07:00:00"
"CVE-2026-65678","5120249","11929","Windows 10 Version 21H2 for 32-bit Systems","10.0.19044.7663","7.0","Publicly Disclosed:No;Exploited:No;Latest Software Release:Exploitation Less Likely","2026-08-11T07:00:00"
"CVE-2026-65678","5120249","11930","Windows 10 Version 21H2 for ARM64-based Systems","10.0.19044.7663","7.0","Publicly Disclosed:No;Exploited:No;Latest Software Release:Exploitation Less Likely","2026-08-11T07:00:00"
"CVE-2026-65678","5120249","11931","Windows 10 Version 21H2 for x64-based Systems","10.0.19044.7663","7.0","Publicly Disclosed:No;Exploited:No;Latest Software Release:Exploitation Less Likely","2026-08-11T07:00:00"
"CVE-2026-65678","5120249","12097","Windows 10 Version 22H2 for x64-based Systems","10.0.19045.7663","7.0","Publicly Disclosed:No;Exploited:No;Latest Software Release:Exploitation Less Likely","2026-08-11T07:00:00"
"CVE-2026-65678","5120249","12098","Windows 10 Version 22H2 for ARM64-based Systems","10.0.19045.7663","7.0","Publicly Disclosed:No;Exploited:No;Latest Software Release:Exploitation Less Likely","2026-08-11T07:00:00"
"CVE-2026-65678","5120249","12099","Windows 10 Version 22H2 for 32-bit Systems","10.0.19045.7663","7.0","Publicly Disclosed:No;Exploited:No;Latest Software Release:Exploitation Less Likely","2026-08-11T07:00:00"
"CVE-2026-65678","5120233","12437","Windows Server 2025 (Server Core installation)","10.0.26100.33296","7.0","Publicly Disclosed:No;Exploited:No;Latest Software Release:Exploitation Less Likely","2026-08-11T07:00:00"
"CVE-2026-65678","5120233","12436","Windows Server 2025","10.0.26100.33296","7.0","Publicly Disclosed:No;Exploited:No;Latest Software Release:Exploitation Less Likely","2026-08-11T07:00:00"
"CVE-2026-65678","5120228","12437","Windows Server 2025 (Server Core installation)","10.0.26100.33222","7.0","Publicly Disclosed:No;Exploited:No;Latest Software Release:Exploitation Less Likely","2026-08-11T07:00:00"
"CVE-2026-65678","5120228","12436","Windows Server 2025","10.0.26100.33222","7.0","Publicly Disclosed:No;Exploited:No;Latest Software Release:Exploitation Less Likely","2026-08-11T07:00:00"
"CVE-2026-65678","5120240","12242","Windows 11 Version 23H2 for ARM64-based Systems","10.0.22631.7517","7.0","Publicly Disclosed:No;Exploited:No;Latest Software Release:Exploitation Less Likely","2026-08-11T07:00:00"
"CVE-2026-65678","5120240","12243","Windows 11 Version 23H2 for x64-based Systems","10.0.22631.7517","7.0","Publicly Disclosed:No;Exploited:No;Latest Software Release:Exploitation Less Likely","2026-08-11T07:00:00"
"CVE-2026-65678","5120418","10816","Windows Server 2016","10.0.14393.9418","7.0","Publicly Disclosed:No;Exploited:No;Latest Software Release:Exploitation Less Likely","2026-08-11T07:00:00"
"CVE-2026-65678","5120418","10855","Windows Server 2016 (Server Core installation)","10.0.14393.9418","7.0","Publicly Disclosed:No;Exploited:No;Latest Software Release:Exploitation Less Likely","2026-08-11T07:00:00"
"CVE-2026-65785","5120233","12437","Windows Server 2025 (Server Core installation)","10.0.26100.33296","6.5","Publicly Disclosed:No;Exploited:No;Latest Software Release:Exploitation Unlikely","2026-08-11T07:00:00"
"CVE-2026-65785","5120233","12436","Windows Server 2025","10.0.26100.33296","6.5","Publicly Disclosed:No;Exploited:No;Latest Software Release:Exploitation Unlikely","2026-08-11T07:00:00"
"CVE-2026-65785","5120228","12437","Windows Server 2025 (Server Core installation)","10.0.26100.33222","6.5","Publicly Disclosed:No;Exploited:No;Latest Software Release:Exploitation Unlikely","2026-08-11T07:00:00"
"CVE-2026-65785","5120228","12436","Windows Server 2025","10.0.26100.33222","6.5","Publicly Disclosed:No;Exploited:No;Latest Software Release:Exploitation Unlikely","2026-08-11T07:00:00"
"CVE-2026-65784","5120238","11571","Windows Server 2019","10.0.17763.9115","5.5","Publicly Disclosed:No;Exploited:No;Latest Software Release:Exploitation Unlikely","2026-08-11T07:00:00"
"CVE-2026-65784","5120238","11572","Windows Server 2019 (Server Core installation)","10.0.17763.9115","5.5","Publicly Disclosed:No;Exploited:No;Latest Software Release:Exploitation Unlikely","2026-08-11T07:00:00"
"CVE-2026-65784","5120242","11923","Windows Server 2022","10.0.20348.5499","5.5","Publicly Disclosed:No;Exploited:No;Latest Software Release:Exploitation Unlikely","2026-08-11T07:00:00"
"CVE-2026-65784","5120242","11924","Windows Server 2022 (Server Core installation)","10.0.20348.5499","5.5","Publicly Disclosed:No;Exploited:No;Latest Software Release:Exploitation Unlikely","2026-08-11T07:00:00"
"CVE-2026-65784","5120229","11923","Windows Server 2022","10.0.20348.5440","5.5","Publicly Disclosed:No;Exploited:No;Latest Software Release:Exploitation Unlikely","2026-08-11T07:00:00"
"CVE-2026-65784","5120229","11924","Windows Server 2022 (Server Core installation)","10.0.20348.5440","5.5","Publicly Disclosed:No;Exploited:No;Latest Software Release:Exploitation Unlikely","2026-08-11T07:00:00"
"CVE-2026-65784","5120249","11929","Windows 10 Version 21H2 for 32-bit Systems","10.0.19044.7663","5.5","Publicly Disclosed:No;Exploited:No;Latest Software Release:Exploitation Unlikely","2026-08-11T07:00:00"
"CVE-2026-65784","5120249","11930","Windows 10 Version 21H2 for ARM64-based Systems","10.0.19044.7663","5.5","Publicly Disclosed:No;Exploited:No;Latest Software Release:Exploitation Unlikely","2026-08-11T07:00:00"
"CVE-2026-65784","5120249","11931","Windows 10 Version 21H2 for x64-based Systems","10.0.19044.7663","5.5","Publicly Disclosed:No;Exploited:No;Latest Software Release:Exploitation Unlikely","2026-08-11T07:00:00"
"CVE-2026-65784","5120249","12097","Windows 10 Version 22H2 for x64-based Systems","10.0.19045.7663","5.5","Publicly Disclosed:No;Exploited:No;Latest Software Release:Exploitation Unlikely","2026-08-11T07:00:00"
"CVE-2026-65784","5120249","12098","Windows 10 Version 22H2 for ARM64-based Systems","10.0.19045.7663","5.5","Publicly Disclosed:No;Exploited:No;Latest Software Release:Exploitation Unlikely","2026-08-11T07:00:00"
"CVE-2026-65784","5120249","12099","Windows 10 Version 22H2 for 32-bit Systems","10.0.19045.7663","5.5","Publicly Disclosed:No;Exploited:No;Latest Software Release:Exploitation Unlikely","2026-08-11T07:00:00"
"CVE-2026-65784","5120233","12437","Windows Server 2025 (Server Core installation)","10.0.26100.33296","5.5","Publicly Disclosed:No;Exploited:No;Latest Software Release:Exploitation Unlikely","2026-08-11T07:00:00"
"CVE-2026-65784","5120233","12436","Windows Server 2025","10.0.26100.33296","5.5","Publicly Disclosed:No;Exploited:No;Latest Software Release:Exploitation Unlikely","2026-08-11T07:00:00"
"CVE-2026-65784","5120228","12437","Windows Server 2025 (Server Core installation)","10.0.26100.33222","5.5","Publicly Disclosed:No;Exploited:No;Latest Software Release:Exploitation Unlikely","2026-08-11T07:00:00"
"CVE-2026-65784","5120228","12436","Windows Server 2025","10.0.26100.33222","5.5","Publicly Disclosed:No;Exploited:No;Latest Software Release:Exploitation Unlikely","2026-08-11T07:00:00"
"CVE-2026-65784","5120240","12242","Windows 11 Version 23H2 for ARM64-based Systems","10.0.22631.7517","5.5","Publicly Disclosed:No;Exploited:No;Latest Software Release:Exploitation Unlikely","2026-08-11T07:00:00"
"CVE-2026-65784","5120240","12243","Windows 11 Version 23H2 for x64-based Systems","10.0.22631.7517","5.5","Publicly Disclosed:No;Exploited:No;Latest Software Release:Exploitation Unlikely","2026-08-11T07:00:00"
"CVE-2026-65784","5120418","10816","Windows Server 2016","10.0.14393.9418","5.5","Publicly Disclosed:No;Exploited:No;Latest Software Release:Exploitation Unlikely","2026-08-11T07:00:00"
"CVE-2026-65784","5120418","10855","Windows Server 2016 (Server Core installation)","10.0.14393.9418","5.5","Publicly Disclosed:No;Exploited:No;Latest Software Release:Exploitation Unlikely","2026-08-11T07:00:00"
"CVE-2026-65786","5120238","11571","Windows Server 2019","10.0.17763.9115","7.8","Publicly Disclosed:No;Exploited:No;Latest Software Release:Exploitation Less Likely","2026-08-11T07:00:00"
"CVE-2026-65786","5120238","11572","Windows Server 2019 (Server Core installation)","10.0.17763.9115","7.8","Publicly Disclosed:No;Exploited:No;Latest Software Release:Exploitation Less Likely","2026-08-11T07:00:00"
"CVE-2026-65786","5120242","11923","Windows Server 2022","10.0.20348.5499","7.8","Publicly Disclosed:No;Exploited:No;Latest Software Release:Exploitation Less Likely","2026-08-11T07:00:00"
"CVE-2026-65786","5120242","11924","Windows Server 2022 (Server Core installation)","10.0.20348.5499","7.8","Publicly Disclosed:No;Exploited:No;Latest Software Release:Exploitation Less Likely","2026-08-11T07:00:00"
"CVE-2026-65786","5120229","11923","Windows Server 2022","10.0.20348.5440","7.8","Publicly Disclosed:No;Exploited:No;Latest Software Release:Exploitation Less Likely","2026-08-11T07:00:00"
"CVE-2026-65786","5120229","11924","Windows Server 2022 (Server Core installation)","10.0.20348.5440","7.8","Publicly Disclosed:No;Exploited:No;Latest Software Release:Exploitation Less Likely","2026-08-11T07:00:00"
"CVE-2026-65786","5120249","11929","Windows 10 Version 21H2 for 32-bit Systems","10.0.19044.7663","7.8","Publicly Disclosed:No;Exploited:No;Latest Software Release:Exploitation Less Likely","2026-08-11T07:00:00"
"CVE-2026-65786","5120249","11930","Windows 10 Version 21H2 for ARM64-based Systems","10.0.19044.7663","7.8","Publicly Disclosed:No;Exploited:No;Latest Software Release:Exploitation Less Likely","2026-08-11T07:00:00"
"CVE-2026-65786","5120249","11931","Windows 10 Version 21H2 for x64-based Systems","10.0.19044.7663","7.8","Publicly Disclosed:No;Exploited:No;Latest Software Release:Exploitation Less Likely","2026-08-11T07:00:00"
"CVE-2026-65786","5120249","12097","Windows 10 Version 22H2 for x64-based Systems","10.0.19045.7663","7.8","Publicly Disclosed:No;Exploited:No;Latest Software Release:Exploitation Less Likely","2026-08-11T07:00:00"
"CVE-2026-65786","5120249","12098","Windows 10 Version 22H2 for ARM64-based Systems","10.0.19045.7663","7.8","Publicly Disclosed:No;Exploited:No;Latest Software Release:Exploitation Less Likely","2026-08-11T07:00:00"
"CVE-2026-65786","5120249","12099","Windows 10 Version 22H2 for 32-bit Systems","10.0.19045.7663","7.8","Publicly Disclosed:No;Exploited:No;Latest Software Release:Exploitation Less Likely","2026-08-11T07:00:00"
"CVE-2026-65786","5120233","12437","Windows Server 2025 (Server Core installation)","10.0.26100.33296","7.8","Publicly Disclosed:No;Exploited:No;Latest Software Release:Exploitation Less Likely","2026-08-11T07:00:00"
"CVE-2026-65786","5120233","12436","Windows Server 2025","10.0.26100.33296","7.8","Publicly Disclosed:No;Exploited:No;Latest Software Release:Exploitation Less Likely","2026-08-11T07:00:00"
"CVE-2026-65786","5120228","12437","Windows Server 2025 (Server Core installation)","10.0.26100.33222","7.8","Publicly Disclosed:No;Exploited:No;Latest Software Release:Exploitation Less Likely","2026-08-11T07:00:00"
"CVE-2026-65786","5120228","12436","Windows Server 2025","10.0.26100.33222","7.8","Publicly Disclosed:No;Exploited:No;Latest Software Release:Exploitation Less Likely","2026-08-11T07:00:00"
"CVE-2026-65786","5120240","12242","Windows 11 Version 23H2 for ARM64-based Systems","10.0.22631.7517","7.8","Publicly Disclosed:No;Exploited:No;Latest Software Release:Exploitation Less Likely","2026-08-11T07:00:00"
"CVE-2026-65786","5120240","12243","Windows 11 Version 23H2 for x64-based Systems","10.0.22631.7517","7.8","Publicly Disclosed:No;Exploited:No;Latest Software Release:Exploitation Less Likely","2026-08-11T07:00:00"
"CVE-2026-65786","5120418","10816","Windows Server 2016","10.0.14393.9418","7.8","Publicly Disclosed:No;Exploited:No;Latest Software Release:Exploitation Less Likely","2026-08-11T07:00:00"
"CVE-2026-65786","5120418","10855","Windows Server 2016 (Server Core installation)","10.0.14393.9418","7.8","Publicly Disclosed:No;Exploited:No;Latest Software Release:Exploitation Less Likely","2026-08-11T07:00:00"
"CVE-2026-65789","5120238","11571","Windows Server 2019","10.0.17763.9115","8.1","Publicly Disclosed:No;Exploited:No;Latest Software Release:Exploitation Unlikely","2026-08-11T07:00:00"
"CVE-2026-65789","5120238","11572","Windows Server 2019 (Server Core installation)","10.0.17763.9115","8.1","Publicly Disclosed:No;Exploited:No;Latest Software Release:Exploitation Unlikely","2026-08-11T07:00:00"
"CVE-2026-65789","5120242","11923","Windows Server 2022","10.0.20348.5499","8.1","Publicly Disclosed:No;Exploited:No;Latest Software Release:Exploitation Unlikely","2026-08-11T07:00:00"
"CVE-2026-65789","5120242","11924","Windows Server 2022 (Server Core installation)","10.0.20348.5499","8.1","Publicly Disclosed:No;Exploited:No;Latest Software Release:Exploitation Unlikely","2026-08-11T07:00:00"
"CVE-2026-65789","5120229","11923","Windows Server 2022","10.0.20348.5440","8.1","Publicly Disclosed:No;Exploited:No;Latest Software Release:Exploitation Unlikely","2026-08-11T07:00:00"
"CVE-2026-65789","5120229","11924","Windows Server 2022 (Server Core installation)","10.0.20348.5440","8.1","Publicly Disclosed:No;Exploited:No;Latest Software Release:Exploitation Unlikely","2026-08-11T07:00:00"
"CVE-2026-65789","5120233","12437","Windows Server 2025 (Server Core installation)","10.0.26100.33296","8.1","Publicly Disclosed:No;Exploited:No;Latest Software Release:Exploitation Unlikely","2026-08-11T07:00:00"
"CVE-2026-65789","5120233","12436","Windows Server 2025","10.0.26100.33296","8.1","Publicly Disclosed:No;Exploited:No;Latest Software Release:Exploitation Unlikely","2026-08-11T07:00:00"
"CVE-2026-65789","5120228","12437","Windows Server 2025 (Server Core installation)","10.0.26100.33222","8.1","Publicly Disclosed:No;Exploited:No;Latest Software Release:Exploitation Unlikely","2026-08-11T07:00:00"
"CVE-2026-65789","5120228","12436","Windows Server 2025","10.0.26100.33222","8.1","Publicly Disclosed:No;Exploited:No;Latest Software Release:Exploitation Unlikely","2026-08-11T07:00:00"
"CVE-2026-65789","5120418","10816","Windows Server 2016","10.0.14393.9418","8.1","Publicly Disclosed:No;Exploited:No;Latest Software Release:Exploitation Unlikely","2026-08-11T07:00:00"
"CVE-2026-65789","5120418","10855","Windows Server 2016 (Server Core installation)","10.0.14393.9418","8.1","Publicly Disclosed:No;Exploited:No;Latest Software Release:Exploitation Unlikely","2026-08-11T07:00:00"
"CVE-2026-65787","5120238","11571","Windows Server 2019","10.0.17763.9115","7.8","Publicly Disclosed:No;Exploited:No;Latest Software Release:Exploitation Less Likely","2026-08-11T07:00:00"
"CVE-2026-65787","5120238","11572","Windows Server 2019 (Server Core installation)","10.0.17763.9115","7.8","Publicly Disclosed:No;Exploited:No;Latest Software Release:Exploitation Less Likely","2026-08-11T07:00:00"
"CVE-2026-65787","5120242","11923","Windows Server 2022","10.0.20348.5499","7.8","Publicly Disclosed:No;Exploited:No;Latest Software Release:Exploitation Less Likely","2026-08-11T07:00:00"
"CVE-2026-65787","5120242","11924","Windows Server 2022 (Server Core installation)","10.0.20348.5499","7.8","Publicly Disclosed:No;Exploited:No;Latest Software Release:Exploitation Less Likely","2026-08-11T07:00:00"
"CVE-2026-65787","5120229","11923","Windows Server 2022","10.0.20348.5440","7.8","Publicly Disclosed:No;Exploited:No;Latest Software Release:Exploitation Less Likely","2026-08-11T07:00:00"
"CVE-2026-65787","5120229","11924","Windows Server 2022 (Server Core installation)","10.0.20348.5440","7.8","Publicly Disclosed:No;Exploited:No;Latest Software Release:Exploitation Less Likely","2026-08-11T07:00:00"
"CVE-2026-65787","5120249","11929","Windows 10 Version 21H2 for 32-bit Systems","10.0.19044.7663","7.8","Publicly Disclosed:No;Exploited:No;Latest Software Release:Exploitation Less Likely","2026-08-11T07:00:00"
"CVE-2026-65787","5120249","11930","Windows 10 Version 21H2 for ARM64-based Systems","10.0.19044.7663","7.8","Publicly Disclosed:No;Exploited:No;Latest Software Release:Exploitation Less Likely","2026-08-11T07:00:00"
"CVE-2026-65787","5120249","11931","Windows 10 Version 21H2 for x64-based Systems","10.0.19044.7663","7.8","Publicly Disclosed:No;Exploited:No;Latest Software Release:Exploitation Less Likely","2026-08-11T07:00:00"
"CVE-2026-65787","5120249","12097","Windows 10 Version 22H2 for x64-based Systems","10.0.19045.7663","7.8","Publicly Disclosed:No;Exploited:No;Latest Software Release:Exploitation Less Likely","2026-08-11T07:00:00"
"CVE-2026-65787","5120249","12098","Windows 10 Version 22H2 for ARM64-based Systems","10.0.19045.7663","7.8","Publicly Disclosed:No;Exploited:No;Latest Software Release:Exploitation Less Likely","2026-08-11T07:00:00"
"CVE-2026-65787","5120249","12099","Windows 10 Version 22H2 for 32-bit Systems","10.0.19045.7663","7.8","Publicly Disclosed:No;Exploited:No;Latest Software Release:Exploitation Less Likely","2026-08-11T07:00:00"
"CVE-2026-65787","5120233","12437","Windows Server 2025 (Server Core installation)","10.0.26100.33296","7.8","Publicly Disclosed:No;Exploited:No;Latest Software Release:Exploitation Less Likely","2026-08-11T07:00:00"
"CVE-2026-65787","5120233","12436","Windows Server 2025","10.0.26100.33296","7.8","Publicly Disclosed:No;Exploited:No;Latest Software Release:Exploitation Less Likely","2026-08-11T07:00:00"
"CVE-2026-65787","5120228","12437","Windows Server 2025 (Server Core installation)","10.0.26100.33222","7.8","Publicly Disclosed:No;Exploited:No;Latest Software Release:Exploitation Less Likely","2026-08-11T07:00:00"
"CVE-2026-65787","5120228","12436","Windows Server 2025","10.0.26100.33222","7.8","Publicly Disclosed:No;Exploited:No;Latest Software Release:Exploitation Less Likely","2026-08-11T07:00:00"
"CVE-2026-65787","5120240","12242","Windows 11 Version 23H2 for ARM64-based Systems","10.0.22631.7517","7.8","Publicly Disclosed:No;Exploited:No;Latest Software Release:Exploitation Less Likely","2026-08-11T07:00:00"
"CVE-2026-65787","5120240","12243","Windows 11 Version 23H2 for x64-based Systems","10.0.22631.7517","7.8","Publicly Disclosed:No;Exploited:No;Latest Software Release:Exploitation Less Likely","2026-08-11T07:00:00"
"CVE-2026-65787","5120418","10816","Windows Server 2016","10.0.14393.9418","7.8","Publicly Disclosed:No;Exploited:No;Latest Software Release:Exploitation Less Likely","2026-08-11T07:00:00"
"CVE-2026-65787","5120418","10855","Windows Server 2016 (Server Core installation)","10.0.14393.9418","7.8","Publicly Disclosed:No;Exploited:No;Latest Software Release:Exploitation Less Likely","2026-08-11T07:00:00"
"CVE-2026-65788","5120233","12437","Windows Server 2025 (Server Core installation)","10.0.26100.33296","7.0","Publicly Disclosed:No;Exploited:No;Latest Software Release:Exploitation More Likely","2026-08-11T07:00:00"
"CVE-2026-65788","5120233","12436","Windows Server 2025","10.0.26100.33296","7.0","Publicly Disclosed:No;Exploited:No;Latest Software Release:Exploitation More Likely","2026-08-11T07:00:00"
"CVE-2026-65788","5120228","12437","Windows Server 2025 (Server Core installation)","10.0.26100.33222","7.0","Publicly Disclosed:No;Exploited:No;Latest Software Release:Exploitation More Likely","2026-08-11T07:00:00"
"CVE-2026-65788","5120228","12436","Windows Server 2025","10.0.26100.33222","7.0","Publicly Disclosed:No;Exploited:No;Latest Software Release:Exploitation More Likely","2026-08-11T07:00:00"
"CVE-2026-65788","5120240","12242","Windows 11 Version 23H2 for ARM64-based Systems","10.0.22631.7517","7.0","Publicly Disclosed:No;Exploited:No;Latest Software Release:Exploitation More Likely","2026-08-11T07:00:00"
"CVE-2026-65788","5120240","12243","Windows 11 Version 23H2 for x64-based Systems","10.0.22631.7517","7.0","Publicly Disclosed:No;Exploited:No;Latest Software Release:Exploitation More Likely","2026-08-11T07:00:00"
"CVE-2026-65814","5120238","11571","Windows Server 2019","10.0.17763.9115","7.8","Publicly Disclosed:No;Exploited:No;Latest Software Release:Exploitation Less Likely","2026-08-11T07:00:00"
"CVE-2026-65814","5120238","11572","Windows Server 2019 (Server Core installation)","10.0.17763.9115","7.8","Publicly Disclosed:No;Exploited:No;Latest Software Release:Exploitation Less Likely","2026-08-11T07:00:00"
"CVE-2026-65814","5120242","11923","Windows Server 2022","10.0.20348.5499","7.8","Publicly Disclosed:No;Exploited:No;Latest Software Release:Exploitation Less Likely","2026-08-11T07:00:00"
"CVE-2026-65814","5120242","11924","Windows Server 2022 (Server Core installation)","10.0.20348.5499","7.8","Publicly Disclosed:No;Exploited:No;Latest Software Release:Exploitation Less Likely","2026-08-11T07:00:00"
"CVE-2026-65814","5120229","11923","Windows Server 2022","10.0.20348.5440","7.8","Publicly Disclosed:No;Exploited:No;Latest Software Release:Exploitation Less Likely","2026-08-11T07:00:00"
"CVE-2026-65814","5120229","11924","Windows Server 2022 (Server Core installation)","10.0.20348.5440","7.8","Publicly Disclosed:No;Exploited:No;Latest Software Release:Exploitation Less Likely","2026-08-11T07:00:00"
"CVE-2026-65814","5120249","11929","Windows 10 Version 21H2 for 32-bit Systems","10.0.19044.7663","7.8","Publicly Disclosed:No;Exploited:No;Latest Software Release:Exploitation Less Likely","2026-08-11T07:00:00"
"CVE-2026-65814","5120249","11930","Windows 10 Version 21H2 for ARM64-based Systems","10.0.19044.7663","7.8","Publicly Disclosed:No;Exploited:No;Latest Software Release:Exploitation Less Likely","2026-08-11T07:00:00"
"CVE-2026-65814","5120249","11931","Windows 10 Version 21H2 for x64-based Systems","10.0.19044.7663","7.8","Publicly Disclosed:No;Exploited:No;Latest Software Release:Exploitation Less Likely","2026-08-11T07:00:00"
"CVE-2026-65814","5120249","12097","Windows 10 Version 22H2 for x64-based Systems","10.0.19045.7663","7.8","Publicly Disclosed:No;Exploited:No;Latest Software Release:Exploitation Less Likely","2026-08-11T07:00:00"
"CVE-2026-65814","5120249","12098","Windows 10 Version 22H2 for ARM64-based Systems","10.0.19045.7663","7.8","Publicly Disclosed:No;Exploited:No;Latest Software Release:Exploitation Less Likely","2026-08-11T07:00:00"
"CVE-2026-65814","5120249","12099","Windows 10 Version 22H2 for 32-bit Systems","10.0.19045.7663","7.8","Publicly Disclosed:No;Exploited:No;Latest Software Release:Exploitation Less Likely","2026-08-11T07:00:00"
"CVE-2026-65814","5120233","12437","Windows Server 2025 (Server Core installation)","10.0.26100.33296","7.8","Publicly Disclosed:No;Exploited:No;Latest Software Release:Exploitation Less Likely","2026-08-11T07:00:00"
"CVE-2026-65814","5120233","12436","Windows Server 2025","10.0.26100.33296","7.8","Publicly Disclosed:No;Exploited:No;Latest Software Release:Exploitation Less Likely","2026-08-11T07:00:00"
"CVE-2026-65814","5120228","12437","Windows Server 2025 (Server Core installation)","10.0.26100.33222","7.8","Publicly Disclosed:No;Exploited:No;Latest Software Release:Exploitation Less Likely","2026-08-11T07:00:00"
"CVE-2026-65814","5120228","12436","Windows Server 2025","10.0.26100.33222","7.8","Publicly Disclosed:No;Exploited:No;Latest Software Release:Exploitation Less Likely","2026-08-11T07:00:00"
"CVE-2026-65814","5120240","12242","Windows 11 Version 23H2 for ARM64-based Systems","10.0.22631.7517","7.8","Publicly Disclosed:No;Exploited:No;Latest Software Release:Exploitation Less Likely","2026-08-11T07:00:00"
"CVE-2026-65814","5120240","12243","Windows 11 Version 23H2 for x64-based Systems","10.0.22631.7517","7.8","Publicly Disclosed:No;Exploited:No;Latest Software Release:Exploitation Less Likely","2026-08-11T07:00:00"
"CVE-2026-65814","5120418","10816","Windows Server 2016","10.0.14393.9418","7.8","Publicly Disclosed:No;Exploited:No;Latest Software Release:Exploitation Less Likely","2026-08-11T07:00:00"
"CVE-2026-65814","5120418","10855","Windows Server 2016 (Server Core installation)","10.0.14393.9418","7.8","Publicly Disclosed:No;Exploited:No;Latest Software Release:Exploitation Less Likely","2026-08-11T07:00:00"
"CVE-2026-66799","5120238","11571","Windows Server 2019","10.0.17763.9115","7.8","Publicly Disclosed:No;Exploited:No;Latest Software Release:Exploitation Less Likely","2026-08-11T07:00:00"
"CVE-2026-66799","5120238","11572","Windows Server 2019 (Server Core installation)","10.0.17763.9115","7.8","Publicly Disclosed:No;Exploited:No;Latest Software Release:Exploitation Less Likely","2026-08-11T07:00:00"
"CVE-2026-66799","5120242","11923","Windows Server 2022","10.0.20348.5499","7.8","Publicly Disclosed:No;Exploited:No;Latest Software Release:Exploitation Less Likely","2026-08-11T07:00:00"
"CVE-2026-66799","5120242","11924","Windows Server 2022 (Server Core installation)","10.0.20348.5499","7.8","Publicly Disclosed:No;Exploited:No;Latest Software Release:Exploitation Less Likely","2026-08-11T07:00:00"
"CVE-2026-66799","5120229","11923","Windows Server 2022","10.0.20348.5440","7.8","Publicly Disclosed:No;Exploited:No;Latest Software Release:Exploitation Less Likely","2026-08-11T07:00:00"
"CVE-2026-66799","5120229","11924","Windows Server 2022 (Server Core installation)","10.0.20348.5440","7.8","Publicly Disclosed:No;Exploited:No;Latest Software Release:Exploitation Less Likely","2026-08-11T07:00:00"
"CVE-2026-66799","5123303","11923","Windows Server 2022","10.0.20348.5499","7.8","Publicly Disclosed:No;Exploited:No;Latest Software Release:Exploitation Less Likely","2026-08-11T07:00:00"
"CVE-2026-66799","5123303","11924","Windows Server 2022 (Server Core installation)","10.0.20348.5499","7.8","Publicly Disclosed:No;Exploited:No;Latest Software Release:Exploitation Less Likely","2026-08-11T07:00:00"
"CVE-2026-66799","5120249","11929","Windows 10 Version 21H2 for 32-bit Systems","10.0.19044.7663","7.8","Publicly Disclosed:No;Exploited:No;Latest Software Release:Exploitation Less Likely","2026-08-11T07:00:00"
"CVE-2026-66799","5120249","11930","Windows 10 Version 21H2 for ARM64-based Systems","10.0.19044.7663","7.8","Publicly Disclosed:No;Exploited:No;Latest Software Release:Exploitation Less Likely","2026-08-11T07:00:00"
"CVE-2026-66799","5120249","11931","Windows 10 Version 21H2 for x64-based Systems","10.0.19044.7663","7.8","Publicly Disclosed:No;Exploited:No;Latest Software Release:Exploitation Less Likely","2026-08-11T07:00:00"
"CVE-2026-66799","5120249","12097","Windows 10 Version 22H2 for x64-based Systems","10.0.19045.7663","7.8","Publicly Disclosed:No;Exploited:No;Latest Software Release:Exploitation Less Likely","2026-08-11T07:00:00"
"CVE-2026-66799","5120249","12098","Windows 10 Version 22H2 for ARM64-based Systems","10.0.19045.7663","7.8","Publicly Disclosed:No;Exploited:No;Latest Software Release:Exploitation Less Likely","2026-08-11T07:00:00"
"CVE-2026-66799","5120249","12099","Windows 10 Version 22H2 for 32-bit Systems","10.0.19045.7663","7.8","Publicly Disclosed:No;Exploited:No;Latest Software Release:Exploitation Less Likely","2026-08-11T07:00:00"
"CVE-2026-66799","5120233","12437","Windows Server 2025 (Server Core installation)","10.0.26100.33296","7.8","Publicly Disclosed:No;Exploited:No;Latest Software Release:Exploitation Less Likely","2026-08-11T07:00:00"
"CVE-2026-66799","5120233","12436","Windows Server 2025","10.0.26100.33296","7.8","Publicly Disclosed:No;Exploited:No;Latest Software Release:Exploitation Less Likely","2026-08-11T07:00:00"
"CVE-2026-66799","5120228","12437","Windows Server 2025 (Server Core installation)","10.0.26100.33222","7.8","Publicly Disclosed:No;Exploited:No;Latest Software Release:Exploitation Less Likely","2026-08-11T07:00:00"
"CVE-2026-66799","5120228","12436","Windows Server 2025","10.0.26100.33222","7.8","Publicly Disclosed:No;Exploited:No;Latest Software Release:Exploitation Less Likely","2026-08-11T07:00:00"
"CVE-2026-66799","5120240","12242","Windows 11 Version 23H2 for ARM64-based Systems","10.0.22631.7517","7.8","Publicly Disclosed:No;Exploited:No;Latest Software Release:Exploitation Less Likely","2026-08-11T07:00:00"
"CVE-2026-66799","5120240","12243","Windows 11 Version 23H2 for x64-based Systems","10.0.22631.7517","7.8","Publicly Disclosed:No;Exploited:No;Latest Software Release:Exploitation Less Likely","2026-08-11T07:00:00"
"CVE-2026-66799","5120418","10816","Windows Server 2016","10.0.14393.9418","7.8","Publicly Disclosed:No;Exploited:No;Latest Software Release:Exploitation Less Likely","2026-08-11T07:00:00"
"CVE-2026-66799","5120418","10855","Windows Server 2016 (Server Core installation)","10.0.14393.9418","7.8","Publicly Disclosed:No;Exploited:No;Latest Software Release:Exploitation Less Likely","2026-08-11T07:00:00"
"CVE-2026-68819","5120238","11571","Windows Server 2019","10.0.17763.9115","5.9","Publicly Disclosed:No;Exploited:No;Latest Software Release:Exploitation Unlikely","2026-08-11T07:00:00"
"CVE-2026-68819","5120238","11572","Windows Server 2019 (Server Core installation)","10.0.17763.9115","5.9","Publicly Disclosed:No;Exploited:No;Latest Software Release:Exploitation Unlikely","2026-08-11T07:00:00"
"CVE-2026-68819","5120242","11923","Windows Server 2022","10.0.20348.5499","5.9","Publicly Disclosed:No;Exploited:No;Latest Software Release:Exploitation Unlikely","2026-08-11T07:00:00"
"CVE-2026-68819","5120242","11924","Windows Server 2022 (Server Core installation)","10.0.20348.5499","5.9","Publicly Disclosed:No;Exploited:No;Latest Software Release:Exploitation Unlikely","2026-08-11T07:00:00"
"CVE-2026-68819","5120229","11923","Windows Server 2022","10.0.20348.5440","5.9","Publicly Disclosed:No;Exploited:No;Latest Software Release:Exploitation Unlikely","2026-08-11T07:00:00"
"CVE-2026-68819","5120229","11924","Windows Server 2022 (Server Core installation)","10.0.20348.5440","5.9","Publicly Disclosed:No;Exploited:No;Latest Software Release:Exploitation Unlikely","2026-08-11T07:00:00"
"CVE-2026-68819","5120233","12437","Windows Server 2025 (Server Core installation)","10.0.26100.33296","5.9","Publicly Disclosed:No;Exploited:No;Latest Software Release:Exploitation Unlikely","2026-08-11T07:00:00"
"CVE-2026-68819","5120233","12436","Windows Server 2025","10.0.26100.33296","5.9","Publicly Disclosed:No;Exploited:No;Latest Software Release:Exploitation Unlikely","2026-08-11T07:00:00"
"CVE-2026-68819","5120228","12437","Windows Server 2025 (Server Core installation)","10.0.26100.33222","5.9","Publicly Disclosed:No;Exploited:No;Latest Software Release:Exploitation Unlikely","2026-08-11T07:00:00"
"CVE-2026-68819","5120228","12436","Windows Server 2025","10.0.26100.33222","5.9","Publicly Disclosed:No;Exploited:No;Latest Software Release:Exploitation Unlikely","2026-08-11T07:00:00"
"CVE-2026-68819","5120418","10816","Windows Server 2016","10.0.14393.9418","5.9","Publicly Disclosed:No;Exploited:No;Latest Software Release:Exploitation Unlikely","2026-08-11T07:00:00"
"CVE-2026-68819","5120418","10855","Windows Server 2016 (Server Core installation)","10.0.14393.9418","5.9","Publicly Disclosed:No;Exploited:No;Latest Software Release:Exploitation Unlikely","2026-08-11T07:00:00"
"CVE-2026-68820","5120238","11571","Windows Server 2019","10.0.17763.9115","7.0","Publicly Disclosed:No;Exploited:Yes;Latest Software Release:Exploitation Detected","2026-08-11T07:00:00"
"CVE-2026-68820","5120238","11572","Windows Server 2019 (Server Core installation)","10.0.17763.9115","7.0","Publicly Disclosed:No;Exploited:Yes;Latest Software Release:Exploitation Detected","2026-08-11T07:00:00"
"CVE-2026-68820","5120242","11923","Windows Server 2022","10.0.20348.5499","7.0","Publicly Disclosed:No;Exploited:Yes;Latest Software Release:Exploitation Detected","2026-08-11T07:00:00"
"CVE-2026-68820","5120242","11924","Windows Server 2022 (Server Core installation)","10.0.20348.5499","7.0","Publicly Disclosed:No;Exploited:Yes;Latest Software Release:Exploitation Detected","2026-08-11T07:00:00"
"CVE-2026-68820","5120229","11923","Windows Server 2022","10.0.20348.5440","7.0","Publicly Disclosed:No;Exploited:Yes;Latest Software Release:Exploitation Detected","2026-08-11T07:00:00"
"CVE-2026-68820","5120229","11924","Windows Server 2022 (Server Core installation)","10.0.20348.5440","7.0","Publicly Disclosed:No;Exploited:Yes;Latest Software Release:Exploitation Detected","2026-08-11T07:00:00"
"CVE-2026-68820","5120249","11929","Windows 10 Version 21H2 for 32-bit Systems","10.0.19044.7663","7.0","Publicly Disclosed:No;Exploited:Yes;Latest Software Release:Exploitation Detected","2026-08-11T07:00:00"
"CVE-2026-68820","5120249","11930","Windows 10 Version 21H2 for ARM64-based Systems","10.0.19044.7663","7.0","Publicly Disclosed:No;Exploited:Yes;Latest Software Release:Exploitation Detected","2026-08-11T07:00:00"
"CVE-2026-68820","5120249","11931","Windows 10 Version 21H2 for x64-based Systems","10.0.19044.7663","7.0","Publicly Disclosed:No;Exploited:Yes;Latest Software Release:Exploitation Detected","2026-08-11T07:00:00"
"CVE-2026-68820","5120249","12097","Windows 10 Version 22H2 for x64-based Systems","10.0.19045.7663","7.0","Publicly Disclosed:No;Exploited:Yes;Latest Software Release:Exploitation Detected","2026-08-11T07:00:00"
"CVE-2026-68820","5120249","12098","Windows 10 Version 22H2 for ARM64-based Systems","10.0.19045.7663","7.0","Publicly Disclosed:No;Exploited:Yes;Latest Software Release:Exploitation Detected","2026-08-11T07:00:00"
"CVE-2026-68820","5120249","12099","Windows 10 Version 22H2 for 32-bit Systems","10.0.19045.7663","7.0","Publicly Disclosed:No;Exploited:Yes;Latest Software Release:Exploitation Detected","2026-08-11T07:00:00"
"CVE-2026-68820","5120233","12437","Windows Server 2025 (Server Core installation)","10.0.26100.33296","7.0","Publicly Disclosed:No;Exploited:Yes;Latest Software Release:Exploitation Detected","2026-08-11T07:00:00"
"CVE-2026-68820","5120233","12436","Windows Server 2025","10.0.26100.33296","7.0","Publicly Disclosed:No;Exploited:Yes;Latest Software Release:Exploitation Detected","2026-08-11T07:00:00"
"CVE-2026-68820","5120228","12437","Windows Server 2025 (Server Core installation)","10.0.26100.33222","7.0","Publicly Disclosed:No;Exploited:Yes;Latest Software Release:Exploitation Detected","2026-08-11T07:00:00"
"CVE-2026-68820","5120228","12436","Windows Server 2025","10.0.26100.33222","7.0","Publicly Disclosed:No;Exploited:Yes;Latest Software Release:Exploitation Detected","2026-08-11T07:00:00"
"CVE-2026-68820","5120240","12242","Windows 11 Version 23H2 for ARM64-based Systems","10.0.22631.7517","7.0","Publicly Disclosed:No;Exploited:Yes;Latest Software Release:Exploitation Detected","2026-08-11T07:00:00"
"CVE-2026-68820","5120240","12243","Windows 11 Version 23H2 for x64-based Systems","10.0.22631.7517","7.0","Publicly Disclosed:No;Exploited:Yes;Latest Software Release:Exploitation Detected","2026-08-11T07:00:00"
"CVE-2026-68820","5120418","10816","Windows Server 2016","10.0.14393.9418","7.0","Publicly Disclosed:No;Exploited:Yes;Latest Software Release:Exploitation Detected","2026-08-11T07:00:00"
"CVE-2026-68820","5120418","10855","Windows Server 2016 (Server Core installation)","10.0.14393.9418","7.0","Publicly Disclosed:No;Exploited:Yes;Latest Software Release:Exploitation Detected","2026-08-11T07:00:00"
"CVE-2026-70307","5120238","11571","Windows Server 2019","10.0.17763.9115","7.0","Publicly Disclosed:No;Exploited:No;Latest Software Release:Exploitation More Likely","2026-08-11T07:00:00"
"CVE-2026-70307","5120238","11572","Windows Server 2019 (Server Core installation)","10.0.17763.9115","7.0","Publicly Disclosed:No;Exploited:No;Latest Software Release:Exploitation More Likely","2026-08-11T07:00:00"
"CVE-2026-70307","5120242","11923","Windows Server 2022","10.0.20348.5499","7.0","Publicly Disclosed:No;Exploited:No;Latest Software Release:Exploitation More Likely","2026-08-11T07:00:00"
"CVE-2026-70307","5120242","11924","Windows Server 2022 (Server Core installation)","10.0.20348.5499","7.0","Publicly Disclosed:No;Exploited:No;Latest Software Release:Exploitation More Likely","2026-08-11T07:00:00"
"CVE-2026-70307","5120229","11923","Windows Server 2022","10.0.20348.5440","7.0","Publicly Disclosed:No;Exploited:No;Latest Software Release:Exploitation More Likely","2026-08-11T07:00:00"
"CVE-2026-70307","5120229","11924","Windows Server 2022 (Server Core installation)","10.0.20348.5440","7.0","Publicly Disclosed:No;Exploited:No;Latest Software Release:Exploitation More Likely","2026-08-11T07:00:00"
"CVE-2026-70307","5120249","11929","Windows 10 Version 21H2 for 32-bit Systems","10.0.19044.7663","7.0","Publicly Disclosed:No;Exploited:No;Latest Software Release:Exploitation More Likely","2026-08-11T07:00:00"
"CVE-2026-70307","5120249","11930","Windows 10 Version 21H2 for ARM64-based Systems","10.0.19044.7663","7.0","Publicly Disclosed:No;Exploited:No;Latest Software Release:Exploitation More Likely","2026-08-11T07:00:00"
"CVE-2026-70307","5120249","11931","Windows 10 Version 21H2 for x64-based Systems","10.0.19044.7663","7.0","Publicly Disclosed:No;Exploited:No;Latest Software Release:Exploitation More Likely","2026-08-11T07:00:00"
"CVE-2026-70307","5120249","12097","Windows 10 Version 22H2 for x64-based Systems","10.0.19045.7663","7.0","Publicly Disclosed:No;Exploited:No;Latest Software Release:Exploitation More Likely","2026-08-11T07:00:00"
"CVE-2026-70307","5120249","12098","Windows 10 Version 22H2 for ARM64-based Systems","10.0.19045.7663","7.0","Publicly Disclosed:No;Exploited:No;Latest Software Release:Exploitation More Likely","2026-08-11T07:00:00"
"CVE-2026-70307","5120249","12099","Windows 10 Version 22H2 for 32-bit Systems","10.0.19045.7663","7.0","Publicly Disclosed:No;Exploited:No;Latest Software Release:Exploitation More Likely","2026-08-11T07:00:00"
"CVE-2026-70307","5120233","12437","Windows Server 2025 (Server Core installation)","10.0.26100.33296","7.0","Publicly Disclosed:No;Exploited:No;Latest Software Release:Exploitation More Likely","2026-08-11T07:00:00"
"CVE-2026-70307","5120233","12436","Windows Server 2025","10.0.26100.33296","7.0","Publicly Disclosed:No;Exploited:No;Latest Software Release:Exploitation More Likely","2026-08-11T07:00:00"
"CVE-2026-70307","5120228","12437","Windows Server 2025 (Server Core installation)","10.0.26100.33222","7.0","Publicly Disclosed:No;Exploited:No;Latest Software Release:Exploitation More Likely","2026-08-11T07:00:00"
"CVE-2026-70307","5120228","12436","Windows Server 2025","10.0.26100.33222","7.0","Publicly Disclosed:No;Exploited:No;Latest Software Release:Exploitation More Likely","2026-08-11T07:00:00"
"CVE-2026-70307","5120240","12242","Windows 11 Version 23H2 for ARM64-based Systems","10.0.22631.7517","7.0","Publicly Disclosed:No;Exploited:No;Latest Software Release:Exploitation More Likely","2026-08-11T07:00:00"
"CVE-2026-70307","5120240","12243","Windows 11 Version 23H2 for x64-based Systems","10.0.22631.7517","7.0","Publicly Disclosed:No;Exploited:No;Latest Software Release:Exploitation More Likely","2026-08-11T07:00:00"
"CVE-2026-70307","5120418","10816","Windows Server 2016","10.0.14393.9418","7.0","Publicly Disclosed:No;Exploited:No;Latest Software Release:Exploitation More Likely","2026-08-11T07:00:00"
"CVE-2026-70307","5120418","10855","Windows Server 2016 (Server Core installation)","10.0.14393.9418","7.0","Publicly Disclosed:No;Exploited:No;Latest Software Release:Exploitation More Likely","2026-08-11T07:00:00"
"CVE-2026-70304","5120238","11571","Windows Server 2019","10.0.17763.9115","6.7","Publicly Disclosed:No;Exploited:No;Latest Software Release:Exploitation Unlikely","2026-08-11T07:00:00"
"CVE-2026-70304","5120238","11572","Windows Server 2019 (Server Core installation)","10.0.17763.9115","6.7","Publicly Disclosed:No;Exploited:No;Latest Software Release:Exploitation Unlikely","2026-08-11T07:00:00"
"CVE-2026-70304","5120242","11923","Windows Server 2022","10.0.20348.5499","6.7","Publicly Disclosed:No;Exploited:No;Latest Software Release:Exploitation Unlikely","2026-08-11T07:00:00"
"CVE-2026-70304","5120242","11924","Windows Server 2022 (Server Core installation)","10.0.20348.5499","6.7","Publicly Disclosed:No;Exploited:No;Latest Software Release:Exploitation Unlikely","2026-08-11T07:00:00"
"CVE-2026-70304","5120229","11923","Windows Server 2022","10.0.20348.5440","6.7","Publicly Disclosed:No;Exploited:No;Latest Software Release:Exploitation Unlikely","2026-08-11T07:00:00"
"CVE-2026-70304","5120229","11924","Windows Server 2022 (Server Core installation)","10.0.20348.5440","6.7","Publicly Disclosed:No;Exploited:No;Latest Software Release:Exploitation Unlikely","2026-08-11T07:00:00"
"CVE-2026-70304","5120249","11929","Windows 10 Version 21H2 for 32-bit Systems","10.0.19044.7663","6.7","Publicly Disclosed:No;Exploited:No;Latest Software Release:Exploitation Unlikely","2026-08-11T07:00:00"
"CVE-2026-70304","5120249","11930","Windows 10 Version 21H2 for ARM64-based Systems","10.0.19044.7663","6.7","Publicly Disclosed:No;Exploited:No;Latest Software Release:Exploitation Unlikely","2026-08-11T07:00:00"
"CVE-2026-70304","5120249","11931","Windows 10 Version 21H2 for x64-based Systems","10.0.19044.7663","6.7","Publicly Disclosed:No;Exploited:No;Latest Software Release:Exploitation Unlikely","2026-08-11T07:00:00"
"CVE-2026-70304","5120249","12097","Windows 10 Version 22H2 for x64-based Systems","10.0.19045.7663","6.7","Publicly Disclosed:No;Exploited:No;Latest Software Release:Exploitation Unlikely","2026-08-11T07:00:00"
"CVE-2026-70304","5120249","12098","Windows 10 Version 22H2 for ARM64-based Systems","10.0.19045.7663","6.7","Publicly Disclosed:No;Exploited:No;Latest Software Release:Exploitation Unlikely","2026-08-11T07:00:00"
"CVE-2026-70304","5120249","12099","Windows 10 Version 22H2 for 32-bit Systems","10.0.19045.7663","6.7","Publicly Disclosed:No;Exploited:No;Latest Software Release:Exploitation Unlikely","2026-08-11T07:00:00"
"CVE-2026-70304","5120233","12437","Windows Server 2025 (Server Core installation)","10.0.26100.33296","6.7","Publicly Disclosed:No;Exploited:No;Latest Software Release:Exploitation Unlikely","2026-08-11T07:00:00"
"CVE-2026-70304","5120233","12436","Windows Server 2025","10.0.26100.33296","6.7","Publicly Disclosed:No;Exploited:No;Latest Software Release:Exploitation Unlikely","2026-08-11T07:00:00"
"CVE-2026-70304","5120228","12437","Windows Server 2025 (Server Core installation)","10.0.26100.33222","6.7","Publicly Disclosed:No;Exploited:No;Latest Software Release:Exploitation Unlikely","2026-08-11T07:00:00"
"CVE-2026-70304","5120228","12436","Windows Server 2025","10.0.26100.33222","6.7","Publicly Disclosed:No;Exploited:No;Latest Software Release:Exploitation Unlikely","2026-08-11T07:00:00"
"CVE-2026-70304","5120240","12242","Windows 11 Version 23H2 for ARM64-based Systems","10.0.22631.7517","6.7","Publicly Disclosed:No;Exploited:No;Latest Software Release:Exploitation Unlikely","2026-08-11T07:00:00"
"CVE-2026-70304","5120240","12243","Windows 11 Version 23H2 for x64-based Systems","10.0.22631.7517","6.7","Publicly Disclosed:No;Exploited:No;Latest Software Release:Exploitation Unlikely","2026-08-11T07:00:00"
"CVE-2026-70304","5120418","10816","Windows Server 2016","10.0.14393.9418","6.7","Publicly Disclosed:No;Exploited:No;Latest Software Release:Exploitation Unlikely","2026-08-11T07:00:00"
"CVE-2026-70304","5120418","10855","Windows Server 2016 (Server Core installation)","10.0.14393.9418","6.7","Publicly Disclosed:No;Exploited:No;Latest Software Release:Exploitation Unlikely","2026-08-11T07:00:00"
"CVE-2026-70330","5120238","11571","Windows Server 2019","10.0.17763.9115","6.7","Publicly Disclosed:No;Exploited:No;Latest Software Release:Exploitation Less Likely","2026-08-11T07:00:00"
"CVE-2026-70330","5120238","11572","Windows Server 2019 (Server Core installation)","10.0.17763.9115","6.7","Publicly Disclosed:No;Exploited:No;Latest Software Release:Exploitation Less Likely","2026-08-11T07:00:00"
"CVE-2026-70330","5120242","11923","Windows Server 2022","10.0.20348.5499","6.7","Publicly Disclosed:No;Exploited:No;Latest Software Release:Exploitation Less Likely","2026-08-11T07:00:00"
"CVE-2026-70330","5120242","11924","Windows Server 2022 (Server Core installation)","10.0.20348.5499","6.7","Publicly Disclosed:No;Exploited:No;Latest Software Release:Exploitation Less Likely","2026-08-11T07:00:00"
"CVE-2026-70330","5120229","11923","Windows Server 2022","10.0.20348.5440","6.7","Publicly Disclosed:No;Exploited:No;Latest Software Release:Exploitation Less Likely","2026-08-11T07:00:00"
"CVE-2026-70330","5120229","11924","Windows Server 2022 (Server Core installation)","10.0.20348.5440","6.7","Publicly Disclosed:No;Exploited:No;Latest Software Release:Exploitation Less Likely","2026-08-11T07:00:00"
"CVE-2026-70330","5120249","11929","Windows 10 Version 21H2 for 32-bit Systems","10.0.19044.7663","6.7","Publicly Disclosed:No;Exploited:No;Latest Software Release:Exploitation Less Likely","2026-08-11T07:00:00"
"CVE-2026-70330","5120249","11930","Windows 10 Version 21H2 for ARM64-based Systems","10.0.19044.7663","6.7","Publicly Disclosed:No;Exploited:No;Latest Software Release:Exploitation Less Likely","2026-08-11T07:00:00"
"CVE-2026-70330","5120249","11931","Windows 10 Version 21H2 for x64-based Systems","10.0.19044.7663","6.7","Publicly Disclosed:No;Exploited:No;Latest Software Release:Exploitation Less Likely","2026-08-11T07:00:00"
"CVE-2026-70330","5120249","12097","Windows 10 Version 22H2 for x64-based Systems","10.0.19045.7663","6.7","Publicly Disclosed:No;Exploited:No;Latest Software Release:Exploitation Less Likely","2026-08-11T07:00:00"
"CVE-2026-70330","5120249","12098","Windows 10 Version 22H2 for ARM64-based Systems","10.0.19045.7663","6.7","Publicly Disclosed:No;Exploited:No;Latest Software Release:Exploitation Less Likely","2026-08-11T07:00:00"
"CVE-2026-70330","5120249","12099","Windows 10 Version 22H2 for 32-bit Systems","10.0.19045.7663","6.7","Publicly Disclosed:No;Exploited:No;Latest Software Release:Exploitation Less Likely","2026-08-11T07:00:00"
"CVE-2026-70330","5120233","12437","Windows Server 2025 (Server Core installation)","10.0.26100.33296","6.7","Publicly Disclosed:No;Exploited:No;Latest Software Release:Exploitation Less Likely","2026-08-11T07:00:00"
"CVE-2026-70330","5120233","12436","Windows Server 2025","10.0.26100.33296","6.7","Publicly Disclosed:No;Exploited:No;Latest Software Release:Exploitation Less Likely","2026-08-11T07:00:00"
"CVE-2026-70330","5120228","12437","Windows Server 2025 (Server Core installation)","10.0.26100.33222","6.7","Publicly Disclosed:No;Exploited:No;Latest Software Release:Exploitation Less Likely","2026-08-11T07:00:00"
"CVE-2026-70330","5120228","12436","Windows Server 2025","10.0.26100.33222","6.7","Publicly Disclosed:No;Exploited:No;Latest Software Release:Exploitation Less Likely","2026-08-11T07:00:00"
"CVE-2026-70330","5120240","12242","Windows 11 Version 23H2 for ARM64-based Systems","10.0.22631.7517","6.7","Publicly Disclosed:No;Exploited:No;Latest Software Release:Exploitation Less Likely","2026-08-11T07:00:00"
"CVE-2026-70330","5120240","12243","Windows 11 Version 23H2 for x64-based Systems","10.0.22631.7517","6.7","Publicly Disclosed:No;Exploited:No;Latest Software Release:Exploitation Less Likely","2026-08-11T07:00:00"
"CVE-2026-70330","5120418","10816","Windows Server 2016","10.0.14393.9418","6.7","Publicly Disclosed:No;Exploited:No;Latest Software Release:Exploitation Less Likely","2026-08-11T07:00:00"
"CVE-2026-70330","5120418","10855","Windows Server 2016 (Server Core installation)","10.0.14393.9418","6.7","Publicly Disclosed:No;Exploited:No;Latest Software Release:Exploitation Less Likely","2026-08-11T07:00:00"
"CVE-2026-61352","5120238","11571","Windows Server 2019","10.0.17763.9115","7.5","Publicly Disclosed:No;Exploited:No;Latest Software Release:Exploitation Less Likely","2026-08-11T07:00:00"
"CVE-2026-61352","5120238","11572","Windows Server 2019 (Server Core installation)","10.0.17763.9115","7.5","Publicly Disclosed:No;Exploited:No;Latest Software Release:Exploitation Less Likely","2026-08-11T07:00:00"
"CVE-2026-61352","5120242","11923","Windows Server 2022","10.0.20348.5499","7.5","Publicly Disclosed:No;Exploited:No;Latest Software Release:Exploitation Less Likely","2026-08-11T07:00:00"
"CVE-2026-61352","5120242","11924","Windows Server 2022 (Server Core installation)","10.0.20348.5499","7.5","Publicly Disclosed:No;Exploited:No;Latest Software Release:Exploitation Less Likely","2026-08-11T07:00:00"
"CVE-2026-61352","5120229","11923","Windows Server 2022","10.0.20348.5440","7.5","Publicly Disclosed:No;Exploited:No;Latest Software Release:Exploitation Less Likely","2026-08-11T07:00:00"
"CVE-2026-61352","5120229","11924","Windows Server 2022 (Server Core installation)","10.0.20348.5440","7.5","Publicly Disclosed:No;Exploited:No;Latest Software Release:Exploitation Less Likely","2026-08-11T07:00:00"
"CVE-2026-61352","5120249","11929","Windows 10 Version 21H2 for 32-bit Systems","10.0.19044.7663","7.5","Publicly Disclosed:No;Exploited:No;Latest Software Release:Exploitation Less Likely","2026-08-11T07:00:00"
"CVE-2026-61352","5120249","11930","Windows 10 Version 21H2 for ARM64-based Systems","10.0.19044.7663","7.5","Publicly Disclosed:No;Exploited:No;Latest Software Release:Exploitation Less Likely","2026-08-11T07:00:00"
"CVE-2026-61352","5120249","11931","Windows 10 Version 21H2 for x64-based Systems","10.0.19044.7663","7.5","Publicly Disclosed:No;Exploited:No;Latest Software Release:Exploitation Less Likely","2026-08-11T07:00:00"
"CVE-2026-61352","5120249","12097","Windows 10 Version 22H2 for x64-based Systems","10.0.19045.7663","7.5","Publicly Disclosed:No;Exploited:No;Latest Software Release:Exploitation Less Likely","2026-08-11T07:00:00"
"CVE-2026-61352","5120249","12098","Windows 10 Version 22H2 for ARM64-based Systems","10.0.19045.7663","7.5","Publicly Disclosed:No;Exploited:No;Latest Software Release:Exploitation Less Likely","2026-08-11T07:00:00"
"CVE-2026-61352","5120249","12099","Windows 10 Version 22H2 for 32-bit Systems","10.0.19045.7663","7.5","Publicly Disclosed:No;Exploited:No;Latest Software Release:Exploitation Less Likely","2026-08-11T07:00:00"
"CVE-2026-61352","5120233","12437","Windows Server 2025 (Server Core installation)","10.0.26100.33296","7.5","Publicly Disclosed:No;Exploited:No;Latest Software Release:Exploitation Less Likely","2026-08-11T07:00:00"
"CVE-2026-61352","5120233","12436","Windows Server 2025","10.0.26100.33296","7.5","Publicly Disclosed:No;Exploited:No;Latest Software Release:Exploitation Less Likely","2026-08-11T07:00:00"
"CVE-2026-61352","5120228","12437","Windows Server 2025 (Server Core installation)","10.0.26100.33222","7.5","Publicly Disclosed:No;Exploited:No;Latest Software Release:Exploitation Less Likely","2026-08-11T07:00:00"
"CVE-2026-61352","5120228","12436","Windows Server 2025","10.0.26100.33222","7.5","Publicly Disclosed:No;Exploited:No;Latest Software Release:Exploitation Less Likely","2026-08-11T07:00:00"
"CVE-2026-61352","5120240","12242","Windows 11 Version 23H2 for ARM64-based Systems","10.0.22631.7517","7.5","Publicly Disclosed:No;Exploited:No;Latest Software Release:Exploitation Less Likely","2026-08-11T07:00:00"
"CVE-2026-61352","5120240","12243","Windows 11 Version 23H2 for x64-based Systems","10.0.22631.7517","7.5","Publicly Disclosed:No;Exploited:No;Latest Software Release:Exploitation Less Likely","2026-08-11T07:00:00"
"CVE-2026-61352","5120418","10816","Windows Server 2016","10.0.14393.9418","7.5","Publicly Disclosed:No;Exploited:No;Latest Software Release:Exploitation Less Likely","2026-08-11T07:00:00"
"CVE-2026-61352","5120418","10855","Windows Server 2016 (Server Core installation)","10.0.14393.9418","7.5","Publicly Disclosed:No;Exploited:No;Latest Software Release:Exploitation Less Likely","2026-08-11T07:00:00"
"CVE-2026-66804","5120249","12097","Windows 10 Version 22H2 for x64-based Systems","10.0.19045.7663","7.8","Publicly Disclosed:No;Exploited:No;Latest Software Release:Exploitation More Likely","2026-08-11T07:00:00"
"CVE-2026-66804","5120249","12098","Windows 10 Version 22H2 for ARM64-based Systems","10.0.19045.7663","7.8","Publicly Disclosed:No;Exploited:No;Latest Software Release:Exploitation More Likely","2026-08-11T07:00:00"
"CVE-2026-66804","5120249","12099","Windows 10 Version 22H2 for 32-bit Systems","10.0.19045.7663","7.8","Publicly Disclosed:No;Exploited:No;Latest Software Release:Exploitation More Likely","2026-08-11T07:00:00"
"CVE-2026-70344","5120238","11571","Windows Server 2019","10.0.17763.9115","7.8","Publicly Disclosed:No;Exploited:No;Latest Software Release:Exploitation Unlikely","2026-08-11T07:00:00"
"CVE-2026-70344","5120238","11572","Windows Server 2019 (Server Core installation)","10.0.17763.9115","7.8","Publicly Disclosed:No;Exploited:No;Latest Software Release:Exploitation Unlikely","2026-08-11T07:00:00"
"CVE-2026-70344","5120242","11923","Windows Server 2022","10.0.20348.5499","7.8","Publicly Disclosed:No;Exploited:No;Latest Software Release:Exploitation Unlikely","2026-08-11T07:00:00"
"CVE-2026-70344","5120242","11924","Windows Server 2022 (Server Core installation)","10.0.20348.5499","7.8","Publicly Disclosed:No;Exploited:No;Latest Software Release:Exploitation Unlikely","2026-08-11T07:00:00"
"CVE-2026-70344","5120229","11923","Windows Server 2022","10.0.20348.5440","7.8","Publicly Disclosed:No;Exploited:No;Latest Software Release:Exploitation Unlikely","2026-08-11T07:00:00"
"CVE-2026-70344","5120229","11924","Windows Server 2022 (Server Core installation)","10.0.20348.5440","7.8","Publicly Disclosed:No;Exploited:No;Latest Software Release:Exploitation Unlikely","2026-08-11T07:00:00"
"CVE-2026-70344","5120249","11929","Windows 10 Version 21H2 for 32-bit Systems","10.0.19044.7663","7.8","Publicly Disclosed:No;Exploited:No;Latest Software Release:Exploitation Unlikely","2026-08-11T07:00:00"
"CVE-2026-70344","5120249","11930","Windows 10 Version 21H2 for ARM64-based Systems","10.0.19044.7663","7.8","Publicly Disclosed:No;Exploited:No;Latest Software Release:Exploitation Unlikely","2026-08-11T07:00:00"
"CVE-2026-70344","5120249","11931","Windows 10 Version 21H2 for x64-based Systems","10.0.19044.7663","7.8","Publicly Disclosed:No;Exploited:No;Latest Software Release:Exploitation Unlikely","2026-08-11T07:00:00"
"CVE-2026-70344","5120249","12097","Windows 10 Version 22H2 for x64-based Systems","10.0.19045.7663","7.8","Publicly Disclosed:No;Exploited:No;Latest Software Release:Exploitation Unlikely","2026-08-11T07:00:00"
"CVE-2026-70344","5120249","12098","Windows 10 Version 22H2 for ARM64-based Systems","10.0.19045.7663","7.8","Publicly Disclosed:No;Exploited:No;Latest Software Release:Exploitation Unlikely","2026-08-11T07:00:00"
"CVE-2026-70344","5120249","12099","Windows 10 Version 22H2 for 32-bit Systems","10.0.19045.7663","7.8","Publicly Disclosed:No;Exploited:No;Latest Software Release:Exploitation Unlikely","2026-08-11T07:00:00"
"CVE-2026-70344","5120233","12437","Windows Server 2025 (Server Core installation)","10.0.26100.33296","7.8","Publicly Disclosed:No;Exploited:No;Latest Software Release:Exploitation Unlikely","2026-08-11T07:00:00"
"CVE-2026-70344","5120233","12436","Windows Server 2025","10.0.26100.33296","7.8","Publicly Disclosed:No;Exploited:No;Latest Software Release:Exploitation Unlikely","2026-08-11T07:00:00"
"CVE-2026-70344","5120228","12437","Windows Server 2025 (Server Core installation)","10.0.26100.33222","7.8","Publicly Disclosed:No;Exploited:No;Latest Software Release:Exploitation Unlikely","2026-08-11T07:00:00"
"CVE-2026-70344","5120228","12436","Windows Server 2025","10.0.26100.33222","7.8","Publicly Disclosed:No;Exploited:No;Latest Software Release:Exploitation Unlikely","2026-08-11T07:00:00"
"CVE-2026-70344","5120240","12242","Windows 11 Version 23H2 for ARM64-based Systems","10.0.22631.7517","7.8","Publicly Disclosed:No;Exploited:No;Latest Software Release:Exploitation Unlikely","2026-08-11T07:00:00"
"CVE-2026-70344","5120240","12243","Windows 11 Version 23H2 for x64-based Systems","10.0.22631.7517","7.8","Publicly Disclosed:No;Exploited:No;Latest Software Release:Exploitation Unlikely","2026-08-11T07:00:00"
"CVE-2026-70344","5120418","10816","Windows Server 2016","10.0.14393.9418","7.8","Publicly Disclosed:No;Exploited:No;Latest Software Release:Exploitation Unlikely","2026-08-11T07:00:00"
"CVE-2026-70344","5120418","10855","Windows Server 2016 (Server Core installation)","10.0.14393.9418","7.8","Publicly Disclosed:No;Exploited:No;Latest Software Release:Exploitation Unlikely","2026-08-11T07:00:00"
"CVE-2026-70345","5120238","11571","Windows Server 2019","10.0.17763.9115","7.8","Publicly Disclosed:No;Exploited:No;Latest Software Release:Exploitation Less Likely","2026-08-11T07:00:00"
"CVE-2026-70345","5120238","11572","Windows Server 2019 (Server Core installation)","10.0.17763.9115","7.8","Publicly Disclosed:No;Exploited:No;Latest Software Release:Exploitation Less Likely","2026-08-11T07:00:00"
"CVE-2026-70345","5120242","11923","Windows Server 2022","10.0.20348.5499","7.8","Publicly Disclosed:No;Exploited:No;Latest Software Release:Exploitation Less Likely","2026-08-11T07:00:00"
"CVE-2026-70345","5120242","11924","Windows Server 2022 (Server Core installation)","10.0.20348.5499","7.8","Publicly Disclosed:No;Exploited:No;Latest Software Release:Exploitation Less Likely","2026-08-11T07:00:00"
"CVE-2026-70345","5120229","11923","Windows Server 2022","10.0.20348.5440","7.8","Publicly Disclosed:No;Exploited:No;Latest Software Release:Exploitation Less Likely","2026-08-11T07:00:00"
"CVE-2026-70345","5120229","11924","Windows Server 2022 (Server Core installation)","10.0.20348.5440","7.8","Publicly Disclosed:No;Exploited:No;Latest Software Release:Exploitation Less Likely","2026-08-11T07:00:00"
"CVE-2026-70345","5120249","11929","Windows 10 Version 21H2 for 32-bit Systems","10.0.19044.7663","7.8","Publicly Disclosed:No;Exploited:No;Latest Software Release:Exploitation Less Likely","2026-08-11T07:00:00"
"CVE-2026-70345","5120249","11930","Windows 10 Version 21H2 for ARM64-based Systems","10.0.19044.7663","7.8","Publicly Disclosed:No;Exploited:No;Latest Software Release:Exploitation Less Likely","2026-08-11T07:00:00"
"CVE-2026-70345","5120249","11931","Windows 10 Version 21H2 for x64-based Systems","10.0.19044.7663","7.8","Publicly Disclosed:No;Exploited:No;Latest Software Release:Exploitation Less Likely","2026-08-11T07:00:00"
"CVE-2026-70345","5120249","12097","Windows 10 Version 22H2 for x64-based Systems","10.0.19045.7663","7.8","Publicly Disclosed:No;Exploited:No;Latest Software Release:Exploitation Less Likely","2026-08-11T07:00:00"
"CVE-2026-70345","5120249","12098","Windows 10 Version 22H2 for ARM64-based Systems","10.0.19045.7663","7.8","Publicly Disclosed:No;Exploited:No;Latest Software Release:Exploitation Less Likely","2026-08-11T07:00:00"
"CVE-2026-70345","5120249","12099","Windows 10 Version 22H2 for 32-bit Systems","10.0.19045.7663","7.8","Publicly Disclosed:No;Exploited:No;Latest Software Release:Exploitation Less Likely","2026-08-11T07:00:00"
"CVE-2026-70345","5120233","12437","Windows Server 2025 (Server Core installation)","10.0.26100.33296","7.8","Publicly Disclosed:No;Exploited:No;Latest Software Release:Exploitation Less Likely","2026-08-11T07:00:00"
"CVE-2026-70345","5120233","12436","Windows Server 2025","10.0.26100.33296","7.8","Publicly Disclosed:No;Exploited:No;Latest Software Release:Exploitation Less Likely","2026-08-11T07:00:00"
"CVE-2026-70345","5120228","12437","Windows Server 2025 (Server Core installation)","10.0.26100.33222","7.8","Publicly Disclosed:No;Exploited:No;Latest Software Release:Exploitation Less Likely","2026-08-11T07:00:00"
"CVE-2026-70345","5120228","12436","Windows Server 2025","10.0.26100.33222","7.8","Publicly Disclosed:No;Exploited:No;Latest Software Release:Exploitation Less Likely","2026-08-11T07:00:00"
"CVE-2026-70345","5120240","12242","Windows 11 Version 23H2 for ARM64-based Systems","10.0.22631.7517","7.8","Publicly Disclosed:No;Exploited:No;Latest Software Release:Exploitation Less Likely","2026-08-11T07:00:00"
"CVE-2026-70345","5120240","12243","Windows 11 Version 23H2 for x64-based Systems","10.0.22631.7517","7.8","Publicly Disclosed:No;Exploited:No;Latest Software Release:Exploitation Less Likely","2026-08-11T07:00:00"
"CVE-2026-70345","5120418","10816","Windows Server 2016","10.0.14393.9418","7.8","Publicly Disclosed:No;Exploited:No;Latest Software Release:Exploitation Less Likely","2026-08-11T07:00:00"
"CVE-2026-70345","5120418","10855","Windows Server 2016 (Server Core installation)","10.0.14393.9418","7.8","Publicly Disclosed:No;Exploited:No;Latest Software Release:Exploitation Less Likely","2026-08-11T07:00:00"
"CVE-2026-70346","5120238","11571","Windows Server 2019","10.0.17763.9115","7.8","Publicly Disclosed:No;Exploited:No;Latest Software Release:Exploitation Less Likely","2026-08-11T07:00:00"
"CVE-2026-70346","5120238","11572","Windows Server 2019 (Server Core installation)","10.0.17763.9115","7.8","Publicly Disclosed:No;Exploited:No;Latest Software Release:Exploitation Less Likely","2026-08-11T07:00:00"
"CVE-2026-70346","5120242","11923","Windows Server 2022","10.0.20348.5499","7.8","Publicly Disclosed:No;Exploited:No;Latest Software Release:Exploitation Less Likely","2026-08-11T07:00:00"
"CVE-2026-70346","5120242","11924","Windows Server 2022 (Server Core installation)","10.0.20348.5499","7.8","Publicly Disclosed:No;Exploited:No;Latest Software Release:Exploitation Less Likely","2026-08-11T07:00:00"
"CVE-2026-70346","5120229","11923","Windows Server 2022","10.0.20348.5440","7.8","Publicly Disclosed:No;Exploited:No;Latest Software Release:Exploitation Less Likely","2026-08-11T07:00:00"
"CVE-2026-70346","5120229","11924","Windows Server 2022 (Server Core installation)","10.0.20348.5440","7.8","Publicly Disclosed:No;Exploited:No;Latest Software Release:Exploitation Less Likely","2026-08-11T07:00:00"
"CVE-2026-70346","5120249","11929","Windows 10 Version 21H2 for 32-bit Systems","10.0.19044.7663","7.8","Publicly Disclosed:No;Exploited:No;Latest Software Release:Exploitation Less Likely","2026-08-11T07:00:00"
"CVE-2026-70346","5120249","11930","Windows 10 Version 21H2 for ARM64-based Systems","10.0.19044.7663","7.8","Publicly Disclosed:No;Exploited:No;Latest Software Release:Exploitation Less Likely","2026-08-11T07:00:00"
"CVE-2026-70346","5120249","11931","Windows 10 Version 21H2 for x64-based Systems","10.0.19044.7663","7.8","Publicly Disclosed:No;Exploited:No;Latest Software Release:Exploitation Less Likely","2026-08-11T07:00:00"
"CVE-2026-70346","5120249","12097","Windows 10 Version 22H2 for x64-based Systems","10.0.19045.7663","7.8","Publicly Disclosed:No;Exploited:No;Latest Software Release:Exploitation Less Likely","2026-08-11T07:00:00"
"CVE-2026-70346","5120249","12098","Windows 10 Version 22H2 for ARM64-based Systems","10.0.19045.7663","7.8","Publicly Disclosed:No;Exploited:No;Latest Software Release:Exploitation Less Likely","2026-08-11T07:00:00"
"CVE-2026-70346","5120249","12099","Windows 10 Version 22H2 for 32-bit Systems","10.0.19045.7663","7.8","Publicly Disclosed:No;Exploited:No;Latest Software Release:Exploitation Less Likely","2026-08-11T07:00:00"
"CVE-2026-70346","5120233","12437","Windows Server 2025 (Server Core installation)","10.0.26100.33296","7.8","Publicly Disclosed:No;Exploited:No;Latest Software Release:Exploitation Less Likely","2026-08-11T07:00:00"
"CVE-2026-70346","5120233","12436","Windows Server 2025","10.0.26100.33296","7.8","Publicly Disclosed:No;Exploited:No;Latest Software Release:Exploitation Less Likely","2026-08-11T07:00:00"
"CVE-2026-70346","5120228","12437","Windows Server 2025 (Server Core installation)","10.0.26100.33222","7.8","Publicly Disclosed:No;Exploited:No;Latest Software Release:Exploitation Less Likely","2026-08-11T07:00:00"
"CVE-2026-70346","5120228","12436","Windows Server 2025","10.0.26100.33222","7.8","Publicly Disclosed:No;Exploited:No;Latest Software Release:Exploitation Less Likely","2026-08-11T07:00:00"
"CVE-2026-70346","5120240","12242","Windows 11 Version 23H2 for ARM64-based Systems","10.0.22631.7517","7.8","Publicly Disclosed:No;Exploited:No;Latest Software Release:Exploitation Less Likely","2026-08-11T07:00:00"
"CVE-2026-70346","5120240","12243","Windows 11 Version 23H2 for x64-based Systems","10.0.22631.7517","7.8","Publicly Disclosed:No;Exploited:No;Latest Software Release:Exploitation Less Likely","2026-08-11T07:00:00"
"CVE-2026-70346","5120418","10816","Windows Server 2016","10.0.14393.9418","7.8","Publicly Disclosed:No;Exploited:No;Latest Software Release:Exploitation Less Likely","2026-08-11T07:00:00"
"CVE-2026-70346","5120418","10855","Windows Server 2016 (Server Core installation)","10.0.14393.9418","7.8","Publicly Disclosed:No;Exploited:No;Latest Software Release:Exploitation Less Likely","2026-08-11T07:00:00"
"CVE-2026-70347","5120238","11571","Windows Server 2019","10.0.17763.9115","7.8","Publicly Disclosed:No;Exploited:No;Latest Software Release:Exploitation Less Likely","2026-08-11T07:00:00"
"CVE-2026-70347","5120238","11572","Windows Server 2019 (Server Core installation)","10.0.17763.9115","7.8","Publicly Disclosed:No;Exploited:No;Latest Software Release:Exploitation Less Likely","2026-08-11T07:00:00"
"CVE-2026-70347","5120242","11923","Windows Server 2022","10.0.20348.5499","7.8","Publicly Disclosed:No;Exploited:No;Latest Software Release:Exploitation Less Likely","2026-08-11T07:00:00"
"CVE-2026-70347","5120242","11924","Windows Server 2022 (Server Core installation)","10.0.20348.5499","7.8","Publicly Disclosed:No;Exploited:No;Latest Software Release:Exploitation Less Likely","2026-08-11T07:00:00"
"CVE-2026-70347","5120229","11923","Windows Server 2022","10.0.20348.5440","7.8","Publicly Disclosed:No;Exploited:No;Latest Software Release:Exploitation Less Likely","2026-08-11T07:00:00"
"CVE-2026-70347","5120229","11924","Windows Server 2022 (Server Core installation)","10.0.20348.5440","7.8","Publicly Disclosed:No;Exploited:No;Latest Software Release:Exploitation Less Likely","2026-08-11T07:00:00"
"CVE-2026-70347","5120249","11929","Windows 10 Version 21H2 for 32-bit Systems","10.0.19044.7663","7.8","Publicly Disclosed:No;Exploited:No;Latest Software Release:Exploitation Less Likely","2026-08-11T07:00:00"
"CVE-2026-70347","5120249","11930","Windows 10 Version 21H2 for ARM64-based Systems","10.0.19044.7663","7.8","Publicly Disclosed:No;Exploited:No;Latest Software Release:Exploitation Less Likely","2026-08-11T07:00:00"
"CVE-2026-70347","5120249","11931","Windows 10 Version 21H2 for x64-based Systems","10.0.19044.7663","7.8","Publicly Disclosed:No;Exploited:No;Latest Software Release:Exploitation Less Likely","2026-08-11T07:00:00"
"CVE-2026-70347","5120249","12097","Windows 10 Version 22H2 for x64-based Systems","10.0.19045.7663","7.8","Publicly Disclosed:No;Exploited:No;Latest Software Release:Exploitation Less Likely","2026-08-11T07:00:00"
"CVE-2026-70347","5120249","12098","Windows 10 Version 22H2 for ARM64-based Systems","10.0.19045.7663","7.8","Publicly Disclosed:No;Exploited:No;Latest Software Release:Exploitation Less Likely","2026-08-11T07:00:00"
"CVE-2026-70347","5120249","12099","Windows 10 Version 22H2 for 32-bit Systems","10.0.19045.7663","7.8","Publicly Disclosed:No;Exploited:No;Latest Software Release:Exploitation Less Likely","2026-08-11T07:00:00"
"CVE-2026-70347","5120233","12437","Windows Server 2025 (Server Core installation)","10.0.26100.33296","7.8","Publicly Disclosed:No;Exploited:No;Latest Software Release:Exploitation Less Likely","2026-08-11T07:00:00"
"CVE-2026-70347","5120233","12436","Windows Server 2025","10.0.26100.33296","7.8","Publicly Disclosed:No;Exploited:No;Latest Software Release:Exploitation Less Likely","2026-08-11T07:00:00"
"CVE-2026-70347","5120228","12437","Windows Server 2025 (Server Core installation)","10.0.26100.33222","7.8","Publicly Disclosed:No;Exploited:No;Latest Software Release:Exploitation Less Likely","2026-08-11T07:00:00"
"CVE-2026-70347","5120228","12436","Windows Server 2025","10.0.26100.33222","7.8","Publicly Disclosed:No;Exploited:No;Latest Software Release:Exploitation Less Likely","2026-08-11T07:00:00"
"CVE-2026-70347","5120240","12242","Windows 11 Version 23H2 for ARM64-based Systems","10.0.22631.7517","7.8","Publicly Disclosed:No;Exploited:No;Latest Software Release:Exploitation Less Likely","2026-08-11T07:00:00"
"CVE-2026-70347","5120240","12243","Windows 11 Version 23H2 for x64-based Systems","10.0.22631.7517","7.8","Publicly Disclosed:No;Exploited:No;Latest Software Release:Exploitation Less Likely","2026-08-11T07:00:00"
"CVE-2026-70347","5120418","10816","Windows Server 2016","10.0.14393.9418","7.8","Publicly Disclosed:No;Exploited:No;Latest Software Release:Exploitation Less Likely","2026-08-11T07:00:00"
"CVE-2026-70347","5120418","10855","Windows Server 2016 (Server Core installation)","10.0.14393.9418","7.8","Publicly Disclosed:No;Exploited:No;Latest Software Release:Exploitation Less Likely","2026-08-11T07:00:00"
"CVE-2026-42976","5120238","11572","Windows Server 2019 (Server Core installation)","10.0.17763.9115","7.8","Publicly Disclosed:No;Exploited:No;Latest Software Release:Exploitation Less Likely","2026-08-11T07:00:00"
"CVE-2026-42976","5120238","11571","Windows Server 2019","10.0.17763.9115","7.8","Publicly Disclosed:No;Exploited:No;Latest Software Release:Exploitation Less Likely","2026-08-11T07:00:00"
"CVE-2026-42976","5120242","11923","Windows Server 2022","10.0.20348.5499","7.8","Publicly Disclosed:No;Exploited:No;Latest Software Release:Exploitation Less Likely","2026-08-11T07:00:00"
"CVE-2026-42976","5120242","11924","Windows Server 2022 (Server Core installation)","10.0.20348.5499","7.8","Publicly Disclosed:No;Exploited:No;Latest Software Release:Exploitation Less Likely","2026-08-11T07:00:00"
"CVE-2026-42976","5120229","11923","Windows Server 2022","10.0.20348.5440","7.8","Publicly Disclosed:No;Exploited:No;Latest Software Release:Exploitation Less Likely","2026-08-11T07:00:00"
"CVE-2026-42976","5120229","11924","Windows Server 2022 (Server Core installation)","10.0.20348.5440","7.8","Publicly Disclosed:No;Exploited:No;Latest Software Release:Exploitation Less Likely","2026-08-11T07:00:00"
"CVE-2026-42976","5120249","11930","Windows 10 Version 21H2 for ARM64-based Systems","10.0.19044.7663","7.8","Publicly Disclosed:No;Exploited:No;Latest Software Release:Exploitation Less Likely","2026-08-11T07:00:00"
"CVE-2026-42976","5120249","11929","Windows 10 Version 21H2 for 32-bit Systems","10.0.19044.7663","7.8","Publicly Disclosed:No;Exploited:No;Latest Software Release:Exploitation Less Likely","2026-08-11T07:00:00"
"CVE-2026-42976","5120249","11931","Windows 10 Version 21H2 for x64-based Systems","10.0.19044.7663","7.8","Publicly Disclosed:No;Exploited:No;Latest Software Release:Exploitation Less Likely","2026-08-11T07:00:00"
"CVE-2026-42976","5120249","12098","Windows 10 Version 22H2 for ARM64-based Systems","10.0.19045.7663","7.8","Publicly Disclosed:No;Exploited:No;Latest Software Release:Exploitation Less Likely","2026-08-11T07:00:00"
"CVE-2026-42976","5120249","12099","Windows 10 Version 22H2 for 32-bit Systems","10.0.19045.7663","7.8","Publicly Disclosed:No;Exploited:No;Latest Software Release:Exploitation Less Likely","2026-08-11T07:00:00"
"CVE-2026-42976","5120249","12097","Windows 10 Version 22H2 for x64-based Systems","10.0.19045.7663","7.8","Publicly Disclosed:No;Exploited:No;Latest Software Release:Exploitation Less Likely","2026-08-11T07:00:00"
"CVE-2026-42976","5120233","12437","Windows Server 2025 (Server Core installation)","10.0.26100.33296","7.8","Publicly Disclosed:No;Exploited:No;Latest Software Release:Exploitation Less Likely","2026-08-11T07:00:00"
"CVE-2026-42976","5120233","12436","Windows Server 2025","10.0.26100.33296","7.8","Publicly Disclosed:No;Exploited:No;Latest Software Release:Exploitation Less Likely","2026-08-11T07:00:00"
"CVE-2026-42976","5120228","12437","Windows Server 2025 (Server Core installation)","10.0.26100.33222","7.8","Publicly Disclosed:No;Exploited:No;Latest Software Release:Exploitation Less Likely","2026-08-11T07:00:00"
"CVE-2026-42976","5120228","12436","Windows Server 2025","10.0.26100.33222","7.8","Publicly Disclosed:No;Exploited:No;Latest Software Release:Exploitation Less Likely","2026-08-11T07:00:00"
"CVE-2026-42976","5120418","10855","Windows Server 2016 (Server Core installation)","10.0.14393.9418","7.8","Publicly Disclosed:No;Exploited:No;Latest Software Release:Exploitation Less Likely","2026-08-11T07:00:00"
"CVE-2026-42976","5120418","10816","Windows Server 2016","10.0.14393.9418","7.8","Publicly Disclosed:No;Exploited:No;Latest Software Release:Exploitation Less Likely","2026-08-11T07:00:00"
"CVE-2026-6726","5120238","11571","Windows Server 2019","10.0.17763.9115","7.9","Publicly Disclosed:No;Exploited:No;Latest Software Release:Exploitation Less Likely","2026-08-11T07:00:00"
"CVE-2026-6726","5120238","11572","Windows Server 2019 (Server Core installation)","10.0.17763.9115","7.9","Publicly Disclosed:No;Exploited:No;Latest Software Release:Exploitation Less Likely","2026-08-11T07:00:00"
"CVE-2026-6726","5120242","11923","Windows Server 2022","10.0.20348.5499","7.9","Publicly Disclosed:No;Exploited:No;Latest Software Release:Exploitation Less Likely","2026-08-11T07:00:00"
"CVE-2026-6726","5120242","11924","Windows Server 2022 (Server Core installation)","10.0.20348.5499","7.9","Publicly Disclosed:No;Exploited:No;Latest Software Release:Exploitation Less Likely","2026-08-11T07:00:00"
"CVE-2026-6726","5120229","11923","Windows Server 2022","10.0.20348.5440","7.9","Publicly Disclosed:No;Exploited:No;Latest Software Release:Exploitation Less Likely","2026-08-11T07:00:00"
"CVE-2026-6726","5120229","11924","Windows Server 2022 (Server Core installation)","10.0.20348.5440","7.9","Publicly Disclosed:No;Exploited:No;Latest Software Release:Exploitation Less Likely","2026-08-11T07:00:00"
"CVE-2026-6726","5123303","11923","Windows Server 2022","10.0.20348.5499","7.9","Publicly Disclosed:No;Exploited:No;Latest Software Release:Exploitation Less Likely","2026-08-11T07:00:00"
"CVE-2026-6726","5123303","11924","Windows Server 2022 (Server Core installation)","10.0.20348.5499","7.9","Publicly Disclosed:No;Exploited:No;Latest Software Release:Exploitation Less Likely","2026-08-11T07:00:00"
"CVE-2026-6726","5120249","11929","Windows 10 Version 21H2 for 32-bit Systems","10.0.19044.7663","7.9","Publicly Disclosed:No;Exploited:No;Latest Software Release:Exploitation Less Likely","2026-08-11T07:00:00"
"CVE-2026-6726","5120249","11930","Windows 10 Version 21H2 for ARM64-based Systems","10.0.19044.7663","7.9","Publicly Disclosed:No;Exploited:No;Latest Software Release:Exploitation Less Likely","2026-08-11T07:00:00"
"CVE-2026-6726","5120249","11931","Windows 10 Version 21H2 for x64-based Systems","10.0.19044.7663","7.9","Publicly Disclosed:No;Exploited:No;Latest Software Release:Exploitation Less Likely","2026-08-11T07:00:00"
"CVE-2026-6726","5120249","12097","Windows 10 Version 22H2 for x64-based Systems","10.0.19045.7663","7.9","Publicly Disclosed:No;Exploited:No;Latest Software Release:Exploitation Less Likely","2026-08-11T07:00:00"
"CVE-2026-6726","5120249","12098","Windows 10 Version 22H2 for ARM64-based Systems","10.0.19045.7663","7.9","Publicly Disclosed:No;Exploited:No;Latest Software Release:Exploitation Less Likely","2026-08-11T07:00:00"
"CVE-2026-6726","5120249","12099","Windows 10 Version 22H2 for 32-bit Systems","10.0.19045.7663","7.9","Publicly Disclosed:No;Exploited:No;Latest Software Release:Exploitation Less Likely","2026-08-11T07:00:00"
"CVE-2026-6726","5120233","12437","Windows Server 2025 (Server Core installation)","10.0.26100.33296","7.9","Publicly Disclosed:No;Exploited:No;Latest Software Release:Exploitation Less Likely","2026-08-11T07:00:00"
"CVE-2026-6726","5120233","12436","Windows Server 2025","10.0.26100.33296","7.9","Publicly Disclosed:No;Exploited:No;Latest Software Release:Exploitation Less Likely","2026-08-11T07:00:00"
"CVE-2026-6726","5120228","12437","Windows Server 2025 (Server Core installation)","10.0.26100.33222","7.9","Publicly Disclosed:No;Exploited:No;Latest Software Release:Exploitation Less Likely","2026-08-11T07:00:00"
"CVE-2026-6726","5120228","12436","Windows Server 2025","10.0.26100.33222","7.9","Publicly Disclosed:No;Exploited:No;Latest Software Release:Exploitation Less Likely","2026-08-11T07:00:00"
"CVE-2026-6726","5120240","12242","Windows 11 Version 23H2 for ARM64-based Systems","10.0.22631.7517","7.9","Publicly Disclosed:No;Exploited:No;Latest Software Release:Exploitation Less Likely","2026-08-11T07:00:00"
"CVE-2026-6726","5120240","12243","Windows 11 Version 23H2 for x64-based Systems","10.0.22631.7517","7.9","Publicly Disclosed:No;Exploited:No;Latest Software Release:Exploitation Less Likely","2026-08-11T07:00:00"
"CVE-2026-59122","5120238","11571","Windows Server 2019","10.0.17763.9115","7.0","Publicly Disclosed:No;Exploited:No;Latest Software Release:Exploitation Less Likely","2026-08-11T07:00:00"
"CVE-2026-59122","5120238","11572","Windows Server 2019 (Server Core installation)","10.0.17763.9115","7.0","Publicly Disclosed:No;Exploited:No;Latest Software Release:Exploitation Less Likely","2026-08-11T07:00:00"
"CVE-2026-59122","5120242","11923","Windows Server 2022","10.0.20348.5499","7.0","Publicly Disclosed:No;Exploited:No;Latest Software Release:Exploitation Less Likely","2026-08-11T07:00:00"
"CVE-2026-59122","5120242","11924","Windows Server 2022 (Server Core installation)","10.0.20348.5499","7.0","Publicly Disclosed:No;Exploited:No;Latest Software Release:Exploitation Less Likely","2026-08-11T07:00:00"
"CVE-2026-59122","5120229","11923","Windows Server 2022","10.0.20348.5440","7.0","Publicly Disclosed:No;Exploited:No;Latest Software Release:Exploitation Less Likely","2026-08-11T07:00:00"
"CVE-2026-59122","5120229","11924","Windows Server 2022 (Server Core installation)","10.0.20348.5440","7.0","Publicly Disclosed:No;Exploited:No;Latest Software Release:Exploitation Less Likely","2026-08-11T07:00:00"
"CVE-2026-59122","5120249","11929","Windows 10 Version 21H2 for 32-bit Systems","10.0.19044.7663","7.0","Publicly Disclosed:No;Exploited:No;Latest Software Release:Exploitation Less Likely","2026-08-11T07:00:00"
"CVE-2026-59122","5120249","11930","Windows 10 Version 21H2 for ARM64-based Systems","10.0.19044.7663","7.0","Publicly Disclosed:No;Exploited:No;Latest Software Release:Exploitation Less Likely","2026-08-11T07:00:00"
"CVE-2026-59122","5120249","11931","Windows 10 Version 21H2 for x64-based Systems","10.0.19044.7663","7.0","Publicly Disclosed:No;Exploited:No;Latest Software Release:Exploitation Less Likely","2026-08-11T07:00:00"
"CVE-2026-59122","5120249","12097","Windows 10 Version 22H2 for x64-based Systems","10.0.19045.7663","7.0","Publicly Disclosed:No;Exploited:No;Latest Software Release:Exploitation Less Likely","2026-08-11T07:00:00"
"CVE-2026-59122","5120249","12098","Windows 10 Version 22H2 for ARM64-based Systems","10.0.19045.7663","7.0","Publicly Disclosed:No;Exploited:No;Latest Software Release:Exploitation Less Likely","2026-08-11T07:00:00"
"CVE-2026-59122","5120249","12099","Windows 10 Version 22H2 for 32-bit Systems","10.0.19045.7663","7.0","Publicly Disclosed:No;Exploited:No;Latest Software Release:Exploitation Less Likely","2026-08-11T07:00:00"
"CVE-2026-59122","5120233","12437","Windows Server 2025 (Server Core installation)","10.0.26100.33296","7.0","Publicly Disclosed:No;Exploited:No;Latest Software Release:Exploitation Less Likely","2026-08-11T07:00:00"
"CVE-2026-59122","5120233","12436","Windows Server 2025","10.0.26100.33296","7.0","Publicly Disclosed:No;Exploited:No;Latest Software Release:Exploitation Less Likely","2026-08-11T07:00:00"
"CVE-2026-59122","5120228","12437","Windows Server 2025 (Server Core installation)","10.0.26100.33222","7.0","Publicly Disclosed:No;Exploited:No;Latest Software Release:Exploitation Less Likely","2026-08-11T07:00:00"
"CVE-2026-59122","5120228","12436","Windows Server 2025","10.0.26100.33222","7.0","Publicly Disclosed:No;Exploited:No;Latest Software Release:Exploitation Less Likely","2026-08-11T07:00:00"
"CVE-2026-59122","5120240","12242","Windows 11 Version 23H2 for ARM64-based Systems","10.0.22631.7517","7.0","Publicly Disclosed:No;Exploited:No;Latest Software Release:Exploitation Less Likely","2026-08-11T07:00:00"
"CVE-2026-59122","5120240","12243","Windows 11 Version 23H2 for x64-based Systems","10.0.22631.7517","7.0","Publicly Disclosed:No;Exploited:No;Latest Software Release:Exploitation Less Likely","2026-08-11T07:00:00"
"CVE-2026-59122","5120418","10816","Windows Server 2016","10.0.14393.9418","7.0","Publicly Disclosed:No;Exploited:No;Latest Software Release:Exploitation Less Likely","2026-08-11T07:00:00"
"CVE-2026-59122","5120418","10855","Windows Server 2016 (Server Core installation)","10.0.14393.9418","7.0","Publicly Disclosed:No;Exploited:No;Latest Software Release:Exploitation Less Likely","2026-08-11T07:00:00"
"CVE-2026-59125","5120238","11571","Windows Server 2019","10.0.17763.9115","7.0","Publicly Disclosed:No;Exploited:No;Latest Software Release:Exploitation Less Likely","2026-08-11T07:00:00"
"CVE-2026-59125","5120238","11572","Windows Server 2019 (Server Core installation)","10.0.17763.9115","7.0","Publicly Disclosed:No;Exploited:No;Latest Software Release:Exploitation Less Likely","2026-08-11T07:00:00"
"CVE-2026-59125","5120242","11923","Windows Server 2022","10.0.20348.5499","7.0","Publicly Disclosed:No;Exploited:No;Latest Software Release:Exploitation Less Likely","2026-08-11T07:00:00"
"CVE-2026-59125","5120242","11924","Windows Server 2022 (Server Core installation)","10.0.20348.5499","7.0","Publicly Disclosed:No;Exploited:No;Latest Software Release:Exploitation Less Likely","2026-08-11T07:00:00"
"CVE-2026-59125","5120229","11923","Windows Server 2022","10.0.20348.5440","7.0","Publicly Disclosed:No;Exploited:No;Latest Software Release:Exploitation Less Likely","2026-08-11T07:00:00"
"CVE-2026-59125","5120229","11924","Windows Server 2022 (Server Core installation)","10.0.20348.5440","7.0","Publicly Disclosed:No;Exploited:No;Latest Software Release:Exploitation Less Likely","2026-08-11T07:00:00"
"CVE-2026-59125","5120249","11929","Windows 10 Version 21H2 for 32-bit Systems","10.0.19044.7663","7.0","Publicly Disclosed:No;Exploited:No;Latest Software Release:Exploitation Less Likely","2026-08-11T07:00:00"
"CVE-2026-59125","5120249","11930","Windows 10 Version 21H2 for ARM64-based Systems","10.0.19044.7663","7.0","Publicly Disclosed:No;Exploited:No;Latest Software Release:Exploitation Less Likely","2026-08-11T07:00:00"
"CVE-2026-59125","5120249","11931","Windows 10 Version 21H2 for x64-based Systems","10.0.19044.7663","7.0","Publicly Disclosed:No;Exploited:No;Latest Software Release:Exploitation Less Likely","2026-08-11T07:00:00"
"CVE-2026-59125","5120249","12097","Windows 10 Version 22H2 for x64-based Systems","10.0.19045.7663","7.0","Publicly Disclosed:No;Exploited:No;Latest Software Release:Exploitation Less Likely","2026-08-11T07:00:00"
"CVE-2026-59125","5120249","12098","Windows 10 Version 22H2 for ARM64-based Systems","10.0.19045.7663","7.0","Publicly Disclosed:No;Exploited:No;Latest Software Release:Exploitation Less Likely","2026-08-11T07:00:00"
"CVE-2026-59125","5120249","12099","Windows 10 Version 22H2 for 32-bit Systems","10.0.19045.7663","7.0","Publicly Disclosed:No;Exploited:No;Latest Software Release:Exploitation Less Likely","2026-08-11T07:00:00"
"CVE-2026-59125","5120233","12437","Windows Server 2025 (Server Core installation)","10.0.26100.33296","7.0","Publicly Disclosed:No;Exploited:No;Latest Software Release:Exploitation Less Likely","2026-08-11T07:00:00"
"CVE-2026-59125","5120233","12436","Windows Server 2025","10.0.26100.33296","7.0","Publicly Disclosed:No;Exploited:No;Latest Software Release:Exploitation Less Likely","2026-08-11T07:00:00"
"CVE-2026-59125","5120228","12437","Windows Server 2025 (Server Core installation)","10.0.26100.33222","7.0","Publicly Disclosed:No;Exploited:No;Latest Software Release:Exploitation Less Likely","2026-08-11T07:00:00"
"CVE-2026-59125","5120228","12436","Windows Server 2025","10.0.26100.33222","7.0","Publicly Disclosed:No;Exploited:No;Latest Software Release:Exploitation Less Likely","2026-08-11T07:00:00"
"CVE-2026-59125","5120240","12242","Windows 11 Version 23H2 for ARM64-based Systems","10.0.22631.7517","7.0","Publicly Disclosed:No;Exploited:No;Latest Software Release:Exploitation Less Likely","2026-08-11T07:00:00"
"CVE-2026-59125","5120240","12243","Windows 11 Version 23H2 for x64-based Systems","10.0.22631.7517","7.0","Publicly Disclosed:No;Exploited:No;Latest Software Release:Exploitation Less Likely","2026-08-11T07:00:00"
"CVE-2026-59125","5120418","10816","Windows Server 2016","10.0.14393.9418","7.0","Publicly Disclosed:No;Exploited:No;Latest Software Release:Exploitation Less Likely","2026-08-11T07:00:00"
"CVE-2026-59125","5120418","10855","Windows Server 2016 (Server Core installation)","10.0.14393.9418","7.0","Publicly Disclosed:No;Exploited:No;Latest Software Release:Exploitation Less Likely","2026-08-11T07:00:00"
"CVE-2026-59126","5120242","11923","Windows Server 2022","10.0.20348.5499","7.0","Publicly Disclosed:No;Exploited:No;Latest Software Release:Exploitation Less Likely","2026-08-11T07:00:00"
"CVE-2026-59126","5120242","11924","Windows Server 2022 (Server Core installation)","10.0.20348.5499","7.0","Publicly Disclosed:No;Exploited:No;Latest Software Release:Exploitation Less Likely","2026-08-11T07:00:00"
"CVE-2026-59126","5120229","11923","Windows Server 2022","10.0.20348.5440","7.0","Publicly Disclosed:No;Exploited:No;Latest Software Release:Exploitation Less Likely","2026-08-11T07:00:00"
"CVE-2026-59126","5120229","11924","Windows Server 2022 (Server Core installation)","10.0.20348.5440","7.0","Publicly Disclosed:No;Exploited:No;Latest Software Release:Exploitation Less Likely","2026-08-11T07:00:00"
"CVE-2026-59126","5120249","11929","Windows 10 Version 21H2 for 32-bit Systems","10.0.19044.7663","7.0","Publicly Disclosed:No;Exploited:No;Latest Software Release:Exploitation Less Likely","2026-08-11T07:00:00"
"CVE-2026-59126","5120249","11930","Windows 10 Version 21H2 for ARM64-based Systems","10.0.19044.7663","7.0","Publicly Disclosed:No;Exploited:No;Latest Software Release:Exploitation Less Likely","2026-08-11T07:00:00"
"CVE-2026-59126","5120249","11931","Windows 10 Version 21H2 for x64-based Systems","10.0.19044.7663","7.0","Publicly Disclosed:No;Exploited:No;Latest Software Release:Exploitation Less Likely","2026-08-11T07:00:00"
"CVE-2026-59126","5120249","12097","Windows 10 Version 22H2 for x64-based Systems","10.0.19045.7663","7.0","Publicly Disclosed:No;Exploited:No;Latest Software Release:Exploitation Less Likely","2026-08-11T07:00:00"
"CVE-2026-59126","5120249","12098","Windows 10 Version 22H2 for ARM64-based Systems","10.0.19045.7663","7.0","Publicly Disclosed:No;Exploited:No;Latest Software Release:Exploitation Less Likely","2026-08-11T07:00:00"
"CVE-2026-59126","5120249","12099","Windows 10 Version 22H2 for 32-bit Systems","10.0.19045.7663","7.0","Publicly Disclosed:No;Exploited:No;Latest Software Release:Exploitation Less Likely","2026-08-11T07:00:00"
"CVE-2026-59126","5120233","12437","Windows Server 2025 (Server Core installation)","10.0.26100.33296","7.0","Publicly Disclosed:No;Exploited:No;Latest Software Release:Exploitation Less Likely","2026-08-11T07:00:00"
"CVE-2026-59126","5120233","12436","Windows Server 2025","10.0.26100.33296","7.0","Publicly Disclosed:No;Exploited:No;Latest Software Release:Exploitation Less Likely","2026-08-11T07:00:00"
"CVE-2026-59126","5120228","12437","Windows Server 2025 (Server Core installation)","10.0.26100.33222","7.0","Publicly Disclosed:No;Exploited:No;Latest Software Release:Exploitation Less Likely","2026-08-11T07:00:00"
"CVE-2026-59126","5120228","12436","Windows Server 2025","10.0.26100.33222","7.0","Publicly Disclosed:No;Exploited:No;Latest Software Release:Exploitation Less Likely","2026-08-11T07:00:00"
"CVE-2026-59126","5120240","12242","Windows 11 Version 23H2 for ARM64-based Systems","10.0.22631.7517","7.0","Publicly Disclosed:No;Exploited:No;Latest Software Release:Exploitation Less Likely","2026-08-11T07:00:00"
"CVE-2026-59126","5120240","12243","Windows 11 Version 23H2 for x64-based Systems","10.0.22631.7517","7.0","Publicly Disclosed:No;Exploited:No;Latest Software Release:Exploitation Less Likely","2026-08-11T07:00:00"
"CVE-2026-59131","5120238","11571","Windows Server 2019","10.0.17763.9115","5.6","Publicly Disclosed:No;Exploited:No;Latest Software Release:Exploitation Less Likely","2026-08-11T07:00:00"
"CVE-2026-59131","5120238","11572","Windows Server 2019 (Server Core installation)","10.0.17763.9115","5.6","Publicly Disclosed:No;Exploited:No;Latest Software Release:Exploitation Less Likely","2026-08-11T07:00:00"
"CVE-2026-59131","5120242","11923","Windows Server 2022","10.0.20348.5499","5.6","Publicly Disclosed:No;Exploited:No;Latest Software Release:Exploitation Less Likely","2026-08-11T07:00:00"
"CVE-2026-59131","5120242","11924","Windows Server 2022 (Server Core installation)","10.0.20348.5499","5.6","Publicly Disclosed:No;Exploited:No;Latest Software Release:Exploitation Less Likely","2026-08-11T07:00:00"
"CVE-2026-59131","5120229","11923","Windows Server 2022","10.0.20348.5440","5.6","Publicly Disclosed:No;Exploited:No;Latest Software Release:Exploitation Less Likely","2026-08-11T07:00:00"
"CVE-2026-59131","5120229","11924","Windows Server 2022 (Server Core installation)","10.0.20348.5440","5.6","Publicly Disclosed:No;Exploited:No;Latest Software Release:Exploitation Less Likely","2026-08-11T07:00:00"
"CVE-2026-59131","5120249","11929","Windows 10 Version 21H2 for 32-bit Systems","10.0.19044.7663","5.6","Publicly Disclosed:No;Exploited:No;Latest Software Release:Exploitation Less Likely","2026-08-11T07:00:00"
"CVE-2026-59131","5120249","11930","Windows 10 Version 21H2 for ARM64-based Systems","10.0.19044.7663","5.6","Publicly Disclosed:No;Exploited:No;Latest Software Release:Exploitation Less Likely","2026-08-11T07:00:00"
"CVE-2026-59131","5120249","11931","Windows 10 Version 21H2 for x64-based Systems","10.0.19044.7663","5.6","Publicly Disclosed:No;Exploited:No;Latest Software Release:Exploitation Less Likely","2026-08-11T07:00:00"
"CVE-2026-59131","5120249","12097","Windows 10 Version 22H2 for x64-based Systems","10.0.19045.7663","5.6","Publicly Disclosed:No;Exploited:No;Latest Software Release:Exploitation Less Likely","2026-08-11T07:00:00"
"CVE-2026-59131","5120249","12098","Windows 10 Version 22H2 for ARM64-based Systems","10.0.19045.7663","5.6","Publicly Disclosed:No;Exploited:No;Latest Software Release:Exploitation Less Likely","2026-08-11T07:00:00"
"CVE-2026-59131","5120249","12099","Windows 10 Version 22H2 for 32-bit Systems","10.0.19045.7663","5.6","Publicly Disclosed:No;Exploited:No;Latest Software Release:Exploitation Less Likely","2026-08-11T07:00:00"
"CVE-2026-59131","5120233","12437","Windows Server 2025 (Server Core installation)","10.0.26100.33296","5.6","Publicly Disclosed:No;Exploited:No;Latest Software Release:Exploitation Less Likely","2026-08-11T07:00:00"
"CVE-2026-59131","5120233","12436","Windows Server 2025","10.0.26100.33296","5.6","Publicly Disclosed:No;Exploited:No;Latest Software Release:Exploitation Less Likely","2026-08-11T07:00:00"
"CVE-2026-59131","5120228","12437","Windows Server 2025 (Server Core installation)","10.0.26100.33222","5.6","Publicly Disclosed:No;Exploited:No;Latest Software Release:Exploitation Less Likely","2026-08-11T07:00:00"
"CVE-2026-59131","5120228","12436","Windows Server 2025","10.0.26100.33222","5.6","Publicly Disclosed:No;Exploited:No;Latest Software Release:Exploitation Less Likely","2026-08-11T07:00:00"
"CVE-2026-59131","5120240","12242","Windows 11 Version 23H2 for ARM64-based Systems","10.0.22631.7517","5.6","Publicly Disclosed:No;Exploited:No;Latest Software Release:Exploitation Less Likely","2026-08-11T07:00:00"
"CVE-2026-59131","5120240","12243","Windows 11 Version 23H2 for x64-based Systems","10.0.22631.7517","5.6","Publicly Disclosed:No;Exploited:No;Latest Software Release:Exploitation Less Likely","2026-08-11T07:00:00"
"CVE-2026-59131","5120418","10816","Windows Server 2016","10.0.14393.9418","5.6","Publicly Disclosed:No;Exploited:No;Latest Software Release:Exploitation Less Likely","2026-08-11T07:00:00"
"CVE-2026-59131","5120418","10855","Windows Server 2016 (Server Core installation)","10.0.14393.9418","5.6","Publicly Disclosed:No;Exploited:No;Latest Software Release:Exploitation Less Likely","2026-08-11T07:00:00"
"CVE-2026-61349","5120238","11571","Windows Server 2019","10.0.17763.9115","7.8","Publicly Disclosed:No;Exploited:No;Latest Software Release:Exploitation Unlikely","2026-08-11T07:00:00"
"CVE-2026-61349","5120238","11572","Windows Server 2019 (Server Core installation)","10.0.17763.9115","7.8","Publicly Disclosed:No;Exploited:No;Latest Software Release:Exploitation Unlikely","2026-08-11T07:00:00"
"CVE-2026-61349","5120242","11923","Windows Server 2022","10.0.20348.5499","7.8","Publicly Disclosed:No;Exploited:No;Latest Software Release:Exploitation Unlikely","2026-08-11T07:00:00"
"CVE-2026-61349","5120242","11924","Windows Server 2022 (Server Core installation)","10.0.20348.5499","7.8","Publicly Disclosed:No;Exploited:No;Latest Software Release:Exploitation Unlikely","2026-08-11T07:00:00"
"CVE-2026-61349","5120229","11923","Windows Server 2022","10.0.20348.5440","7.8","Publicly Disclosed:No;Exploited:No;Latest Software Release:Exploitation Unlikely","2026-08-11T07:00:00"
"CVE-2026-61349","5120229","11924","Windows Server 2022 (Server Core installation)","10.0.20348.5440","7.8","Publicly Disclosed:No;Exploited:No;Latest Software Release:Exploitation Unlikely","2026-08-11T07:00:00"
"CVE-2026-61349","5120249","11929","Windows 10 Version 21H2 for 32-bit Systems","10.0.19044.7663","7.8","Publicly Disclosed:No;Exploited:No;Latest Software Release:Exploitation Unlikely","2026-08-11T07:00:00"
"CVE-2026-61349","5120249","11930","Windows 10 Version 21H2 for ARM64-based Systems","10.0.19044.7663","7.8","Publicly Disclosed:No;Exploited:No;Latest Software Release:Exploitation Unlikely","2026-08-11T07:00:00"
"CVE-2026-61349","5120249","11931","Windows 10 Version 21H2 for x64-based Systems","10.0.19044.7663","7.8","Publicly Disclosed:No;Exploited:No;Latest Software Release:Exploitation Unlikely","2026-08-11T07:00:00"
"CVE-2026-61349","5120249","12097","Windows 10 Version 22H2 for x64-based Systems","10.0.19045.7663","7.8","Publicly Disclosed:No;Exploited:No;Latest Software Release:Exploitation Unlikely","2026-08-11T07:00:00"
"CVE-2026-61349","5120249","12098","Windows 10 Version 22H2 for ARM64-based Systems","10.0.19045.7663","7.8","Publicly Disclosed:No;Exploited:No;Latest Software Release:Exploitation Unlikely","2026-08-11T07:00:00"
"CVE-2026-61349","5120249","12099","Windows 10 Version 22H2 for 32-bit Systems","10.0.19045.7663","7.8","Publicly Disclosed:No;Exploited:No;Latest Software Release:Exploitation Unlikely","2026-08-11T07:00:00"
"CVE-2026-61349","5120233","12437","Windows Server 2025 (Server Core installation)","10.0.26100.33296","7.8","Publicly Disclosed:No;Exploited:No;Latest Software Release:Exploitation Unlikely","2026-08-11T07:00:00"
"CVE-2026-61349","5120233","12436","Windows Server 2025","10.0.26100.33296","7.8","Publicly Disclosed:No;Exploited:No;Latest Software Release:Exploitation Unlikely","2026-08-11T07:00:00"
"CVE-2026-61349","5120228","12437","Windows Server 2025 (Server Core installation)","10.0.26100.33222","7.8","Publicly Disclosed:No;Exploited:No;Latest Software Release:Exploitation Unlikely","2026-08-11T07:00:00"
"CVE-2026-61349","5120228","12436","Windows Server 2025","10.0.26100.33222","7.8","Publicly Disclosed:No;Exploited:No;Latest Software Release:Exploitation Unlikely","2026-08-11T07:00:00"
"CVE-2026-61349","5120240","12242","Windows 11 Version 23H2 for ARM64-based Systems","10.0.22631.7517","7.8","Publicly Disclosed:No;Exploited:No;Latest Software Release:Exploitation Unlikely","2026-08-11T07:00:00"
"CVE-2026-61349","5120240","12243","Windows 11 Version 23H2 for x64-based Systems","10.0.22631.7517","7.8","Publicly Disclosed:No;Exploited:No;Latest Software Release:Exploitation Unlikely","2026-08-11T07:00:00"
"CVE-2026-61349","5120418","10816","Windows Server 2016","10.0.14393.9418","7.8","Publicly Disclosed:No;Exploited:No;Latest Software Release:Exploitation Unlikely","2026-08-11T07:00:00"
"CVE-2026-61349","5120418","10855","Windows Server 2016 (Server Core installation)","10.0.14393.9418","7.8","Publicly Disclosed:No;Exploited:No;Latest Software Release:Exploitation Unlikely","2026-08-11T07:00:00"
"CVE-2026-61363","5120238","11571","Windows Server 2019","10.0.17763.9115","7.5","Publicly Disclosed:No;Exploited:No;Latest Software Release:Exploitation Less Likely","2026-08-11T07:00:00"
"CVE-2026-61363","5120238","11572","Windows Server 2019 (Server Core installation)","10.0.17763.9115","7.5","Publicly Disclosed:No;Exploited:No;Latest Software Release:Exploitation Less Likely","2026-08-11T07:00:00"
"CVE-2026-61363","5120242","11923","Windows Server 2022","10.0.20348.5499","7.5","Publicly Disclosed:No;Exploited:No;Latest Software Release:Exploitation Less Likely","2026-08-11T07:00:00"
"CVE-2026-61363","5120242","11924","Windows Server 2022 (Server Core installation)","10.0.20348.5499","7.5","Publicly Disclosed:No;Exploited:No;Latest Software Release:Exploitation Less Likely","2026-08-11T07:00:00"
"CVE-2026-61363","5120229","11923","Windows Server 2022","10.0.20348.5440","7.5","Publicly Disclosed:No;Exploited:No;Latest Software Release:Exploitation Less Likely","2026-08-11T07:00:00"
"CVE-2026-61363","5120229","11924","Windows Server 2022 (Server Core installation)","10.0.20348.5440","7.5","Publicly Disclosed:No;Exploited:No;Latest Software Release:Exploitation Less Likely","2026-08-11T07:00:00"
"CVE-2026-61363","5120249","11929","Windows 10 Version 21H2 for 32-bit Systems","10.0.19044.7663","7.5","Publicly Disclosed:No;Exploited:No;Latest Software Release:Exploitation Less Likely","2026-08-11T07:00:00"
"CVE-2026-61363","5120249","11930","Windows 10 Version 21H2 for ARM64-based Systems","10.0.19044.7663","7.5","Publicly Disclosed:No;Exploited:No;Latest Software Release:Exploitation Less Likely","2026-08-11T07:00:00"
"CVE-2026-61363","5120249","11931","Windows 10 Version 21H2 for x64-based Systems","10.0.19044.7663","7.5","Publicly Disclosed:No;Exploited:No;Latest Software Release:Exploitation Less Likely","2026-08-11T07:00:00"
"CVE-2026-61363","5120249","12097","Windows 10 Version 22H2 for x64-based Systems","10.0.19045.7663","7.5","Publicly Disclosed:No;Exploited:No;Latest Software Release:Exploitation Less Likely","2026-08-11T07:00:00"
"CVE-2026-61363","5120249","12098","Windows 10 Version 22H2 for ARM64-based Systems","10.0.19045.7663","7.5","Publicly Disclosed:No;Exploited:No;Latest Software Release:Exploitation Less Likely","2026-08-11T07:00:00"
"CVE-2026-61363","5120249","12099","Windows 10 Version 22H2 for 32-bit Systems","10.0.19045.7663","7.5","Publicly Disclosed:No;Exploited:No;Latest Software Release:Exploitation Less Likely","2026-08-11T07:00:00"
"CVE-2026-61363","5120233","12437","Windows Server 2025 (Server Core installation)","10.0.26100.33296","7.5","Publicly Disclosed:No;Exploited:No;Latest Software Release:Exploitation Less Likely","2026-08-11T07:00:00"
"CVE-2026-61363","5120233","12436","Windows Server 2025","10.0.26100.33296","7.5","Publicly Disclosed:No;Exploited:No;Latest Software Release:Exploitation Less Likely","2026-08-11T07:00:00"
"CVE-2026-61363","5120228","12437","Windows Server 2025 (Server Core installation)","10.0.26100.33222","7.5","Publicly Disclosed:No;Exploited:No;Latest Software Release:Exploitation Less Likely","2026-08-11T07:00:00"
"CVE-2026-61363","5120228","12436","Windows Server 2025","10.0.26100.33222","7.5","Publicly Disclosed:No;Exploited:No;Latest Software Release:Exploitation Less Likely","2026-08-11T07:00:00"
"CVE-2026-61363","5120240","12242","Windows 11 Version 23H2 for ARM64-based Systems","10.0.22631.7517","7.5","Publicly Disclosed:No;Exploited:No;Latest Software Release:Exploitation Less Likely","2026-08-11T07:00:00"
"CVE-2026-61363","5120240","12243","Windows 11 Version 23H2 for x64-based Systems","10.0.22631.7517","7.5","Publicly Disclosed:No;Exploited:No;Latest Software Release:Exploitation Less Likely","2026-08-11T07:00:00"
"CVE-2026-61363","5120418","10816","Windows Server 2016","10.0.14393.9418","7.5","Publicly Disclosed:No;Exploited:No;Latest Software Release:Exploitation Less Likely","2026-08-11T07:00:00"
"CVE-2026-61363","5120418","10855","Windows Server 2016 (Server Core installation)","10.0.14393.9418","7.5","Publicly Disclosed:No;Exploited:No;Latest Software Release:Exploitation Less Likely","2026-08-11T07:00:00"
"CVE-2026-61359","5120242","11923","Windows Server 2022","10.0.20348.5499","7.8","Publicly Disclosed:No;Exploited:No;Latest Software Release:Exploitation Less Likely","2026-08-11T07:00:00"
"CVE-2026-61359","5120242","11924","Windows Server 2022 (Server Core installation)","10.0.20348.5499","7.8","Publicly Disclosed:No;Exploited:No;Latest Software Release:Exploitation Less Likely","2026-08-11T07:00:00"
"CVE-2026-61359","5120229","11923","Windows Server 2022","10.0.20348.5440","7.8","Publicly Disclosed:No;Exploited:No;Latest Software Release:Exploitation Less Likely","2026-08-11T07:00:00"
"CVE-2026-61359","5120229","11924","Windows Server 2022 (Server Core installation)","10.0.20348.5440","7.8","Publicly Disclosed:No;Exploited:No;Latest Software Release:Exploitation Less Likely","2026-08-11T07:00:00"
"CVE-2026-61359","5120233","12437","Windows Server 2025 (Server Core installation)","10.0.26100.33296","7.8","Publicly Disclosed:No;Exploited:No;Latest Software Release:Exploitation Less Likely","2026-08-11T07:00:00"
"CVE-2026-61359","5120233","12436","Windows Server 2025","10.0.26100.33296","7.8","Publicly Disclosed:No;Exploited:No;Latest Software Release:Exploitation Less Likely","2026-08-11T07:00:00"
"CVE-2026-61359","5120228","12437","Windows Server 2025 (Server Core installation)","10.0.26100.33222","7.8","Publicly Disclosed:No;Exploited:No;Latest Software Release:Exploitation Less Likely","2026-08-11T07:00:00"
"CVE-2026-61359","5120228","12436","Windows Server 2025","10.0.26100.33222","7.8","Publicly Disclosed:No;Exploited:No;Latest Software Release:Exploitation Less Likely","2026-08-11T07:00:00"
"CVE-2026-61359","5120240","12242","Windows 11 Version 23H2 for ARM64-based Systems","10.0.22631.7517","7.8","Publicly Disclosed:No;Exploited:No;Latest Software Release:Exploitation Less Likely","2026-08-11T07:00:00"
"CVE-2026-61359","5120240","12243","Windows 11 Version 23H2 for x64-based Systems","10.0.22631.7517","7.8","Publicly Disclosed:No;Exploited:No;Latest Software Release:Exploitation Less Likely","2026-08-11T07:00:00"
"CVE-2026-61355","5120242","11923","Windows Server 2022","10.0.20348.5499","7.8","Publicly Disclosed:No;Exploited:No;Latest Software Release:Exploitation Unlikely","2026-08-11T07:00:00"
"CVE-2026-61355","5120242","11924","Windows Server 2022 (Server Core installation)","10.0.20348.5499","7.8","Publicly Disclosed:No;Exploited:No;Latest Software Release:Exploitation Unlikely","2026-08-11T07:00:00"
"CVE-2026-61355","5120229","11923","Windows Server 2022","10.0.20348.5440","7.8","Publicly Disclosed:No;Exploited:No;Latest Software Release:Exploitation Unlikely","2026-08-11T07:00:00"
"CVE-2026-61355","5120229","11924","Windows Server 2022 (Server Core installation)","10.0.20348.5440","7.8","Publicly Disclosed:No;Exploited:No;Latest Software Release:Exploitation Unlikely","2026-08-11T07:00:00"
"CVE-2026-61355","5120249","11929","Windows 10 Version 21H2 for 32-bit Systems","10.0.19044.7663","7.8","Publicly Disclosed:No;Exploited:No;Latest Software Release:Exploitation Unlikely","2026-08-11T07:00:00"
"CVE-2026-61355","5120249","11930","Windows 10 Version 21H2 for ARM64-based Systems","10.0.19044.7663","7.8","Publicly Disclosed:No;Exploited:No;Latest Software Release:Exploitation Unlikely","2026-08-11T07:00:00"
"CVE-2026-61355","5120249","11931","Windows 10 Version 21H2 for x64-based Systems","10.0.19044.7663","7.8","Publicly Disclosed:No;Exploited:No;Latest Software Release:Exploitation Unlikely","2026-08-11T07:00:00"
"CVE-2026-61355","5120249","12097","Windows 10 Version 22H2 for x64-based Systems","10.0.19045.7663","7.8","Publicly Disclosed:No;Exploited:No;Latest Software Release:Exploitation Unlikely","2026-08-11T07:00:00"
"CVE-2026-61355","5120249","12098","Windows 10 Version 22H2 for ARM64-based Systems","10.0.19045.7663","7.8","Publicly Disclosed:No;Exploited:No;Latest Software Release:Exploitation Unlikely","2026-08-11T07:00:00"
"CVE-2026-61355","5120249","12099","Windows 10 Version 22H2 for 32-bit Systems","10.0.19045.7663","7.8","Publicly Disclosed:No;Exploited:No;Latest Software Release:Exploitation Unlikely","2026-08-11T07:00:00"
"CVE-2026-61355","5120233","12437","Windows Server 2025 (Server Core installation)","10.0.26100.33296","7.8","Publicly Disclosed:No;Exploited:No;Latest Software Release:Exploitation Unlikely","2026-08-11T07:00:00"
"CVE-2026-61355","5120233","12436","Windows Server 2025","10.0.26100.33296","7.8","Publicly Disclosed:No;Exploited:No;Latest Software Release:Exploitation Unlikely","2026-08-11T07:00:00"
"CVE-2026-61355","5120228","12437","Windows Server 2025 (Server Core installation)","10.0.26100.33222","7.8","Publicly Disclosed:No;Exploited:No;Latest Software Release:Exploitation Unlikely","2026-08-11T07:00:00"
"CVE-2026-61355","5120228","12436","Windows Server 2025","10.0.26100.33222","7.8","Publicly Disclosed:No;Exploited:No;Latest Software Release:Exploitation Unlikely","2026-08-11T07:00:00"
"CVE-2026-61355","5120240","12242","Windows 11 Version 23H2 for ARM64-based Systems","10.0.22631.7517","7.8","Publicly Disclosed:No;Exploited:No;Latest Software Release:Exploitation Unlikely","2026-08-11T07:00:00"
"CVE-2026-61355","5120240","12243","Windows 11 Version 23H2 for x64-based Systems","10.0.22631.7517","7.8","Publicly Disclosed:No;Exploited:No;Latest Software Release:Exploitation Unlikely","2026-08-11T07:00:00"
"CVE-2026-61364","5120238","11571","Windows Server 2019","10.0.17763.9115","7.8","Publicly Disclosed:No;Exploited:No;Latest Software Release:Exploitation Less Likely","2026-08-11T07:00:00"
"CVE-2026-61364","5120238","11572","Windows Server 2019 (Server Core installation)","10.0.17763.9115","7.8","Publicly Disclosed:No;Exploited:No;Latest Software Release:Exploitation Less Likely","2026-08-11T07:00:00"
"CVE-2026-61364","5120242","11923","Windows Server 2022","10.0.20348.5499","7.8","Publicly Disclosed:No;Exploited:No;Latest Software Release:Exploitation Less Likely","2026-08-11T07:00:00"
"CVE-2026-61364","5120242","11924","Windows Server 2022 (Server Core installation)","10.0.20348.5499","7.8","Publicly Disclosed:No;Exploited:No;Latest Software Release:Exploitation Less Likely","2026-08-11T07:00:00"
"CVE-2026-61364","5120229","11923","Windows Server 2022","10.0.20348.5440","7.8","Publicly Disclosed:No;Exploited:No;Latest Software Release:Exploitation Less Likely","2026-08-11T07:00:00"
"CVE-2026-61364","5120229","11924","Windows Server 2022 (Server Core installation)","10.0.20348.5440","7.8","Publicly Disclosed:No;Exploited:No;Latest Software Release:Exploitation Less Likely","2026-08-11T07:00:00"
"CVE-2026-61364","5120249","11929","Windows 10 Version 21H2 for 32-bit Systems","10.0.19044.7663","7.8","Publicly Disclosed:No;Exploited:No;Latest Software Release:Exploitation Less Likely","2026-08-11T07:00:00"
"CVE-2026-61364","5120249","11930","Windows 10 Version 21H2 for ARM64-based Systems","10.0.19044.7663","7.8","Publicly Disclosed:No;Exploited:No;Latest Software Release:Exploitation Less Likely","2026-08-11T07:00:00"
"CVE-2026-61364","5120249","11931","Windows 10 Version 21H2 for x64-based Systems","10.0.19044.7663","7.8","Publicly Disclosed:No;Exploited:No;Latest Software Release:Exploitation Less Likely","2026-08-11T07:00:00"
"CVE-2026-61364","5120249","12097","Windows 10 Version 22H2 for x64-based Systems","10.0.19045.7663","7.8","Publicly Disclosed:No;Exploited:No;Latest Software Release:Exploitation Less Likely","2026-08-11T07:00:00"
"CVE-2026-61364","5120249","12098","Windows 10 Version 22H2 for ARM64-based Systems","10.0.19045.7663","7.8","Publicly Disclosed:No;Exploited:No;Latest Software Release:Exploitation Less Likely","2026-08-11T07:00:00"
"CVE-2026-61364","5120249","12099","Windows 10 Version 22H2 for 32-bit Systems","10.0.19045.7663","7.8","Publicly Disclosed:No;Exploited:No;Latest Software Release:Exploitation Less Likely","2026-08-11T07:00:00"
"CVE-2026-61364","5120233","12437","Windows Server 2025 (Server Core installation)","10.0.26100.33296","7.8","Publicly Disclosed:No;Exploited:No;Latest Software Release:Exploitation Less Likely","2026-08-11T07:00:00"
"CVE-2026-61364","5120233","12436","Windows Server 2025","10.0.26100.33296","7.8","Publicly Disclosed:No;Exploited:No;Latest Software Release:Exploitation Less Likely","2026-08-11T07:00:00"
"CVE-2026-61364","5120228","12437","Windows Server 2025 (Server Core installation)","10.0.26100.33222","7.8","Publicly Disclosed:No;Exploited:No;Latest Software Release:Exploitation Less Likely","2026-08-11T07:00:00"
"CVE-2026-61364","5120228","12436","Windows Server 2025","10.0.26100.33222","7.8","Publicly Disclosed:No;Exploited:No;Latest Software Release:Exploitation Less Likely","2026-08-11T07:00:00"
"CVE-2026-61364","5120240","12242","Windows 11 Version 23H2 for ARM64-based Systems","10.0.22631.7517","7.8","Publicly Disclosed:No;Exploited:No;Latest Software Release:Exploitation Less Likely","2026-08-11T07:00:00"
"CVE-2026-61364","5120240","12243","Windows 11 Version 23H2 for x64-based Systems","10.0.22631.7517","7.8","Publicly Disclosed:No;Exploited:No;Latest Software Release:Exploitation Less Likely","2026-08-11T07:00:00"
"CVE-2026-61364","5120418","10816","Windows Server 2016","10.0.14393.9418","7.8","Publicly Disclosed:No;Exploited:No;Latest Software Release:Exploitation Less Likely","2026-08-11T07:00:00"
"CVE-2026-61364","5120418","10855","Windows Server 2016 (Server Core installation)","10.0.14393.9418","7.8","Publicly Disclosed:No;Exploited:No;Latest Software Release:Exploitation Less Likely","2026-08-11T07:00:00"
"CVE-2026-61365","5120238","11571","Windows Server 2019","10.0.17763.9115","7.8","Publicly Disclosed:No;Exploited:No;Latest Software Release:Exploitation Less Likely","2026-08-11T07:00:00"
"CVE-2026-61365","5120238","11572","Windows Server 2019 (Server Core installation)","10.0.17763.9115","7.8","Publicly Disclosed:No;Exploited:No;Latest Software Release:Exploitation Less Likely","2026-08-11T07:00:00"
"CVE-2026-61365","5120242","11923","Windows Server 2022","10.0.20348.5499","7.8","Publicly Disclosed:No;Exploited:No;Latest Software Release:Exploitation Less Likely","2026-08-11T07:00:00"
"CVE-2026-61365","5120242","11924","Windows Server 2022 (Server Core installation)","10.0.20348.5499","7.8","Publicly Disclosed:No;Exploited:No;Latest Software Release:Exploitation Less Likely","2026-08-11T07:00:00"
"CVE-2026-61365","5120229","11923","Windows Server 2022","10.0.20348.5440","7.8","Publicly Disclosed:No;Exploited:No;Latest Software Release:Exploitation Less Likely","2026-08-11T07:00:00"
"CVE-2026-61365","5120229","11924","Windows Server 2022 (Server Core installation)","10.0.20348.5440","7.8","Publicly Disclosed:No;Exploited:No;Latest Software Release:Exploitation Less Likely","2026-08-11T07:00:00"
"CVE-2026-61365","5120249","11929","Windows 10 Version 21H2 for 32-bit Systems","10.0.19044.7663","7.8","Publicly Disclosed:No;Exploited:No;Latest Software Release:Exploitation Less Likely","2026-08-11T07:00:00"
"CVE-2026-61365","5120249","11930","Windows 10 Version 21H2 for ARM64-based Systems","10.0.19044.7663","7.8","Publicly Disclosed:No;Exploited:No;Latest Software Release:Exploitation Less Likely","2026-08-11T07:00:00"
"CVE-2026-61365","5120249","11931","Windows 10 Version 21H2 for x64-based Systems","10.0.19044.7663","7.8","Publicly Disclosed:No;Exploited:No;Latest Software Release:Exploitation Less Likely","2026-08-11T07:00:00"
"CVE-2026-61365","5120249","12097","Windows 10 Version 22H2 for x64-based Systems","10.0.19045.7663","7.8","Publicly Disclosed:No;Exploited:No;Latest Software Release:Exploitation Less Likely","2026-08-11T07:00:00"
"CVE-2026-61365","5120249","12098","Windows 10 Version 22H2 for ARM64-based Systems","10.0.19045.7663","7.8","Publicly Disclosed:No;Exploited:No;Latest Software Release:Exploitation Less Likely","2026-08-11T07:00:00"
"CVE-2026-61365","5120249","12099","Windows 10 Version 22H2 for 32-bit Systems","10.0.19045.7663","7.8","Publicly Disclosed:No;Exploited:No;Latest Software Release:Exploitation Less Likely","2026-08-11T07:00:00"
"CVE-2026-61365","5120233","12437","Windows Server 2025 (Server Core installation)","10.0.26100.33296","7.8","Publicly Disclosed:No;Exploited:No;Latest Software Release:Exploitation Less Likely","2026-08-11T07:00:00"
"CVE-2026-61365","5120233","12436","Windows Server 2025","10.0.26100.33296","7.8","Publicly Disclosed:No;Exploited:No;Latest Software Release:Exploitation Less Likely","2026-08-11T07:00:00"
"CVE-2026-61365","5120228","12437","Windows Server 2025 (Server Core installation)","10.0.26100.33222","7.8","Publicly Disclosed:No;Exploited:No;Latest Software Release:Exploitation Less Likely","2026-08-11T07:00:00"
"CVE-2026-61365","5120228","12436","Windows Server 2025","10.0.26100.33222","7.8","Publicly Disclosed:No;Exploited:No;Latest Software Release:Exploitation Less Likely","2026-08-11T07:00:00"
"CVE-2026-61365","5120240","12242","Windows 11 Version 23H2 for ARM64-based Systems","10.0.22631.7517","7.8","Publicly Disclosed:No;Exploited:No;Latest Software Release:Exploitation Less Likely","2026-08-11T07:00:00"
"CVE-2026-61365","5120240","12243","Windows 11 Version 23H2 for x64-based Systems","10.0.22631.7517","7.8","Publicly Disclosed:No;Exploited:No;Latest Software Release:Exploitation Less Likely","2026-08-11T07:00:00"
"CVE-2026-61365","5120418","10816","Windows Server 2016","10.0.14393.9418","7.8","Publicly Disclosed:No;Exploited:No;Latest Software Release:Exploitation Less Likely","2026-08-11T07:00:00"
"CVE-2026-61365","5120418","10855","Windows Server 2016 (Server Core installation)","10.0.14393.9418","7.8","Publicly Disclosed:No;Exploited:No;Latest Software Release:Exploitation Less Likely","2026-08-11T07:00:00"
"CVE-2026-61357","5120233","12437","Windows Server 2025 (Server Core installation)","10.0.26100.33296","7.8","Publicly Disclosed:No;Exploited:No;Latest Software Release:Exploitation Less Likely","2026-08-11T07:00:00"
"CVE-2026-61357","5120233","12436","Windows Server 2025","10.0.26100.33296","7.8","Publicly Disclosed:No;Exploited:No;Latest Software Release:Exploitation Less Likely","2026-08-11T07:00:00"
"CVE-2026-61357","5120228","12437","Windows Server 2025 (Server Core installation)","10.0.26100.33222","7.8","Publicly Disclosed:No;Exploited:No;Latest Software Release:Exploitation Less Likely","2026-08-11T07:00:00"
"CVE-2026-61357","5120228","12436","Windows Server 2025","10.0.26100.33222","7.8","Publicly Disclosed:No;Exploited:No;Latest Software Release:Exploitation Less Likely","2026-08-11T07:00:00"
"CVE-2026-61358","5120238","11571","Windows Server 2019","10.0.17763.9115","7.8","Publicly Disclosed:No;Exploited:No;Latest Software Release:Exploitation More Likely","2026-08-11T07:00:00"
"CVE-2026-61358","5120238","11572","Windows Server 2019 (Server Core installation)","10.0.17763.9115","7.8","Publicly Disclosed:No;Exploited:No;Latest Software Release:Exploitation More Likely","2026-08-11T07:00:00"
"CVE-2026-61358","5120242","11923","Windows Server 2022","10.0.20348.5499","7.8","Publicly Disclosed:No;Exploited:No;Latest Software Release:Exploitation More Likely","2026-08-11T07:00:00"
"CVE-2026-61358","5120242","11924","Windows Server 2022 (Server Core installation)","10.0.20348.5499","7.8","Publicly Disclosed:No;Exploited:No;Latest Software Release:Exploitation More Likely","2026-08-11T07:00:00"
"CVE-2026-61358","5120229","11923","Windows Server 2022","10.0.20348.5440","7.8","Publicly Disclosed:No;Exploited:No;Latest Software Release:Exploitation More Likely","2026-08-11T07:00:00"
"CVE-2026-61358","5120229","11924","Windows Server 2022 (Server Core installation)","10.0.20348.5440","7.8","Publicly Disclosed:No;Exploited:No;Latest Software Release:Exploitation More Likely","2026-08-11T07:00:00"
"CVE-2026-61358","5120249","11929","Windows 10 Version 21H2 for 32-bit Systems","10.0.19044.7663","7.8","Publicly Disclosed:No;Exploited:No;Latest Software Release:Exploitation More Likely","2026-08-11T07:00:00"
"CVE-2026-61358","5120249","11930","Windows 10 Version 21H2 for ARM64-based Systems","10.0.19044.7663","7.8","Publicly Disclosed:No;Exploited:No;Latest Software Release:Exploitation More Likely","2026-08-11T07:00:00"
"CVE-2026-61358","5120249","11931","Windows 10 Version 21H2 for x64-based Systems","10.0.19044.7663","7.8","Publicly Disclosed:No;Exploited:No;Latest Software Release:Exploitation More Likely","2026-08-11T07:00:00"
"CVE-2026-61358","5120249","12097","Windows 10 Version 22H2 for x64-based Systems","10.0.19045.7663","7.8","Publicly Disclosed:No;Exploited:No;Latest Software Release:Exploitation More Likely","2026-08-11T07:00:00"
"CVE-2026-61358","5120249","12098","Windows 10 Version 22H2 for ARM64-based Systems","10.0.19045.7663","7.8","Publicly Disclosed:No;Exploited:No;Latest Software Release:Exploitation More Likely","2026-08-11T07:00:00"
"CVE-2026-61358","5120249","12099","Windows 10 Version 22H2 for 32-bit Systems","10.0.19045.7663","7.8","Publicly Disclosed:No;Exploited:No;Latest Software Release:Exploitation More Likely","2026-08-11T07:00:00"
"CVE-2026-61358","5120233","12437","Windows Server 2025 (Server Core installation)","10.0.26100.33296","7.8","Publicly Disclosed:No;Exploited:No;Latest Software Release:Exploitation More Likely","2026-08-11T07:00:00"
"CVE-2026-61358","5120233","12436","Windows Server 2025","10.0.26100.33296","7.8","Publicly Disclosed:No;Exploited:No;Latest Software Release:Exploitation More Likely","2026-08-11T07:00:00"
"CVE-2026-61358","5120228","12437","Windows Server 2025 (Server Core installation)","10.0.26100.33222","7.8","Publicly Disclosed:No;Exploited:No;Latest Software Release:Exploitation More Likely","2026-08-11T07:00:00"
"CVE-2026-61358","5120228","12436","Windows Server 2025","10.0.26100.33222","7.8","Publicly Disclosed:No;Exploited:No;Latest Software Release:Exploitation More Likely","2026-08-11T07:00:00"
"CVE-2026-61358","5120240","12242","Windows 11 Version 23H2 for ARM64-based Systems","10.0.22631.7517","7.8","Publicly Disclosed:No;Exploited:No;Latest Software Release:Exploitation More Likely","2026-08-11T07:00:00"
"CVE-2026-61358","5120240","12243","Windows 11 Version 23H2 for x64-based Systems","10.0.22631.7517","7.8","Publicly Disclosed:No;Exploited:No;Latest Software Release:Exploitation More Likely","2026-08-11T07:00:00"
"CVE-2026-61360","5120238","11571","Windows Server 2019","10.0.17763.9115","5.5","Publicly Disclosed:No;Exploited:No;Latest Software Release:Exploitation Unlikely","2026-08-11T07:00:00"
"CVE-2026-61360","5120238","11572","Windows Server 2019 (Server Core installation)","10.0.17763.9115","5.5","Publicly Disclosed:No;Exploited:No;Latest Software Release:Exploitation Unlikely","2026-08-11T07:00:00"
"CVE-2026-61360","5120242","11923","Windows Server 2022","10.0.20348.5499","5.5","Publicly Disclosed:No;Exploited:No;Latest Software Release:Exploitation Unlikely","2026-08-11T07:00:00"
"CVE-2026-61360","5120242","11924","Windows Server 2022 (Server Core installation)","10.0.20348.5499","5.5","Publicly Disclosed:No;Exploited:No;Latest Software Release:Exploitation Unlikely","2026-08-11T07:00:00"
"CVE-2026-61360","5120229","11923","Windows Server 2022","10.0.20348.5440","5.5","Publicly Disclosed:No;Exploited:No;Latest Software Release:Exploitation Unlikely","2026-08-11T07:00:00"
"CVE-2026-61360","5120229","11924","Windows Server 2022 (Server Core installation)","10.0.20348.5440","5.5","Publicly Disclosed:No;Exploited:No;Latest Software Release:Exploitation Unlikely","2026-08-11T07:00:00"
"CVE-2026-61360","5120249","11929","Windows 10 Version 21H2 for 32-bit Systems","10.0.19044.7663","5.5","Publicly Disclosed:No;Exploited:No;Latest Software Release:Exploitation Unlikely","2026-08-11T07:00:00"
"CVE-2026-61360","5120249","11930","Windows 10 Version 21H2 for ARM64-based Systems","10.0.19044.7663","5.5","Publicly Disclosed:No;Exploited:No;Latest Software Release:Exploitation Unlikely","2026-08-11T07:00:00"
"CVE-2026-61360","5120249","11931","Windows 10 Version 21H2 for x64-based Systems","10.0.19044.7663","5.5","Publicly Disclosed:No;Exploited:No;Latest Software Release:Exploitation Unlikely","2026-08-11T07:00:00"
"CVE-2026-61360","5120249","12097","Windows 10 Version 22H2 for x64-based Systems","10.0.19045.7663","5.5","Publicly Disclosed:No;Exploited:No;Latest Software Release:Exploitation Unlikely","2026-08-11T07:00:00"
"CVE-2026-61360","5120249","12098","Windows 10 Version 22H2 for ARM64-based Systems","10.0.19045.7663","5.5","Publicly Disclosed:No;Exploited:No;Latest Software Release:Exploitation Unlikely","2026-08-11T07:00:00"
"CVE-2026-61360","5120249","12099","Windows 10 Version 22H2 for 32-bit Systems","10.0.19045.7663","5.5","Publicly Disclosed:No;Exploited:No;Latest Software Release:Exploitation Unlikely","2026-08-11T07:00:00"
"CVE-2026-61360","5120233","12437","Windows Server 2025 (Server Core installation)","10.0.26100.33296","5.5","Publicly Disclosed:No;Exploited:No;Latest Software Release:Exploitation Unlikely","2026-08-11T07:00:00"
"CVE-2026-61360","5120233","12436","Windows Server 2025","10.0.26100.33296","5.5","Publicly Disclosed:No;Exploited:No;Latest Software Release:Exploitation Unlikely","2026-08-11T07:00:00"
"CVE-2026-61360","5120228","12437","Windows Server 2025 (Server Core installation)","10.0.26100.33222","5.5","Publicly Disclosed:No;Exploited:No;Latest Software Release:Exploitation Unlikely","2026-08-11T07:00:00"
"CVE-2026-61360","5120228","12436","Windows Server 2025","10.0.26100.33222","5.5","Publicly Disclosed:No;Exploited:No;Latest Software Release:Exploitation Unlikely","2026-08-11T07:00:00"
"CVE-2026-61360","5120240","12242","Windows 11 Version 23H2 for ARM64-based Systems","10.0.22631.7517","5.5","Publicly Disclosed:No;Exploited:No;Latest Software Release:Exploitation Unlikely","2026-08-11T07:00:00"
"CVE-2026-61360","5120240","12243","Windows 11 Version 23H2 for x64-based Systems","10.0.22631.7517","5.5","Publicly Disclosed:No;Exploited:No;Latest Software Release:Exploitation Unlikely","2026-08-11T07:00:00"
"CVE-2026-61360","5120418","10816","Windows Server 2016","10.0.14393.9418","5.5","Publicly Disclosed:No;Exploited:No;Latest Software Release:Exploitation Unlikely","2026-08-11T07:00:00"
"CVE-2026-61360","5120418","10855","Windows Server 2016 (Server Core installation)","10.0.14393.9418","5.5","Publicly Disclosed:No;Exploited:No;Latest Software Release:Exploitation Unlikely","2026-08-11T07:00:00"
"CVE-2026-61920","5120238","11571","Windows Server 2019","10.0.17763.9115","6.6","Publicly Disclosed:No;Exploited:No;Latest Software Release:Exploitation Unlikely","2026-08-11T07:00:00"
"CVE-2026-61920","5120238","11572","Windows Server 2019 (Server Core installation)","10.0.17763.9115","6.6","Publicly Disclosed:No;Exploited:No;Latest Software Release:Exploitation Unlikely","2026-08-11T07:00:00"
"CVE-2026-61920","5120242","11923","Windows Server 2022","10.0.20348.5499","6.6","Publicly Disclosed:No;Exploited:No;Latest Software Release:Exploitation Unlikely","2026-08-11T07:00:00"
"CVE-2026-61920","5120242","11924","Windows Server 2022 (Server Core installation)","10.0.20348.5499","6.6","Publicly Disclosed:No;Exploited:No;Latest Software Release:Exploitation Unlikely","2026-08-11T07:00:00"
"CVE-2026-61920","5120229","11923","Windows Server 2022","10.0.20348.5440","6.6","Publicly Disclosed:No;Exploited:No;Latest Software Release:Exploitation Unlikely","2026-08-11T07:00:00"
"CVE-2026-61920","5120229","11924","Windows Server 2022 (Server Core installation)","10.0.20348.5440","6.6","Publicly Disclosed:No;Exploited:No;Latest Software Release:Exploitation Unlikely","2026-08-11T07:00:00"
"CVE-2026-61920","5120233","12437","Windows Server 2025 (Server Core installation)","10.0.26100.33296","6.6","Publicly Disclosed:No;Exploited:No;Latest Software Release:Exploitation Unlikely","2026-08-11T07:00:00"
"CVE-2026-61920","5120233","12436","Windows Server 2025","10.0.26100.33296","6.6","Publicly Disclosed:No;Exploited:No;Latest Software Release:Exploitation Unlikely","2026-08-11T07:00:00"
"CVE-2026-61920","5120228","12437","Windows Server 2025 (Server Core installation)","10.0.26100.33222","6.6","Publicly Disclosed:No;Exploited:No;Latest Software Release:Exploitation Unlikely","2026-08-11T07:00:00"
"CVE-2026-61920","5120228","12436","Windows Server 2025","10.0.26100.33222","6.6","Publicly Disclosed:No;Exploited:No;Latest Software Release:Exploitation Unlikely","2026-08-11T07:00:00"
"CVE-2026-61920","5120418","10816","Windows Server 2016","10.0.14393.9418","6.6","Publicly Disclosed:No;Exploited:No;Latest Software Release:Exploitation Unlikely","2026-08-11T07:00:00"
"CVE-2026-61920","5120418","10855","Windows Server 2016 (Server Core installation)","10.0.14393.9418","6.6","Publicly Disclosed:No;Exploited:No;Latest Software Release:Exploitation Unlikely","2026-08-11T07:00:00"
"CVE-2026-61926","5120238","11571","Windows Server 2019","10.0.17763.9115","7.8","Publicly Disclosed:No;Exploited:No;Latest Software Release:Exploitation Less Likely","2026-08-11T07:00:00"
"CVE-2026-61926","5120238","11572","Windows Server 2019 (Server Core installation)","10.0.17763.9115","7.8","Publicly Disclosed:No;Exploited:No;Latest Software Release:Exploitation Less Likely","2026-08-11T07:00:00"
"CVE-2026-61926","5120242","11923","Windows Server 2022","10.0.20348.5499","7.8","Publicly Disclosed:No;Exploited:No;Latest Software Release:Exploitation Less Likely","2026-08-11T07:00:00"
"CVE-2026-61926","5120242","11924","Windows Server 2022 (Server Core installation)","10.0.20348.5499","7.8","Publicly Disclosed:No;Exploited:No;Latest Software Release:Exploitation Less Likely","2026-08-11T07:00:00"
"CVE-2026-61926","5120229","11923","Windows Server 2022","10.0.20348.5440","7.8","Publicly Disclosed:No;Exploited:No;Latest Software Release:Exploitation Less Likely","2026-08-11T07:00:00"
"CVE-2026-61926","5120229","11924","Windows Server 2022 (Server Core installation)","10.0.20348.5440","7.8","Publicly Disclosed:No;Exploited:No;Latest Software Release:Exploitation Less Likely","2026-08-11T07:00:00"
"CVE-2026-61926","5120249","11929","Windows 10 Version 21H2 for 32-bit Systems","10.0.19044.7663","7.8","Publicly Disclosed:No;Exploited:No;Latest Software Release:Exploitation Less Likely","2026-08-11T07:00:00"
"CVE-2026-61926","5120249","11930","Windows 10 Version 21H2 for ARM64-based Systems","10.0.19044.7663","7.8","Publicly Disclosed:No;Exploited:No;Latest Software Release:Exploitation Less Likely","2026-08-11T07:00:00"
"CVE-2026-61926","5120249","11931","Windows 10 Version 21H2 for x64-based Systems","10.0.19044.7663","7.8","Publicly Disclosed:No;Exploited:No;Latest Software Release:Exploitation Less Likely","2026-08-11T07:00:00"
"CVE-2026-61926","5120249","12097","Windows 10 Version 22H2 for x64-based Systems","10.0.19045.7663","7.8","Publicly Disclosed:No;Exploited:No;Latest Software Release:Exploitation Less Likely","2026-08-11T07:00:00"
"CVE-2026-61926","5120249","12098","Windows 10 Version 22H2 for ARM64-based Systems","10.0.19045.7663","7.8","Publicly Disclosed:No;Exploited:No;Latest Software Release:Exploitation Less Likely","2026-08-11T07:00:00"
"CVE-2026-61926","5120249","12099","Windows 10 Version 22H2 for 32-bit Systems","10.0.19045.7663","7.8","Publicly Disclosed:No;Exploited:No;Latest Software Release:Exploitation Less Likely","2026-08-11T07:00:00"
"CVE-2026-61926","5120233","12437","Windows Server 2025 (Server Core installation)","10.0.26100.33296","7.8","Publicly Disclosed:No;Exploited:No;Latest Software Release:Exploitation Less Likely","2026-08-11T07:00:00"
"CVE-2026-61926","5120233","12436","Windows Server 2025","10.0.26100.33296","7.8","Publicly Disclosed:No;Exploited:No;Latest Software Release:Exploitation Less Likely","2026-08-11T07:00:00"
"CVE-2026-61926","5120228","12437","Windows Server 2025 (Server Core installation)","10.0.26100.33222","7.8","Publicly Disclosed:No;Exploited:No;Latest Software Release:Exploitation Less Likely","2026-08-11T07:00:00"
"CVE-2026-61926","5120228","12436","Windows Server 2025","10.0.26100.33222","7.8","Publicly Disclosed:No;Exploited:No;Latest Software Release:Exploitation Less Likely","2026-08-11T07:00:00"
"CVE-2026-61926","5120240","12242","Windows 11 Version 23H2 for ARM64-based Systems","10.0.22631.7517","7.8","Publicly Disclosed:No;Exploited:No;Latest Software Release:Exploitation Less Likely","2026-08-11T07:00:00"
"CVE-2026-61926","5120240","12243","Windows 11 Version 23H2 for x64-based Systems","10.0.22631.7517","7.8","Publicly Disclosed:No;Exploited:No;Latest Software Release:Exploitation Less Likely","2026-08-11T07:00:00"
"CVE-2026-61926","5120418","10816","Windows Server 2016","10.0.14393.9418","7.8","Publicly Disclosed:No;Exploited:No;Latest Software Release:Exploitation Less Likely","2026-08-11T07:00:00"
"CVE-2026-61926","5120418","10855","Windows Server 2016 (Server Core installation)","10.0.14393.9418","7.8","Publicly Disclosed:No;Exploited:No;Latest Software Release:Exploitation Less Likely","2026-08-11T07:00:00"
"CVE-2026-61918","5120238","11571","Windows Server 2019","10.0.17763.9115","6.5","Publicly Disclosed:No;Exploited:No;Latest Software Release:Exploitation Less Likely","2026-08-11T07:00:00"
"CVE-2026-61918","5120238","11572","Windows Server 2019 (Server Core installation)","10.0.17763.9115","6.5","Publicly Disclosed:No;Exploited:No;Latest Software Release:Exploitation Less Likely","2026-08-11T07:00:00"
"CVE-2026-61918","5120242","11923","Windows Server 2022","10.0.20348.5499","6.5","Publicly Disclosed:No;Exploited:No;Latest Software Release:Exploitation Less Likely","2026-08-11T07:00:00"
"CVE-2026-61918","5120242","11924","Windows Server 2022 (Server Core installation)","10.0.20348.5499","6.5","Publicly Disclosed:No;Exploited:No;Latest Software Release:Exploitation Less Likely","2026-08-11T07:00:00"
"CVE-2026-61918","5120229","11923","Windows Server 2022","10.0.20348.5440","6.5","Publicly Disclosed:No;Exploited:No;Latest Software Release:Exploitation Less Likely","2026-08-11T07:00:00"
"CVE-2026-61918","5120229","11924","Windows Server 2022 (Server Core installation)","10.0.20348.5440","6.5","Publicly Disclosed:No;Exploited:No;Latest Software Release:Exploitation Less Likely","2026-08-11T07:00:00"
"CVE-2026-61918","5120249","11929","Windows 10 Version 21H2 for 32-bit Systems","10.0.19044.7663","6.5","Publicly Disclosed:No;Exploited:No;Latest Software Release:Exploitation Less Likely","2026-08-11T07:00:00"
"CVE-2026-61918","5120249","11930","Windows 10 Version 21H2 for ARM64-based Systems","10.0.19044.7663","6.5","Publicly Disclosed:No;Exploited:No;Latest Software Release:Exploitation Less Likely","2026-08-11T07:00:00"
"CVE-2026-61918","5120249","11931","Windows 10 Version 21H2 for x64-based Systems","10.0.19044.7663","6.5","Publicly Disclosed:No;Exploited:No;Latest Software Release:Exploitation Less Likely","2026-08-11T07:00:00"
"CVE-2026-61918","5120249","12097","Windows 10 Version 22H2 for x64-based Systems","10.0.19045.7663","6.5","Publicly Disclosed:No;Exploited:No;Latest Software Release:Exploitation Less Likely","2026-08-11T07:00:00"
"CVE-2026-61918","5120249","12098","Windows 10 Version 22H2 for ARM64-based Systems","10.0.19045.7663","6.5","Publicly Disclosed:No;Exploited:No;Latest Software Release:Exploitation Less Likely","2026-08-11T07:00:00"
"CVE-2026-61918","5120249","12099","Windows 10 Version 22H2 for 32-bit Systems","10.0.19045.7663","6.5","Publicly Disclosed:No;Exploited:No;Latest Software Release:Exploitation Less Likely","2026-08-11T07:00:00"
"CVE-2026-61918","5120233","12437","Windows Server 2025 (Server Core installation)","10.0.26100.33296","6.5","Publicly Disclosed:No;Exploited:No;Latest Software Release:Exploitation Less Likely","2026-08-11T07:00:00"
"CVE-2026-61918","5120233","12436","Windows Server 2025","10.0.26100.33296","6.5","Publicly Disclosed:No;Exploited:No;Latest Software Release:Exploitation Less Likely","2026-08-11T07:00:00"
"CVE-2026-61918","5120228","12437","Windows Server 2025 (Server Core installation)","10.0.26100.33222","6.5","Publicly Disclosed:No;Exploited:No;Latest Software Release:Exploitation Less Likely","2026-08-11T07:00:00"
"CVE-2026-61918","5120228","12436","Windows Server 2025","10.0.26100.33222","6.5","Publicly Disclosed:No;Exploited:No;Latest Software Release:Exploitation Less Likely","2026-08-11T07:00:00"
"CVE-2026-61918","5120240","12242","Windows 11 Version 23H2 for ARM64-based Systems","10.0.22631.7517","6.5","Publicly Disclosed:No;Exploited:No;Latest Software Release:Exploitation Less Likely","2026-08-11T07:00:00"
"CVE-2026-61918","5120240","12243","Windows 11 Version 23H2 for x64-based Systems","10.0.22631.7517","6.5","Publicly Disclosed:No;Exploited:No;Latest Software Release:Exploitation Less Likely","2026-08-11T07:00:00"
"CVE-2026-61918","5120418","10816","Windows Server 2016","10.0.14393.9418","6.5","Publicly Disclosed:No;Exploited:No;Latest Software Release:Exploitation Less Likely","2026-08-11T07:00:00"
"CVE-2026-61918","5120418","10855","Windows Server 2016 (Server Core installation)","10.0.14393.9418","6.5","Publicly Disclosed:No;Exploited:No;Latest Software Release:Exploitation Less Likely","2026-08-11T07:00:00"
"CVE-2026-61921","5120238","11571","Windows Server 2019","10.0.17763.9115","6.5","Publicly Disclosed:No;Exploited:No;Latest Software Release:Exploitation Less Likely","2026-08-11T07:00:00"
"CVE-2026-61921","5120238","11572","Windows Server 2019 (Server Core installation)","10.0.17763.9115","6.5","Publicly Disclosed:No;Exploited:No;Latest Software Release:Exploitation Less Likely","2026-08-11T07:00:00"
"CVE-2026-61921","5120242","11923","Windows Server 2022","10.0.20348.5499","6.5","Publicly Disclosed:No;Exploited:No;Latest Software Release:Exploitation Less Likely","2026-08-11T07:00:00"
"CVE-2026-61921","5120242","11924","Windows Server 2022 (Server Core installation)","10.0.20348.5499","6.5","Publicly Disclosed:No;Exploited:No;Latest Software Release:Exploitation Less Likely","2026-08-11T07:00:00"
"CVE-2026-61921","5120229","11923","Windows Server 2022","10.0.20348.5440","6.5","Publicly Disclosed:No;Exploited:No;Latest Software Release:Exploitation Less Likely","2026-08-11T07:00:00"
"CVE-2026-61921","5120229","11924","Windows Server 2022 (Server Core installation)","10.0.20348.5440","6.5","Publicly Disclosed:No;Exploited:No;Latest Software Release:Exploitation Less Likely","2026-08-11T07:00:00"
"CVE-2026-61921","5120249","11929","Windows 10 Version 21H2 for 32-bit Systems","10.0.19044.7663","6.5","Publicly Disclosed:No;Exploited:No;Latest Software Release:Exploitation Less Likely","2026-08-11T07:00:00"
"CVE-2026-61921","5120249","11930","Windows 10 Version 21H2 for ARM64-based Systems","10.0.19044.7663","6.5","Publicly Disclosed:No;Exploited:No;Latest Software Release:Exploitation Less Likely","2026-08-11T07:00:00"
"CVE-2026-61921","5120249","11931","Windows 10 Version 21H2 for x64-based Systems","10.0.19044.7663","6.5","Publicly Disclosed:No;Exploited:No;Latest Software Release:Exploitation Less Likely","2026-08-11T07:00:00"
"CVE-2026-61921","5120249","12097","Windows 10 Version 22H2 for x64-based Systems","10.0.19045.7663","6.5","Publicly Disclosed:No;Exploited:No;Latest Software Release:Exploitation Less Likely","2026-08-11T07:00:00"
"CVE-2026-61921","5120249","12098","Windows 10 Version 22H2 for ARM64-based Systems","10.0.19045.7663","6.5","Publicly Disclosed:No;Exploited:No;Latest Software Release:Exploitation Less Likely","2026-08-11T07:00:00"
"CVE-2026-61921","5120249","12099","Windows 10 Version 22H2 for 32-bit Systems","10.0.19045.7663","6.5","Publicly Disclosed:No;Exploited:No;Latest Software Release:Exploitation Less Likely","2026-08-11T07:00:00"
"CVE-2026-61921","5120233","12437","Windows Server 2025 (Server Core installation)","10.0.26100.33296","6.5","Publicly Disclosed:No;Exploited:No;Latest Software Release:Exploitation Less Likely","2026-08-11T07:00:00"
"CVE-2026-61921","5120233","12436","Windows Server 2025","10.0.26100.33296","6.5","Publicly Disclosed:No;Exploited:No;Latest Software Release:Exploitation Less Likely","2026-08-11T07:00:00"
"CVE-2026-61921","5120228","12437","Windows Server 2025 (Server Core installation)","10.0.26100.33222","6.5","Publicly Disclosed:No;Exploited:No;Latest Software Release:Exploitation Less Likely","2026-08-11T07:00:00"
"CVE-2026-61921","5120228","12436","Windows Server 2025","10.0.26100.33222","6.5","Publicly Disclosed:No;Exploited:No;Latest Software Release:Exploitation Less Likely","2026-08-11T07:00:00"
"CVE-2026-61921","5120240","12242","Windows 11 Version 23H2 for ARM64-based Systems","10.0.22631.7517","6.5","Publicly Disclosed:No;Exploited:No;Latest Software Release:Exploitation Less Likely","2026-08-11T07:00:00"
"CVE-2026-61921","5120240","12243","Windows 11 Version 23H2 for x64-based Systems","10.0.22631.7517","6.5","Publicly Disclosed:No;Exploited:No;Latest Software Release:Exploitation Less Likely","2026-08-11T07:00:00"
"CVE-2026-61921","5120418","10816","Windows Server 2016","10.0.14393.9418","6.5","Publicly Disclosed:No;Exploited:No;Latest Software Release:Exploitation Less Likely","2026-08-11T07:00:00"
"CVE-2026-61921","5120418","10855","Windows Server 2016 (Server Core installation)","10.0.14393.9418","6.5","Publicly Disclosed:No;Exploited:No;Latest Software Release:Exploitation Less Likely","2026-08-11T07:00:00"
"CVE-2026-61929","5120233","12437","Windows Server 2025 (Server Core installation)","10.0.26100.33296","7.0","Publicly Disclosed:No;Exploited:No;Latest Software Release:Exploitation More Likely","2026-08-11T07:00:00"
"CVE-2026-61929","5120233","12436","Windows Server 2025","10.0.26100.33296","7.0","Publicly Disclosed:No;Exploited:No;Latest Software Release:Exploitation More Likely","2026-08-11T07:00:00"
"CVE-2026-61929","5120228","12437","Windows Server 2025 (Server Core installation)","10.0.26100.33222","7.0","Publicly Disclosed:No;Exploited:No;Latest Software Release:Exploitation More Likely","2026-08-11T07:00:00"
"CVE-2026-61929","5120228","12436","Windows Server 2025","10.0.26100.33222","7.0","Publicly Disclosed:No;Exploited:No;Latest Software Release:Exploitation More Likely","2026-08-11T07:00:00"
"CVE-2026-61929","5120240","12242","Windows 11 Version 23H2 for ARM64-based Systems","10.0.22631.7517","7.0","Publicly Disclosed:No;Exploited:No;Latest Software Release:Exploitation More Likely","2026-08-11T07:00:00"
"CVE-2026-61929","5120240","12243","Windows 11 Version 23H2 for x64-based Systems","10.0.22631.7517","7.0","Publicly Disclosed:No;Exploited:No;Latest Software Release:Exploitation More Likely","2026-08-11T07:00:00"
"CVE-2026-61938","5120233","12437","Windows Server 2025 (Server Core installation)","10.0.26100.33296","7.0","Publicly Disclosed:No;Exploited:No;Latest Software Release:Exploitation Less Likely","2026-08-11T07:00:00"
"CVE-2026-61938","5120233","12436","Windows Server 2025","10.0.26100.33296","7.0","Publicly Disclosed:No;Exploited:No;Latest Software Release:Exploitation Less Likely","2026-08-11T07:00:00"
"CVE-2026-61938","5120228","12437","Windows Server 2025 (Server Core installation)","10.0.26100.33222","7.0","Publicly Disclosed:No;Exploited:No;Latest Software Release:Exploitation Less Likely","2026-08-11T07:00:00"
"CVE-2026-61938","5120228","12436","Windows Server 2025","10.0.26100.33222","7.0","Publicly Disclosed:No;Exploited:No;Latest Software Release:Exploitation Less Likely","2026-08-11T07:00:00"
"CVE-2026-62698","5120238","11571","Windows Server 2019","10.0.17763.9115","7.8","Publicly Disclosed:No;Exploited:No;Latest Software Release:Exploitation More Likely","2026-08-11T07:00:00"
"CVE-2026-62698","5120238","11572","Windows Server 2019 (Server Core installation)","10.0.17763.9115","7.8","Publicly Disclosed:No;Exploited:No;Latest Software Release:Exploitation More Likely","2026-08-11T07:00:00"
"CVE-2026-62698","5120242","11923","Windows Server 2022","10.0.20348.5499","7.8","Publicly Disclosed:No;Exploited:No;Latest Software Release:Exploitation More Likely","2026-08-11T07:00:00"
"CVE-2026-62698","5120242","11924","Windows Server 2022 (Server Core installation)","10.0.20348.5499","7.8","Publicly Disclosed:No;Exploited:No;Latest Software Release:Exploitation More Likely","2026-08-11T07:00:00"
"CVE-2026-62698","5120229","11923","Windows Server 2022","10.0.20348.5440","7.8","Publicly Disclosed:No;Exploited:No;Latest Software Release:Exploitation More Likely","2026-08-11T07:00:00"
"CVE-2026-62698","5120229","11924","Windows Server 2022 (Server Core installation)","10.0.20348.5440","7.8","Publicly Disclosed:No;Exploited:No;Latest Software Release:Exploitation More Likely","2026-08-11T07:00:00"
"CVE-2026-62698","5120249","11929","Windows 10 Version 21H2 for 32-bit Systems","10.0.19044.7663","7.8","Publicly Disclosed:No;Exploited:No;Latest Software Release:Exploitation More Likely","2026-08-11T07:00:00"
"CVE-2026-62698","5120249","11930","Windows 10 Version 21H2 for ARM64-based Systems","10.0.19044.7663","7.8","Publicly Disclosed:No;Exploited:No;Latest Software Release:Exploitation More Likely","2026-08-11T07:00:00"
"CVE-2026-62698","5120249","11931","Windows 10 Version 21H2 for x64-based Systems","10.0.19044.7663","7.8","Publicly Disclosed:No;Exploited:No;Latest Software Release:Exploitation More Likely","2026-08-11T07:00:00"
"CVE-2026-62698","5120249","12097","Windows 10 Version 22H2 for x64-based Systems","10.0.19045.7663","7.8","Publicly Disclosed:No;Exploited:No;Latest Software Release:Exploitation More Likely","2026-08-11T07:00:00"
"CVE-2026-62698","5120249","12098","Windows 10 Version 22H2 for ARM64-based Systems","10.0.19045.7663","7.8","Publicly Disclosed:No;Exploited:No;Latest Software Release:Exploitation More Likely","2026-08-11T07:00:00"
"CVE-2026-62698","5120249","12099","Windows 10 Version 22H2 for 32-bit Systems","10.0.19045.7663","7.8","Publicly Disclosed:No;Exploited:No;Latest Software Release:Exploitation More Likely","2026-08-11T07:00:00"
"CVE-2026-62698","5120233","12437","Windows Server 2025 (Server Core installation)","10.0.26100.33296","7.8","Publicly Disclosed:No;Exploited:No;Latest Software Release:Exploitation More Likely","2026-08-11T07:00:00"
"CVE-2026-62698","5120233","12436","Windows Server 2025","10.0.26100.33296","7.8","Publicly Disclosed:No;Exploited:No;Latest Software Release:Exploitation More Likely","2026-08-11T07:00:00"
"CVE-2026-62698","5120228","12437","Windows Server 2025 (Server Core installation)","10.0.26100.33222","7.8","Publicly Disclosed:No;Exploited:No;Latest Software Release:Exploitation More Likely","2026-08-11T07:00:00"
"CVE-2026-62698","5120228","12436","Windows Server 2025","10.0.26100.33222","7.8","Publicly Disclosed:No;Exploited:No;Latest Software Release:Exploitation More Likely","2026-08-11T07:00:00"
"CVE-2026-62698","5120240","12242","Windows 11 Version 23H2 for ARM64-based Systems","10.0.22631.7517","7.8","Publicly Disclosed:No;Exploited:No;Latest Software Release:Exploitation More Likely","2026-08-11T07:00:00"
"CVE-2026-62698","5120240","12243","Windows 11 Version 23H2 for x64-based Systems","10.0.22631.7517","7.8","Publicly Disclosed:No;Exploited:No;Latest Software Release:Exploitation More Likely","2026-08-11T07:00:00"
"CVE-2026-62698","5120418","10816","Windows Server 2016","10.0.14393.9418","7.8","Publicly Disclosed:No;Exploited:No;Latest Software Release:Exploitation More Likely","2026-08-11T07:00:00"
"CVE-2026-62698","5120418","10855","Windows Server 2016 (Server Core installation)","10.0.14393.9418","7.8","Publicly Disclosed:No;Exploited:No;Latest Software Release:Exploitation More Likely","2026-08-11T07:00:00"
"CVE-2026-62700","5120238","11571","Windows Server 2019","10.0.17763.9115","7.8","Publicly Disclosed:No;Exploited:No;Latest Software Release:Exploitation Less Likely","2026-08-11T07:00:00"
"CVE-2026-62700","5120238","11572","Windows Server 2019 (Server Core installation)","10.0.17763.9115","7.8","Publicly Disclosed:No;Exploited:No;Latest Software Release:Exploitation Less Likely","2026-08-11T07:00:00"
"CVE-2026-62700","5120242","11923","Windows Server 2022","10.0.20348.5499","7.8","Publicly Disclosed:No;Exploited:No;Latest Software Release:Exploitation Less Likely","2026-08-11T07:00:00"
"CVE-2026-62700","5120242","11924","Windows Server 2022 (Server Core installation)","10.0.20348.5499","7.8","Publicly Disclosed:No;Exploited:No;Latest Software Release:Exploitation Less Likely","2026-08-11T07:00:00"
"CVE-2026-62700","5120229","11923","Windows Server 2022","10.0.20348.5440","7.8","Publicly Disclosed:No;Exploited:No;Latest Software Release:Exploitation Less Likely","2026-08-11T07:00:00"
"CVE-2026-62700","5120229","11924","Windows Server 2022 (Server Core installation)","10.0.20348.5440","7.8","Publicly Disclosed:No;Exploited:No;Latest Software Release:Exploitation Less Likely","2026-08-11T07:00:00"
"CVE-2026-62700","5120249","11929","Windows 10 Version 21H2 for 32-bit Systems","10.0.19044.7663","7.8","Publicly Disclosed:No;Exploited:No;Latest Software Release:Exploitation Less Likely","2026-08-11T07:00:00"
"CVE-2026-62700","5120249","11930","Windows 10 Version 21H2 for ARM64-based Systems","10.0.19044.7663","7.8","Publicly Disclosed:No;Exploited:No;Latest Software Release:Exploitation Less Likely","2026-08-11T07:00:00"
"CVE-2026-62700","5120249","11931","Windows 10 Version 21H2 for x64-based Systems","10.0.19044.7663","7.8","Publicly Disclosed:No;Exploited:No;Latest Software Release:Exploitation Less Likely","2026-08-11T07:00:00"
"CVE-2026-62700","5120249","12097","Windows 10 Version 22H2 for x64-based Systems","10.0.19045.7663","7.8","Publicly Disclosed:No;Exploited:No;Latest Software Release:Exploitation Less Likely","2026-08-11T07:00:00"
"CVE-2026-62700","5120249","12098","Windows 10 Version 22H2 for ARM64-based Systems","10.0.19045.7663","7.8","Publicly Disclosed:No;Exploited:No;Latest Software Release:Exploitation Less Likely","2026-08-11T07:00:00"
"CVE-2026-62700","5120249","12099","Windows 10 Version 22H2 for 32-bit Systems","10.0.19045.7663","7.8","Publicly Disclosed:No;Exploited:No;Latest Software Release:Exploitation Less Likely","2026-08-11T07:00:00"
"CVE-2026-62700","5120233","12437","Windows Server 2025 (Server Core installation)","10.0.26100.33296","7.8","Publicly Disclosed:No;Exploited:No;Latest Software Release:Exploitation Less Likely","2026-08-11T07:00:00"
"CVE-2026-62700","5120233","12436","Windows Server 2025","10.0.26100.33296","7.8","Publicly Disclosed:No;Exploited:No;Latest Software Release:Exploitation Less Likely","2026-08-11T07:00:00"
"CVE-2026-62700","5120228","12437","Windows Server 2025 (Server Core installation)","10.0.26100.33222","7.8","Publicly Disclosed:No;Exploited:No;Latest Software Release:Exploitation Less Likely","2026-08-11T07:00:00"
"CVE-2026-62700","5120228","12436","Windows Server 2025","10.0.26100.33222","7.8","Publicly Disclosed:No;Exploited:No;Latest Software Release:Exploitation Less Likely","2026-08-11T07:00:00"
"CVE-2026-62700","5120240","12242","Windows 11 Version 23H2 for ARM64-based Systems","10.0.22631.7517","7.8","Publicly Disclosed:No;Exploited:No;Latest Software Release:Exploitation Less Likely","2026-08-11T07:00:00"
"CVE-2026-62700","5120240","12243","Windows 11 Version 23H2 for x64-based Systems","10.0.22631.7517","7.8","Publicly Disclosed:No;Exploited:No;Latest Software Release:Exploitation Less Likely","2026-08-11T07:00:00"
"CVE-2026-62700","5120418","10816","Windows Server 2016","10.0.14393.9418","7.8","Publicly Disclosed:No;Exploited:No;Latest Software Release:Exploitation Less Likely","2026-08-11T07:00:00"
"CVE-2026-62700","5120418","10855","Windows Server 2016 (Server Core installation)","10.0.14393.9418","7.8","Publicly Disclosed:No;Exploited:No;Latest Software Release:Exploitation Less Likely","2026-08-11T07:00:00"
"CVE-2026-62701","5120238","11571","Windows Server 2019","10.0.17763.9115","7.8","Publicly Disclosed:No;Exploited:No;Latest Software Release:Exploitation Less Likely","2026-08-11T07:00:00"
"CVE-2026-62701","5120238","11572","Windows Server 2019 (Server Core installation)","10.0.17763.9115","7.8","Publicly Disclosed:No;Exploited:No;Latest Software Release:Exploitation Less Likely","2026-08-11T07:00:00"
"CVE-2026-62701","5120242","11923","Windows Server 2022","10.0.20348.5499","7.8","Publicly Disclosed:No;Exploited:No;Latest Software Release:Exploitation Less Likely","2026-08-11T07:00:00"
"CVE-2026-62701","5120242","11924","Windows Server 2022 (Server Core installation)","10.0.20348.5499","7.8","Publicly Disclosed:No;Exploited:No;Latest Software Release:Exploitation Less Likely","2026-08-11T07:00:00"
"CVE-2026-62701","5120229","11923","Windows Server 2022","10.0.20348.5440","7.8","Publicly Disclosed:No;Exploited:No;Latest Software Release:Exploitation Less Likely","2026-08-11T07:00:00"
"CVE-2026-62701","5120229","11924","Windows Server 2022 (Server Core installation)","10.0.20348.5440","7.8","Publicly Disclosed:No;Exploited:No;Latest Software Release:Exploitation Less Likely","2026-08-11T07:00:00"
"CVE-2026-62701","5120249","11929","Windows 10 Version 21H2 for 32-bit Systems","10.0.19044.7663","7.8","Publicly Disclosed:No;Exploited:No;Latest Software Release:Exploitation Less Likely","2026-08-11T07:00:00"
"CVE-2026-62701","5120249","11930","Windows 10 Version 21H2 for ARM64-based Systems","10.0.19044.7663","7.8","Publicly Disclosed:No;Exploited:No;Latest Software Release:Exploitation Less Likely","2026-08-11T07:00:00"
"CVE-2026-62701","5120249","11931","Windows 10 Version 21H2 for x64-based Systems","10.0.19044.7663","7.8","Publicly Disclosed:No;Exploited:No;Latest Software Release:Exploitation Less Likely","2026-08-11T07:00:00"
"CVE-2026-62701","5120249","12097","Windows 10 Version 22H2 for x64-based Systems","10.0.19045.7663","7.8","Publicly Disclosed:No;Exploited:No;Latest Software Release:Exploitation Less Likely","2026-08-11T07:00:00"
"CVE-2026-62701","5120249","12098","Windows 10 Version 22H2 for ARM64-based Systems","10.0.19045.7663","7.8","Publicly Disclosed:No;Exploited:No;Latest Software Release:Exploitation Less Likely","2026-08-11T07:00:00"
"CVE-2026-62701","5120249","12099","Windows 10 Version 22H2 for 32-bit Systems","10.0.19045.7663","7.8","Publicly Disclosed:No;Exploited:No;Latest Software Release:Exploitation Less Likely","2026-08-11T07:00:00"
"CVE-2026-62701","5120233","12437","Windows Server 2025 (Server Core installation)","10.0.26100.33296","7.8","Publicly Disclosed:No;Exploited:No;Latest Software Release:Exploitation Less Likely","2026-08-11T07:00:00"
"CVE-2026-62701","5120233","12436","Windows Server 2025","10.0.26100.33296","7.8","Publicly Disclosed:No;Exploited:No;Latest Software Release:Exploitation Less Likely","2026-08-11T07:00:00"
"CVE-2026-62701","5120228","12437","Windows Server 2025 (Server Core installation)","10.0.26100.33222","7.8","Publicly Disclosed:No;Exploited:No;Latest Software Release:Exploitation Less Likely","2026-08-11T07:00:00"
"CVE-2026-62701","5120228","12436","Windows Server 2025","10.0.26100.33222","7.8","Publicly Disclosed:No;Exploited:No;Latest Software Release:Exploitation Less Likely","2026-08-11T07:00:00"
"CVE-2026-62701","5120240","12242","Windows 11 Version 23H2 for ARM64-based Systems","10.0.22631.7517","7.8","Publicly Disclosed:No;Exploited:No;Latest Software Release:Exploitation Less Likely","2026-08-11T07:00:00"
"CVE-2026-62701","5120240","12243","Windows 11 Version 23H2 for x64-based Systems","10.0.22631.7517","7.8","Publicly Disclosed:No;Exploited:No;Latest Software Release:Exploitation Less Likely","2026-08-11T07:00:00"
"CVE-2026-62701","5120418","10816","Windows Server 2016","10.0.14393.9418","7.8","Publicly Disclosed:No;Exploited:No;Latest Software Release:Exploitation Less Likely","2026-08-11T07:00:00"
"CVE-2026-62701","5120418","10855","Windows Server 2016 (Server Core installation)","10.0.14393.9418","7.8","Publicly Disclosed:No;Exploited:No;Latest Software Release:Exploitation Less Likely","2026-08-11T07:00:00"
"CVE-2026-62708","5120233","12437","Windows Server 2025 (Server Core installation)","10.0.26100.33296","6.4","Publicly Disclosed:No;Exploited:No;Latest Software Release:Exploitation Unlikely","2026-08-11T07:00:00"
"CVE-2026-62708","5120233","12436","Windows Server 2025","10.0.26100.33296","6.4","Publicly Disclosed:No;Exploited:No;Latest Software Release:Exploitation Unlikely","2026-08-11T07:00:00"
"CVE-2026-62708","5120228","12437","Windows Server 2025 (Server Core installation)","10.0.26100.33222","6.4","Publicly Disclosed:No;Exploited:No;Latest Software Release:Exploitation Unlikely","2026-08-11T07:00:00"
"CVE-2026-62708","5120228","12436","Windows Server 2025","10.0.26100.33222","6.4","Publicly Disclosed:No;Exploited:No;Latest Software Release:Exploitation Unlikely","2026-08-11T07:00:00"
"CVE-2026-62709","5120238","11571","Windows Server 2019","10.0.17763.9115","5.5","Publicly Disclosed:No;Exploited:No;Latest Software Release:Exploitation Less Likely","2026-08-11T07:00:00"
"CVE-2026-62709","5120238","11572","Windows Server 2019 (Server Core installation)","10.0.17763.9115","5.5","Publicly Disclosed:No;Exploited:No;Latest Software Release:Exploitation Less Likely","2026-08-11T07:00:00"
"CVE-2026-62709","5120242","11923","Windows Server 2022","10.0.20348.5499","5.5","Publicly Disclosed:No;Exploited:No;Latest Software Release:Exploitation Less Likely","2026-08-11T07:00:00"
"CVE-2026-62709","5120242","11924","Windows Server 2022 (Server Core installation)","10.0.20348.5499","5.5","Publicly Disclosed:No;Exploited:No;Latest Software Release:Exploitation Less Likely","2026-08-11T07:00:00"
"CVE-2026-62709","5120229","11923","Windows Server 2022","10.0.20348.5440","5.5","Publicly Disclosed:No;Exploited:No;Latest Software Release:Exploitation Less Likely","2026-08-11T07:00:00"
"CVE-2026-62709","5120229","11924","Windows Server 2022 (Server Core installation)","10.0.20348.5440","5.5","Publicly Disclosed:No;Exploited:No;Latest Software Release:Exploitation Less Likely","2026-08-11T07:00:00"
"CVE-2026-62709","5120249","11929","Windows 10 Version 21H2 for 32-bit Systems","10.0.19044.7663","5.5","Publicly Disclosed:No;Exploited:No;Latest Software Release:Exploitation Less Likely","2026-08-11T07:00:00"
"CVE-2026-62709","5120249","11930","Windows 10 Version 21H2 for ARM64-based Systems","10.0.19044.7663","5.5","Publicly Disclosed:No;Exploited:No;Latest Software Release:Exploitation Less Likely","2026-08-11T07:00:00"
"CVE-2026-62709","5120249","11931","Windows 10 Version 21H2 for x64-based Systems","10.0.19044.7663","5.5","Publicly Disclosed:No;Exploited:No;Latest Software Release:Exploitation Less Likely","2026-08-11T07:00:00"
"CVE-2026-62709","5120249","12097","Windows 10 Version 22H2 for x64-based Systems","10.0.19045.7663","5.5","Publicly Disclosed:No;Exploited:No;Latest Software Release:Exploitation Less Likely","2026-08-11T07:00:00"
"CVE-2026-62709","5120249","12098","Windows 10 Version 22H2 for ARM64-based Systems","10.0.19045.7663","5.5","Publicly Disclosed:No;Exploited:No;Latest Software Release:Exploitation Less Likely","2026-08-11T07:00:00"
"CVE-2026-62709","5120249","12099","Windows 10 Version 22H2 for 32-bit Systems","10.0.19045.7663","5.5","Publicly Disclosed:No;Exploited:No;Latest Software Release:Exploitation Less Likely","2026-08-11T07:00:00"
"CVE-2026-62709","5120233","12437","Windows Server 2025 (Server Core installation)","10.0.26100.33296","5.5","Publicly Disclosed:No;Exploited:No;Latest Software Release:Exploitation Less Likely","2026-08-11T07:00:00"
"CVE-2026-62709","5120233","12436","Windows Server 2025","10.0.26100.33296","5.5","Publicly Disclosed:No;Exploited:No;Latest Software Release:Exploitation Less Likely","2026-08-11T07:00:00"
"CVE-2026-62709","5120228","12437","Windows Server 2025 (Server Core installation)","10.0.26100.33222","5.5","Publicly Disclosed:No;Exploited:No;Latest Software Release:Exploitation Less Likely","2026-08-11T07:00:00"
"CVE-2026-62709","5120228","12436","Windows Server 2025","10.0.26100.33222","5.5","Publicly Disclosed:No;Exploited:No;Latest Software Release:Exploitation Less Likely","2026-08-11T07:00:00"
"CVE-2026-62709","5120240","12242","Windows 11 Version 23H2 for ARM64-based Systems","10.0.22631.7517","5.5","Publicly Disclosed:No;Exploited:No;Latest Software Release:Exploitation Less Likely","2026-08-11T07:00:00"
"CVE-2026-62709","5120240","12243","Windows 11 Version 23H2 for x64-based Systems","10.0.22631.7517","5.5","Publicly Disclosed:No;Exploited:No;Latest Software Release:Exploitation Less Likely","2026-08-11T07:00:00"
"CVE-2026-62709","5120418","10816","Windows Server 2016","10.0.14393.9418","5.5","Publicly Disclosed:No;Exploited:No;Latest Software Release:Exploitation Less Likely","2026-08-11T07:00:00"
"CVE-2026-62709","5120418","10855","Windows Server 2016 (Server Core installation)","10.0.14393.9418","5.5","Publicly Disclosed:No;Exploited:No;Latest Software Release:Exploitation Less Likely","2026-08-11T07:00:00"
"CVE-2026-62710","5120238","11571","Windows Server 2019","10.0.17763.9115","7.8","Publicly Disclosed:No;Exploited:No;Latest Software Release:Exploitation Less Likely","2026-08-11T07:00:00"
"CVE-2026-62710","5120238","11572","Windows Server 2019 (Server Core installation)","10.0.17763.9115","7.8","Publicly Disclosed:No;Exploited:No;Latest Software Release:Exploitation Less Likely","2026-08-11T07:00:00"
"CVE-2026-62710","5120242","11923","Windows Server 2022","10.0.20348.5499","7.8","Publicly Disclosed:No;Exploited:No;Latest Software Release:Exploitation Less Likely","2026-08-11T07:00:00"
"CVE-2026-62710","5120242","11924","Windows Server 2022 (Server Core installation)","10.0.20348.5499","7.8","Publicly Disclosed:No;Exploited:No;Latest Software Release:Exploitation Less Likely","2026-08-11T07:00:00"
"CVE-2026-62710","5120229","11923","Windows Server 2022","10.0.20348.5440","7.8","Publicly Disclosed:No;Exploited:No;Latest Software Release:Exploitation Less Likely","2026-08-11T07:00:00"
"CVE-2026-62710","5120229","11924","Windows Server 2022 (Server Core installation)","10.0.20348.5440","7.8","Publicly Disclosed:No;Exploited:No;Latest Software Release:Exploitation Less Likely","2026-08-11T07:00:00"
"CVE-2026-62710","5120249","11929","Windows 10 Version 21H2 for 32-bit Systems","10.0.19044.7663","7.8","Publicly Disclosed:No;Exploited:No;Latest Software Release:Exploitation Less Likely","2026-08-11T07:00:00"
"CVE-2026-62710","5120249","11930","Windows 10 Version 21H2 for ARM64-based Systems","10.0.19044.7663","7.8","Publicly Disclosed:No;Exploited:No;Latest Software Release:Exploitation Less Likely","2026-08-11T07:00:00"
"CVE-2026-62710","5120249","11931","Windows 10 Version 21H2 for x64-based Systems","10.0.19044.7663","7.8","Publicly Disclosed:No;Exploited:No;Latest Software Release:Exploitation Less Likely","2026-08-11T07:00:00"
"CVE-2026-62710","5120249","12097","Windows 10 Version 22H2 for x64-based Systems","10.0.19045.7663","7.8","Publicly Disclosed:No;Exploited:No;Latest Software Release:Exploitation Less Likely","2026-08-11T07:00:00"
"CVE-2026-62710","5120249","12098","Windows 10 Version 22H2 for ARM64-based Systems","10.0.19045.7663","7.8","Publicly Disclosed:No;Exploited:No;Latest Software Release:Exploitation Less Likely","2026-08-11T07:00:00"
"CVE-2026-62710","5120249","12099","Windows 10 Version 22H2 for 32-bit Systems","10.0.19045.7663","7.8","Publicly Disclosed:No;Exploited:No;Latest Software Release:Exploitation Less Likely","2026-08-11T07:00:00"
"CVE-2026-62710","5120233","12437","Windows Server 2025 (Server Core installation)","10.0.26100.33296","7.8","Publicly Disclosed:No;Exploited:No;Latest Software Release:Exploitation Less Likely","2026-08-11T07:00:00"
"CVE-2026-62710","5120233","12436","Windows Server 2025","10.0.26100.33296","7.8","Publicly Disclosed:No;Exploited:No;Latest Software Release:Exploitation Less Likely","2026-08-11T07:00:00"
"CVE-2026-62710","5120228","12437","Windows Server 2025 (Server Core installation)","10.0.26100.33222","7.8","Publicly Disclosed:No;Exploited:No;Latest Software Release:Exploitation Less Likely","2026-08-11T07:00:00"
"CVE-2026-62710","5120228","12436","Windows Server 2025","10.0.26100.33222","7.8","Publicly Disclosed:No;Exploited:No;Latest Software Release:Exploitation Less Likely","2026-08-11T07:00:00"
"CVE-2026-62710","5120240","12242","Windows 11 Version 23H2 for ARM64-based Systems","10.0.22631.7517","7.8","Publicly Disclosed:No;Exploited:No;Latest Software Release:Exploitation Less Likely","2026-08-11T07:00:00"
"CVE-2026-62710","5120240","12243","Windows 11 Version 23H2 for x64-based Systems","10.0.22631.7517","7.8","Publicly Disclosed:No;Exploited:No;Latest Software Release:Exploitation Less Likely","2026-08-11T07:00:00"
"CVE-2026-62710","5120418","10816","Windows Server 2016","10.0.14393.9418","7.8","Publicly Disclosed:No;Exploited:No;Latest Software Release:Exploitation Less Likely","2026-08-11T07:00:00"
"CVE-2026-62710","5120418","10855","Windows Server 2016 (Server Core installation)","10.0.14393.9418","7.8","Publicly Disclosed:No;Exploited:No;Latest Software Release:Exploitation Less Likely","2026-08-11T07:00:00"
"CVE-2026-62711","5120238","11571","Windows Server 2019","10.0.17763.9115","7.8","Publicly Disclosed:No;Exploited:No;Latest Software Release:Exploitation Less Likely","2026-08-11T07:00:00"
"CVE-2026-62711","5120238","11572","Windows Server 2019 (Server Core installation)","10.0.17763.9115","7.8","Publicly Disclosed:No;Exploited:No;Latest Software Release:Exploitation Less Likely","2026-08-11T07:00:00"
"CVE-2026-62711","5120242","11923","Windows Server 2022","10.0.20348.5499","7.8","Publicly Disclosed:No;Exploited:No;Latest Software Release:Exploitation Less Likely","2026-08-11T07:00:00"
"CVE-2026-62711","5120242","11924","Windows Server 2022 (Server Core installation)","10.0.20348.5499","7.8","Publicly Disclosed:No;Exploited:No;Latest Software Release:Exploitation Less Likely","2026-08-11T07:00:00"
"CVE-2026-62711","5120229","11923","Windows Server 2022","10.0.20348.5440","7.8","Publicly Disclosed:No;Exploited:No;Latest Software Release:Exploitation Less Likely","2026-08-11T07:00:00"
"CVE-2026-62711","5120229","11924","Windows Server 2022 (Server Core installation)","10.0.20348.5440","7.8","Publicly Disclosed:No;Exploited:No;Latest Software Release:Exploitation Less Likely","2026-08-11T07:00:00"
"CVE-2026-62711","5120249","11929","Windows 10 Version 21H2 for 32-bit Systems","10.0.19044.7663","7.8","Publicly Disclosed:No;Exploited:No;Latest Software Release:Exploitation Less Likely","2026-08-11T07:00:00"
"CVE-2026-62711","5120249","11930","Windows 10 Version 21H2 for ARM64-based Systems","10.0.19044.7663","7.8","Publicly Disclosed:No;Exploited:No;Latest Software Release:Exploitation Less Likely","2026-08-11T07:00:00"
"CVE-2026-62711","5120249","11931","Windows 10 Version 21H2 for x64-based Systems","10.0.19044.7663","7.8","Publicly Disclosed:No;Exploited:No;Latest Software Release:Exploitation Less Likely","2026-08-11T07:00:00"
"CVE-2026-62711","5120249","12097","Windows 10 Version 22H2 for x64-based Systems","10.0.19045.7663","7.8","Publicly Disclosed:No;Exploited:No;Latest Software Release:Exploitation Less Likely","2026-08-11T07:00:00"
"CVE-2026-62711","5120249","12098","Windows 10 Version 22H2 for ARM64-based Systems","10.0.19045.7663","7.8","Publicly Disclosed:No;Exploited:No;Latest Software Release:Exploitation Less Likely","2026-08-11T07:00:00"
"CVE-2026-62711","5120249","12099","Windows 10 Version 22H2 for 32-bit Systems","10.0.19045.7663","7.8","Publicly Disclosed:No;Exploited:No;Latest Software Release:Exploitation Less Likely","2026-08-11T07:00:00"
"CVE-2026-62711","5120233","12437","Windows Server 2025 (Server Core installation)","10.0.26100.33296","7.8","Publicly Disclosed:No;Exploited:No;Latest Software Release:Exploitation Less Likely","2026-08-11T07:00:00"
"CVE-2026-62711","5120233","12436","Windows Server 2025","10.0.26100.33296","7.8","Publicly Disclosed:No;Exploited:No;Latest Software Release:Exploitation Less Likely","2026-08-11T07:00:00"
"CVE-2026-62711","5120228","12437","Windows Server 2025 (Server Core installation)","10.0.26100.33222","7.8","Publicly Disclosed:No;Exploited:No;Latest Software Release:Exploitation Less Likely","2026-08-11T07:00:00"
"CVE-2026-62711","5120228","12436","Windows Server 2025","10.0.26100.33222","7.8","Publicly Disclosed:No;Exploited:No;Latest Software Release:Exploitation Less Likely","2026-08-11T07:00:00"
"CVE-2026-62711","5120240","12242","Windows 11 Version 23H2 for ARM64-based Systems","10.0.22631.7517","7.8","Publicly Disclosed:No;Exploited:No;Latest Software Release:Exploitation Less Likely","2026-08-11T07:00:00"
"CVE-2026-62711","5120240","12243","Windows 11 Version 23H2 for x64-based Systems","10.0.22631.7517","7.8","Publicly Disclosed:No;Exploited:No;Latest Software Release:Exploitation Less Likely","2026-08-11T07:00:00"
"CVE-2026-62711","5120418","10816","Windows Server 2016","10.0.14393.9418","7.8","Publicly Disclosed:No;Exploited:No;Latest Software Release:Exploitation Less Likely","2026-08-11T07:00:00"
"CVE-2026-62711","5120418","10855","Windows Server 2016 (Server Core installation)","10.0.14393.9418","7.8","Publicly Disclosed:No;Exploited:No;Latest Software Release:Exploitation Less Likely","2026-08-11T07:00:00"
"CVE-2026-62720","5120238","11571","Windows Server 2019","10.0.17763.9115","6.5","Publicly Disclosed:No;Exploited:No;Latest Software Release:Exploitation Unlikely","2026-08-11T07:00:00"
"CVE-2026-62720","5120238","11572","Windows Server 2019 (Server Core installation)","10.0.17763.9115","6.5","Publicly Disclosed:No;Exploited:No;Latest Software Release:Exploitation Unlikely","2026-08-11T07:00:00"
"CVE-2026-62720","5120242","11923","Windows Server 2022","10.0.20348.5499","6.5","Publicly Disclosed:No;Exploited:No;Latest Software Release:Exploitation Unlikely","2026-08-11T07:00:00"
"CVE-2026-62720","5120242","11924","Windows Server 2022 (Server Core installation)","10.0.20348.5499","6.5","Publicly Disclosed:No;Exploited:No;Latest Software Release:Exploitation Unlikely","2026-08-11T07:00:00"
"CVE-2026-62720","5120229","11923","Windows Server 2022","10.0.20348.5440","6.5","Publicly Disclosed:No;Exploited:No;Latest Software Release:Exploitation Unlikely","2026-08-11T07:00:00"
"CVE-2026-62720","5120229","11924","Windows Server 2022 (Server Core installation)","10.0.20348.5440","6.5","Publicly Disclosed:No;Exploited:No;Latest Software Release:Exploitation Unlikely","2026-08-11T07:00:00"
"CVE-2026-62720","5120233","12437","Windows Server 2025 (Server Core installation)","10.0.26100.33296","6.5","Publicly Disclosed:No;Exploited:No;Latest Software Release:Exploitation Unlikely","2026-08-11T07:00:00"
"CVE-2026-62720","5120233","12436","Windows Server 2025","10.0.26100.33296","6.5","Publicly Disclosed:No;Exploited:No;Latest Software Release:Exploitation Unlikely","2026-08-11T07:00:00"
"CVE-2026-62720","5120228","12437","Windows Server 2025 (Server Core installation)","10.0.26100.33222","6.5","Publicly Disclosed:No;Exploited:No;Latest Software Release:Exploitation Unlikely","2026-08-11T07:00:00"
"CVE-2026-62720","5120228","12436","Windows Server 2025","10.0.26100.33222","6.5","Publicly Disclosed:No;Exploited:No;Latest Software Release:Exploitation Unlikely","2026-08-11T07:00:00"
"CVE-2026-62720","5120418","10816","Windows Server 2016","10.0.14393.9418","6.5","Publicly Disclosed:No;Exploited:No;Latest Software Release:Exploitation Unlikely","2026-08-11T07:00:00"
"CVE-2026-62720","5120418","10855","Windows Server 2016 (Server Core installation)","10.0.14393.9418","6.5","Publicly Disclosed:No;Exploited:No;Latest Software Release:Exploitation Unlikely","2026-08-11T07:00:00"
"CVE-2026-62714","5120238","11571","Windows Server 2019","10.0.17763.9115","6.5","Publicly Disclosed:No;Exploited:No;Latest Software Release:Exploitation Unlikely","2026-08-11T07:00:00"
"CVE-2026-62714","5120238","11572","Windows Server 2019 (Server Core installation)","10.0.17763.9115","6.5","Publicly Disclosed:No;Exploited:No;Latest Software Release:Exploitation Unlikely","2026-08-11T07:00:00"
"CVE-2026-62714","5120242","11923","Windows Server 2022","10.0.20348.5499","6.5","Publicly Disclosed:No;Exploited:No;Latest Software Release:Exploitation Unlikely","2026-08-11T07:00:00"
"CVE-2026-62714","5120242","11924","Windows Server 2022 (Server Core installation)","10.0.20348.5499","6.5","Publicly Disclosed:No;Exploited:No;Latest Software Release:Exploitation Unlikely","2026-08-11T07:00:00"
"CVE-2026-62714","5120229","11923","Windows Server 2022","10.0.20348.5440","6.5","Publicly Disclosed:No;Exploited:No;Latest Software Release:Exploitation Unlikely","2026-08-11T07:00:00"
"CVE-2026-62714","5120229","11924","Windows Server 2022 (Server Core installation)","10.0.20348.5440","6.5","Publicly Disclosed:No;Exploited:No;Latest Software Release:Exploitation Unlikely","2026-08-11T07:00:00"
"CVE-2026-62714","5120233","12437","Windows Server 2025 (Server Core installation)","10.0.26100.33296","6.5","Publicly Disclosed:No;Exploited:No;Latest Software Release:Exploitation Unlikely","2026-08-11T07:00:00"
"CVE-2026-62714","5120233","12436","Windows Server 2025","10.0.26100.33296","6.5","Publicly Disclosed:No;Exploited:No;Latest Software Release:Exploitation Unlikely","2026-08-11T07:00:00"
"CVE-2026-62714","5120228","12437","Windows Server 2025 (Server Core installation)","10.0.26100.33222","6.5","Publicly Disclosed:No;Exploited:No;Latest Software Release:Exploitation Unlikely","2026-08-11T07:00:00"
"CVE-2026-62714","5120228","12436","Windows Server 2025","10.0.26100.33222","6.5","Publicly Disclosed:No;Exploited:No;Latest Software Release:Exploitation Unlikely","2026-08-11T07:00:00"
"CVE-2026-62714","5120418","10816","Windows Server 2016","10.0.14393.9418","6.5","Publicly Disclosed:No;Exploited:No;Latest Software Release:Exploitation Unlikely","2026-08-11T07:00:00"
"CVE-2026-62714","5120418","10855","Windows Server 2016 (Server Core installation)","10.0.14393.9418","6.5","Publicly Disclosed:No;Exploited:No;Latest Software Release:Exploitation Unlikely","2026-08-11T07:00:00"
"CVE-2026-62717","5120238","11571","Windows Server 2019","10.0.17763.9115","7.8","Publicly Disclosed:No;Exploited:No;Latest Software Release:Exploitation Less Likely","2026-08-11T07:00:00"
"CVE-2026-62717","5120238","11572","Windows Server 2019 (Server Core installation)","10.0.17763.9115","7.8","Publicly Disclosed:No;Exploited:No;Latest Software Release:Exploitation Less Likely","2026-08-11T07:00:00"
"CVE-2026-62717","5120242","11923","Windows Server 2022","10.0.20348.5499","7.8","Publicly Disclosed:No;Exploited:No;Latest Software Release:Exploitation Less Likely","2026-08-11T07:00:00"
"CVE-2026-62717","5120242","11924","Windows Server 2022 (Server Core installation)","10.0.20348.5499","7.8","Publicly Disclosed:No;Exploited:No;Latest Software Release:Exploitation Less Likely","2026-08-11T07:00:00"
"CVE-2026-62717","5120229","11923","Windows Server 2022","10.0.20348.5440","7.8","Publicly Disclosed:No;Exploited:No;Latest Software Release:Exploitation Less Likely","2026-08-11T07:00:00"
"CVE-2026-62717","5120229","11924","Windows Server 2022 (Server Core installation)","10.0.20348.5440","7.8","Publicly Disclosed:No;Exploited:No;Latest Software Release:Exploitation Less Likely","2026-08-11T07:00:00"
"CVE-2026-62717","5120249","11929","Windows 10 Version 21H2 for 32-bit Systems","10.0.19044.7663","7.8","Publicly Disclosed:No;Exploited:No;Latest Software Release:Exploitation Less Likely","2026-08-11T07:00:00"
"CVE-2026-62717","5120249","11930","Windows 10 Version 21H2 for ARM64-based Systems","10.0.19044.7663","7.8","Publicly Disclosed:No;Exploited:No;Latest Software Release:Exploitation Less Likely","2026-08-11T07:00:00"
"CVE-2026-62717","5120249","11931","Windows 10 Version 21H2 for x64-based Systems","10.0.19044.7663","7.8","Publicly Disclosed:No;Exploited:No;Latest Software Release:Exploitation Less Likely","2026-08-11T07:00:00"
"CVE-2026-62717","5120249","12097","Windows 10 Version 22H2 for x64-based Systems","10.0.19045.7663","7.8","Publicly Disclosed:No;Exploited:No;Latest Software Release:Exploitation Less Likely","2026-08-11T07:00:00"
"CVE-2026-62717","5120249","12098","Windows 10 Version 22H2 for ARM64-based Systems","10.0.19045.7663","7.8","Publicly Disclosed:No;Exploited:No;Latest Software Release:Exploitation Less Likely","2026-08-11T07:00:00"
"CVE-2026-62717","5120249","12099","Windows 10 Version 22H2 for 32-bit Systems","10.0.19045.7663","7.8","Publicly Disclosed:No;Exploited:No;Latest Software Release:Exploitation Less Likely","2026-08-11T07:00:00"
"CVE-2026-62717","5120233","12437","Windows Server 2025 (Server Core installation)","10.0.26100.33296","7.8","Publicly Disclosed:No;Exploited:No;Latest Software Release:Exploitation Less Likely","2026-08-11T07:00:00"
"CVE-2026-62717","5120233","12436","Windows Server 2025","10.0.26100.33296","7.8","Publicly Disclosed:No;Exploited:No;Latest Software Release:Exploitation Less Likely","2026-08-11T07:00:00"
"CVE-2026-62717","5120228","12437","Windows Server 2025 (Server Core installation)","10.0.26100.33222","7.8","Publicly Disclosed:No;Exploited:No;Latest Software Release:Exploitation Less Likely","2026-08-11T07:00:00"
"CVE-2026-62717","5120228","12436","Windows Server 2025","10.0.26100.33222","7.8","Publicly Disclosed:No;Exploited:No;Latest Software Release:Exploitation Less Likely","2026-08-11T07:00:00"
"CVE-2026-62717","5120240","12242","Windows 11 Version 23H2 for ARM64-based Systems","10.0.22631.7517","7.8","Publicly Disclosed:No;Exploited:No;Latest Software Release:Exploitation Less Likely","2026-08-11T07:00:00"
"CVE-2026-62717","5120240","12243","Windows 11 Version 23H2 for x64-based Systems","10.0.22631.7517","7.8","Publicly Disclosed:No;Exploited:No;Latest Software Release:Exploitation Less Likely","2026-08-11T07:00:00"
"CVE-2026-62717","5120418","10816","Windows Server 2016","10.0.14393.9418","7.8","Publicly Disclosed:No;Exploited:No;Latest Software Release:Exploitation Less Likely","2026-08-11T07:00:00"
"CVE-2026-62717","5120418","10855","Windows Server 2016 (Server Core installation)","10.0.14393.9418","7.8","Publicly Disclosed:No;Exploited:No;Latest Software Release:Exploitation Less Likely","2026-08-11T07:00:00"
"CVE-2026-62721","5120238","11571","Windows Server 2019","10.0.17763.9115","7.8","Publicly Disclosed:No;Exploited:No;Latest Software Release:Exploitation More Likely","2026-08-11T07:00:00"
"CVE-2026-62721","5120238","11572","Windows Server 2019 (Server Core installation)","10.0.17763.9115","7.8","Publicly Disclosed:No;Exploited:No;Latest Software Release:Exploitation More Likely","2026-08-11T07:00:00"
"CVE-2026-62721","5120242","11923","Windows Server 2022","10.0.20348.5499","7.8","Publicly Disclosed:No;Exploited:No;Latest Software Release:Exploitation More Likely","2026-08-11T07:00:00"
"CVE-2026-62721","5120242","11924","Windows Server 2022 (Server Core installation)","10.0.20348.5499","7.8","Publicly Disclosed:No;Exploited:No;Latest Software Release:Exploitation More Likely","2026-08-11T07:00:00"
"CVE-2026-62721","5120229","11923","Windows Server 2022","10.0.20348.5440","7.8","Publicly Disclosed:No;Exploited:No;Latest Software Release:Exploitation More Likely","2026-08-11T07:00:00"
"CVE-2026-62721","5120229","11924","Windows Server 2022 (Server Core installation)","10.0.20348.5440","7.8","Publicly Disclosed:No;Exploited:No;Latest Software Release:Exploitation More Likely","2026-08-11T07:00:00"
"CVE-2026-62721","5120249","11929","Windows 10 Version 21H2 for 32-bit Systems","10.0.19044.7663","7.8","Publicly Disclosed:No;Exploited:No;Latest Software Release:Exploitation More Likely","2026-08-11T07:00:00"
"CVE-2026-62721","5120249","11930","Windows 10 Version 21H2 for ARM64-based Systems","10.0.19044.7663","7.8","Publicly Disclosed:No;Exploited:No;Latest Software Release:Exploitation More Likely","2026-08-11T07:00:00"
"CVE-2026-62721","5120249","11931","Windows 10 Version 21H2 for x64-based Systems","10.0.19044.7663","7.8","Publicly Disclosed:No;Exploited:No;Latest Software Release:Exploitation More Likely","2026-08-11T07:00:00"
"CVE-2026-62721","5120249","12097","Windows 10 Version 22H2 for x64-based Systems","10.0.19045.7663","7.8","Publicly Disclosed:No;Exploited:No;Latest Software Release:Exploitation More Likely","2026-08-11T07:00:00"
"CVE-2026-62721","5120249","12098","Windows 10 Version 22H2 for ARM64-based Systems","10.0.19045.7663","7.8","Publicly Disclosed:No;Exploited:No;Latest Software Release:Exploitation More Likely","2026-08-11T07:00:00"
"CVE-2026-62721","5120249","12099","Windows 10 Version 22H2 for 32-bit Systems","10.0.19045.7663","7.8","Publicly Disclosed:No;Exploited:No;Latest Software Release:Exploitation More Likely","2026-08-11T07:00:00"
"CVE-2026-62721","5120233","12437","Windows Server 2025 (Server Core installation)","10.0.26100.33296","7.8","Publicly Disclosed:No;Exploited:No;Latest Software Release:Exploitation More Likely","2026-08-11T07:00:00"
"CVE-2026-62721","5120233","12436","Windows Server 2025","10.0.26100.33296","7.8","Publicly Disclosed:No;Exploited:No;Latest Software Release:Exploitation More Likely","2026-08-11T07:00:00"
"CVE-2026-62721","5120228","12437","Windows Server 2025 (Server Core installation)","10.0.26100.33222","7.8","Publicly Disclosed:No;Exploited:No;Latest Software Release:Exploitation More Likely","2026-08-11T07:00:00"
"CVE-2026-62721","5120228","12436","Windows Server 2025","10.0.26100.33222","7.8","Publicly Disclosed:No;Exploited:No;Latest Software Release:Exploitation More Likely","2026-08-11T07:00:00"
"CVE-2026-62721","5120240","12242","Windows 11 Version 23H2 for ARM64-based Systems","10.0.22631.7517","7.8","Publicly Disclosed:No;Exploited:No;Latest Software Release:Exploitation More Likely","2026-08-11T07:00:00"
"CVE-2026-62721","5120240","12243","Windows 11 Version 23H2 for x64-based Systems","10.0.22631.7517","7.8","Publicly Disclosed:No;Exploited:No;Latest Software Release:Exploitation More Likely","2026-08-11T07:00:00"
"CVE-2026-62721","5120418","10816","Windows Server 2016","10.0.14393.9418","7.8","Publicly Disclosed:No;Exploited:No;Latest Software Release:Exploitation More Likely","2026-08-11T07:00:00"
"CVE-2026-62721","5120418","10855","Windows Server 2016 (Server Core installation)","10.0.14393.9418","7.8","Publicly Disclosed:No;Exploited:No;Latest Software Release:Exploitation More Likely","2026-08-11T07:00:00"
"CVE-2026-62725","5120238","11571","Windows Server 2019","10.0.17763.9115","7.0","Publicly Disclosed:No;Exploited:No;Latest Software Release:Exploitation Unlikely","2026-08-11T07:00:00"
"CVE-2026-62725","5120238","11572","Windows Server 2019 (Server Core installation)","10.0.17763.9115","7.0","Publicly Disclosed:No;Exploited:No;Latest Software Release:Exploitation Unlikely","2026-08-11T07:00:00"
"CVE-2026-62725","5120242","11923","Windows Server 2022","10.0.20348.5499","7.0","Publicly Disclosed:No;Exploited:No;Latest Software Release:Exploitation Unlikely","2026-08-11T07:00:00"
"CVE-2026-62725","5120242","11924","Windows Server 2022 (Server Core installation)","10.0.20348.5499","7.0","Publicly Disclosed:No;Exploited:No;Latest Software Release:Exploitation Unlikely","2026-08-11T07:00:00"
"CVE-2026-62725","5120229","11923","Windows Server 2022","10.0.20348.5440","7.0","Publicly Disclosed:No;Exploited:No;Latest Software Release:Exploitation Unlikely","2026-08-11T07:00:00"
"CVE-2026-62725","5120229","11924","Windows Server 2022 (Server Core installation)","10.0.20348.5440","7.0","Publicly Disclosed:No;Exploited:No;Latest Software Release:Exploitation Unlikely","2026-08-11T07:00:00"
"CVE-2026-62725","5120249","11929","Windows 10 Version 21H2 for 32-bit Systems","10.0.19044.7663","7.0","Publicly Disclosed:No;Exploited:No;Latest Software Release:Exploitation Unlikely","2026-08-11T07:00:00"
"CVE-2026-62725","5120249","11930","Windows 10 Version 21H2 for ARM64-based Systems","10.0.19044.7663","7.0","Publicly Disclosed:No;Exploited:No;Latest Software Release:Exploitation Unlikely","2026-08-11T07:00:00"
"CVE-2026-62725","5120249","11931","Windows 10 Version 21H2 for x64-based Systems","10.0.19044.7663","7.0","Publicly Disclosed:No;Exploited:No;Latest Software Release:Exploitation Unlikely","2026-08-11T07:00:00"
"CVE-2026-62725","5120249","12097","Windows 10 Version 22H2 for x64-based Systems","10.0.19045.7663","7.0","Publicly Disclosed:No;Exploited:No;Latest Software Release:Exploitation Unlikely","2026-08-11T07:00:00"
"CVE-2026-62725","5120249","12098","Windows 10 Version 22H2 for ARM64-based Systems","10.0.19045.7663","7.0","Publicly Disclosed:No;Exploited:No;Latest Software Release:Exploitation Unlikely","2026-08-11T07:00:00"
"CVE-2026-62725","5120249","12099","Windows 10 Version 22H2 for 32-bit Systems","10.0.19045.7663","7.0","Publicly Disclosed:No;Exploited:No;Latest Software Release:Exploitation Unlikely","2026-08-11T07:00:00"
"CVE-2026-62725","5120233","12437","Windows Server 2025 (Server Core installation)","10.0.26100.33296","7.0","Publicly Disclosed:No;Exploited:No;Latest Software Release:Exploitation Unlikely","2026-08-11T07:00:00"
"CVE-2026-62725","5120233","12436","Windows Server 2025","10.0.26100.33296","7.0","Publicly Disclosed:No;Exploited:No;Latest Software Release:Exploitation Unlikely","2026-08-11T07:00:00"
"CVE-2026-62725","5120228","12437","Windows Server 2025 (Server Core installation)","10.0.26100.33222","7.0","Publicly Disclosed:No;Exploited:No;Latest Software Release:Exploitation Unlikely","2026-08-11T07:00:00"
"CVE-2026-62725","5120228","12436","Windows Server 2025","10.0.26100.33222","7.0","Publicly Disclosed:No;Exploited:No;Latest Software Release:Exploitation Unlikely","2026-08-11T07:00:00"
"CVE-2026-62725","5120240","12242","Windows 11 Version 23H2 for ARM64-based Systems","10.0.22631.7517","7.0","Publicly Disclosed:No;Exploited:No;Latest Software Release:Exploitation Unlikely","2026-08-11T07:00:00"
"CVE-2026-62725","5120240","12243","Windows 11 Version 23H2 for x64-based Systems","10.0.22631.7517","7.0","Publicly Disclosed:No;Exploited:No;Latest Software Release:Exploitation Unlikely","2026-08-11T07:00:00"
"CVE-2026-62725","5120418","10816","Windows Server 2016","10.0.14393.9418","7.0","Publicly Disclosed:No;Exploited:No;Latest Software Release:Exploitation Unlikely","2026-08-11T07:00:00"
"CVE-2026-62725","5120418","10855","Windows Server 2016 (Server Core installation)","10.0.14393.9418","7.0","Publicly Disclosed:No;Exploited:No;Latest Software Release:Exploitation Unlikely","2026-08-11T07:00:00"
"CVE-2026-62726","5120238","11571","Windows Server 2019","10.0.17763.9115","7.0","Publicly Disclosed:No;Exploited:No;Latest Software Release:Exploitation Less Likely","2026-08-11T07:00:00"
"CVE-2026-62726","5120238","11572","Windows Server 2019 (Server Core installation)","10.0.17763.9115","7.0","Publicly Disclosed:No;Exploited:No;Latest Software Release:Exploitation Less Likely","2026-08-11T07:00:00"
"CVE-2026-62726","5120242","11923","Windows Server 2022","10.0.20348.5499","7.0","Publicly Disclosed:No;Exploited:No;Latest Software Release:Exploitation Less Likely","2026-08-11T07:00:00"
"CVE-2026-62726","5120242","11924","Windows Server 2022 (Server Core installation)","10.0.20348.5499","7.0","Publicly Disclosed:No;Exploited:No;Latest Software Release:Exploitation Less Likely","2026-08-11T07:00:00"
"CVE-2026-62726","5120229","11923","Windows Server 2022","10.0.20348.5440","7.0","Publicly Disclosed:No;Exploited:No;Latest Software Release:Exploitation Less Likely","2026-08-11T07:00:00"
"CVE-2026-62726","5120229","11924","Windows Server 2022 (Server Core installation)","10.0.20348.5440","7.0","Publicly Disclosed:No;Exploited:No;Latest Software Release:Exploitation Less Likely","2026-08-11T07:00:00"
"CVE-2026-62726","5120249","11929","Windows 10 Version 21H2 for 32-bit Systems","10.0.19044.7663","7.0","Publicly Disclosed:No;Exploited:No;Latest Software Release:Exploitation Less Likely","2026-08-11T07:00:00"
"CVE-2026-62726","5120249","11930","Windows 10 Version 21H2 for ARM64-based Systems","10.0.19044.7663","7.0","Publicly Disclosed:No;Exploited:No;Latest Software Release:Exploitation Less Likely","2026-08-11T07:00:00"
"CVE-2026-62726","5120249","11931","Windows 10 Version 21H2 for x64-based Systems","10.0.19044.7663","7.0","Publicly Disclosed:No;Exploited:No;Latest Software Release:Exploitation Less Likely","2026-08-11T07:00:00"
"CVE-2026-62726","5120249","12097","Windows 10 Version 22H2 for x64-based Systems","10.0.19045.7663","7.0","Publicly Disclosed:No;Exploited:No;Latest Software Release:Exploitation Less Likely","2026-08-11T07:00:00"
"CVE-2026-62726","5120249","12098","Windows 10 Version 22H2 for ARM64-based Systems","10.0.19045.7663","7.0","Publicly Disclosed:No;Exploited:No;Latest Software Release:Exploitation Less Likely","2026-08-11T07:00:00"
"CVE-2026-62726","5120249","12099","Windows 10 Version 22H2 for 32-bit Systems","10.0.19045.7663","7.0","Publicly Disclosed:No;Exploited:No;Latest Software Release:Exploitation Less Likely","2026-08-11T07:00:00"
"CVE-2026-62726","5120233","12437","Windows Server 2025 (Server Core installation)","10.0.26100.33296","7.0","Publicly Disclosed:No;Exploited:No;Latest Software Release:Exploitation Less Likely","2026-08-11T07:00:00"
"CVE-2026-62726","5120233","12436","Windows Server 2025","10.0.26100.33296","7.0","Publicly Disclosed:No;Exploited:No;Latest Software Release:Exploitation Less Likely","2026-08-11T07:00:00"
"CVE-2026-62726","5120228","12437","Windows Server 2025 (Server Core installation)","10.0.26100.33222","7.0","Publicly Disclosed:No;Exploited:No;Latest Software Release:Exploitation Less Likely","2026-08-11T07:00:00"
"CVE-2026-62726","5120228","12436","Windows Server 2025","10.0.26100.33222","7.0","Publicly Disclosed:No;Exploited:No;Latest Software Release:Exploitation Less Likely","2026-08-11T07:00:00"
"CVE-2026-62726","5120240","12242","Windows 11 Version 23H2 for ARM64-based Systems","10.0.22631.7517","7.0","Publicly Disclosed:No;Exploited:No;Latest Software Release:Exploitation Less Likely","2026-08-11T07:00:00"
"CVE-2026-62726","5120240","12243","Windows 11 Version 23H2 for x64-based Systems","10.0.22631.7517","7.0","Publicly Disclosed:No;Exploited:No;Latest Software Release:Exploitation Less Likely","2026-08-11T07:00:00"
"CVE-2026-62726","5120418","10816","Windows Server 2016","10.0.14393.9418","7.0","Publicly Disclosed:No;Exploited:No;Latest Software Release:Exploitation Less Likely","2026-08-11T07:00:00"
"CVE-2026-62726","5120418","10855","Windows Server 2016 (Server Core installation)","10.0.14393.9418","7.0","Publicly Disclosed:No;Exploited:No;Latest Software Release:Exploitation Less Likely","2026-08-11T07:00:00"
"CVE-2026-62728","5120238","11571","Windows Server 2019","10.0.17763.9115","7.0","Publicly Disclosed:No;Exploited:No;Latest Software Release:Exploitation Unlikely","2026-08-11T07:00:00"
"CVE-2026-62728","5120238","11572","Windows Server 2019 (Server Core installation)","10.0.17763.9115","7.0","Publicly Disclosed:No;Exploited:No;Latest Software Release:Exploitation Unlikely","2026-08-11T07:00:00"
"CVE-2026-62728","5120242","11923","Windows Server 2022","10.0.20348.5499","7.0","Publicly Disclosed:No;Exploited:No;Latest Software Release:Exploitation Unlikely","2026-08-11T07:00:00"
"CVE-2026-62728","5120242","11924","Windows Server 2022 (Server Core installation)","10.0.20348.5499","7.0","Publicly Disclosed:No;Exploited:No;Latest Software Release:Exploitation Unlikely","2026-08-11T07:00:00"
"CVE-2026-62728","5120229","11923","Windows Server 2022","10.0.20348.5440","7.0","Publicly Disclosed:No;Exploited:No;Latest Software Release:Exploitation Unlikely","2026-08-11T07:00:00"
"CVE-2026-62728","5120229","11924","Windows Server 2022 (Server Core installation)","10.0.20348.5440","7.0","Publicly Disclosed:No;Exploited:No;Latest Software Release:Exploitation Unlikely","2026-08-11T07:00:00"
"CVE-2026-62728","5120249","11929","Windows 10 Version 21H2 for 32-bit Systems","10.0.19044.7663","7.0","Publicly Disclosed:No;Exploited:No;Latest Software Release:Exploitation Unlikely","2026-08-11T07:00:00"
"CVE-2026-62728","5120249","11930","Windows 10 Version 21H2 for ARM64-based Systems","10.0.19044.7663","7.0","Publicly Disclosed:No;Exploited:No;Latest Software Release:Exploitation Unlikely","2026-08-11T07:00:00"
"CVE-2026-62728","5120249","11931","Windows 10 Version 21H2 for x64-based Systems","10.0.19044.7663","7.0","Publicly Disclosed:No;Exploited:No;Latest Software Release:Exploitation Unlikely","2026-08-11T07:00:00"
"CVE-2026-62728","5120249","12097","Windows 10 Version 22H2 for x64-based Systems","10.0.19045.7663","7.0","Publicly Disclosed:No;Exploited:No;Latest Software Release:Exploitation Unlikely","2026-08-11T07:00:00"
"CVE-2026-62728","5120249","12098","Windows 10 Version 22H2 for ARM64-based Systems","10.0.19045.7663","7.0","Publicly Disclosed:No;Exploited:No;Latest Software Release:Exploitation Unlikely","2026-08-11T07:00:00"
"CVE-2026-62728","5120249","12099","Windows 10 Version 22H2 for 32-bit Systems","10.0.19045.7663","7.0","Publicly Disclosed:No;Exploited:No;Latest Software Release:Exploitation Unlikely","2026-08-11T07:00:00"
"CVE-2026-62728","5120233","12437","Windows Server 2025 (Server Core installation)","10.0.26100.33296","7.0","Publicly Disclosed:No;Exploited:No;Latest Software Release:Exploitation Unlikely","2026-08-11T07:00:00"
"CVE-2026-62728","5120233","12436","Windows Server 2025","10.0.26100.33296","7.0","Publicly Disclosed:No;Exploited:No;Latest Software Release:Exploitation Unlikely","2026-08-11T07:00:00"
"CVE-2026-62728","5120228","12437","Windows Server 2025 (Server Core installation)","10.0.26100.33222","7.0","Publicly Disclosed:No;Exploited:No;Latest Software Release:Exploitation Unlikely","2026-08-11T07:00:00"
"CVE-2026-62728","5120228","12436","Windows Server 2025","10.0.26100.33222","7.0","Publicly Disclosed:No;Exploited:No;Latest Software Release:Exploitation Unlikely","2026-08-11T07:00:00"
"CVE-2026-62728","5120240","12242","Windows 11 Version 23H2 for ARM64-based Systems","10.0.22631.7517","7.0","Publicly Disclosed:No;Exploited:No;Latest Software Release:Exploitation Unlikely","2026-08-11T07:00:00"
"CVE-2026-62728","5120240","12243","Windows 11 Version 23H2 for x64-based Systems","10.0.22631.7517","7.0","Publicly Disclosed:No;Exploited:No;Latest Software Release:Exploitation Unlikely","2026-08-11T07:00:00"
"CVE-2026-62728","5120418","10816","Windows Server 2016","10.0.14393.9418","7.0","Publicly Disclosed:No;Exploited:No;Latest Software Release:Exploitation Unlikely","2026-08-11T07:00:00"
"CVE-2026-62728","5120418","10855","Windows Server 2016 (Server Core installation)","10.0.14393.9418","7.0","Publicly Disclosed:No;Exploited:No;Latest Software Release:Exploitation Unlikely","2026-08-11T07:00:00"
"CVE-2026-62733","5120238","11571","Windows Server 2019","10.0.17763.9115","7.8","Publicly Disclosed:No;Exploited:No;Latest Software Release:Exploitation Less Likely","2026-08-11T07:00:00"
"CVE-2026-62733","5120238","11572","Windows Server 2019 (Server Core installation)","10.0.17763.9115","7.8","Publicly Disclosed:No;Exploited:No;Latest Software Release:Exploitation Less Likely","2026-08-11T07:00:00"
"CVE-2026-62733","5120242","11923","Windows Server 2022","10.0.20348.5499","7.8","Publicly Disclosed:No;Exploited:No;Latest Software Release:Exploitation Less Likely","2026-08-11T07:00:00"
"CVE-2026-62733","5120242","11924","Windows Server 2022 (Server Core installation)","10.0.20348.5499","7.8","Publicly Disclosed:No;Exploited:No;Latest Software Release:Exploitation Less Likely","2026-08-11T07:00:00"
"CVE-2026-62733","5120229","11923","Windows Server 2022","10.0.20348.5440","7.8","Publicly Disclosed:No;Exploited:No;Latest Software Release:Exploitation Less Likely","2026-08-11T07:00:00"
"CVE-2026-62733","5120229","11924","Windows Server 2022 (Server Core installation)","10.0.20348.5440","7.8","Publicly Disclosed:No;Exploited:No;Latest Software Release:Exploitation Less Likely","2026-08-11T07:00:00"
"CVE-2026-62733","5120249","11929","Windows 10 Version 21H2 for 32-bit Systems","10.0.19044.7663","7.8","Publicly Disclosed:No;Exploited:No;Latest Software Release:Exploitation Less Likely","2026-08-11T07:00:00"
"CVE-2026-62733","5120249","11930","Windows 10 Version 21H2 for ARM64-based Systems","10.0.19044.7663","7.8","Publicly Disclosed:No;Exploited:No;Latest Software Release:Exploitation Less Likely","2026-08-11T07:00:00"
"CVE-2026-62733","5120249","11931","Windows 10 Version 21H2 for x64-based Systems","10.0.19044.7663","7.8","Publicly Disclosed:No;Exploited:No;Latest Software Release:Exploitation Less Likely","2026-08-11T07:00:00"
"CVE-2026-62733","5120249","12097","Windows 10 Version 22H2 for x64-based Systems","10.0.19045.7663","7.8","Publicly Disclosed:No;Exploited:No;Latest Software Release:Exploitation Less Likely","2026-08-11T07:00:00"
"CVE-2026-62733","5120249","12098","Windows 10 Version 22H2 for ARM64-based Systems","10.0.19045.7663","7.8","Publicly Disclosed:No;Exploited:No;Latest Software Release:Exploitation Less Likely","2026-08-11T07:00:00"
"CVE-2026-62733","5120249","12099","Windows 10 Version 22H2 for 32-bit Systems","10.0.19045.7663","7.8","Publicly Disclosed:No;Exploited:No;Latest Software Release:Exploitation Less Likely","2026-08-11T07:00:00"
"CVE-2026-62733","5120233","12437","Windows Server 2025 (Server Core installation)","10.0.26100.33296","7.8","Publicly Disclosed:No;Exploited:No;Latest Software Release:Exploitation Less Likely","2026-08-11T07:00:00"
"CVE-2026-62733","5120233","12436","Windows Server 2025","10.0.26100.33296","7.8","Publicly Disclosed:No;Exploited:No;Latest Software Release:Exploitation Less Likely","2026-08-11T07:00:00"
"CVE-2026-62733","5120228","12437","Windows Server 2025 (Server Core installation)","10.0.26100.33222","7.8","Publicly Disclosed:No;Exploited:No;Latest Software Release:Exploitation Less Likely","2026-08-11T07:00:00"
"CVE-2026-62733","5120228","12436","Windows Server 2025","10.0.26100.33222","7.8","Publicly Disclosed:No;Exploited:No;Latest Software Release:Exploitation Less Likely","2026-08-11T07:00:00"
"CVE-2026-62733","5120240","12242","Windows 11 Version 23H2 for ARM64-based Systems","10.0.22631.7517","7.8","Publicly Disclosed:No;Exploited:No;Latest Software Release:Exploitation Less Likely","2026-08-11T07:00:00"
"CVE-2026-62733","5120240","12243","Windows 11 Version 23H2 for x64-based Systems","10.0.22631.7517","7.8","Publicly Disclosed:No;Exploited:No;Latest Software Release:Exploitation Less Likely","2026-08-11T07:00:00"
"CVE-2026-62733","5120418","10816","Windows Server 2016","10.0.14393.9418","7.8","Publicly Disclosed:No;Exploited:No;Latest Software Release:Exploitation Less Likely","2026-08-11T07:00:00"
"CVE-2026-62733","5120418","10855","Windows Server 2016 (Server Core installation)","10.0.14393.9418","7.8","Publicly Disclosed:No;Exploited:No;Latest Software Release:Exploitation Less Likely","2026-08-11T07:00:00"
"CVE-2026-62743","5120238","11571","Windows Server 2019","10.0.17763.9115","5.5","Publicly Disclosed:No;Exploited:No;Latest Software Release:Exploitation Less Likely","2026-08-11T07:00:00"
"CVE-2026-62743","5120238","11572","Windows Server 2019 (Server Core installation)","10.0.17763.9115","5.5","Publicly Disclosed:No;Exploited:No;Latest Software Release:Exploitation Less Likely","2026-08-11T07:00:00"
"CVE-2026-62743","5120242","11923","Windows Server 2022","10.0.20348.5499","5.5","Publicly Disclosed:No;Exploited:No;Latest Software Release:Exploitation Less Likely","2026-08-11T07:00:00"
"CVE-2026-62743","5120242","11924","Windows Server 2022 (Server Core installation)","10.0.20348.5499","5.5","Publicly Disclosed:No;Exploited:No;Latest Software Release:Exploitation Less Likely","2026-08-11T07:00:00"
"CVE-2026-62743","5120229","11923","Windows Server 2022","10.0.20348.5440","5.5","Publicly Disclosed:No;Exploited:No;Latest Software Release:Exploitation Less Likely","2026-08-11T07:00:00"
"CVE-2026-62743","5120229","11924","Windows Server 2022 (Server Core installation)","10.0.20348.5440","5.5","Publicly Disclosed:No;Exploited:No;Latest Software Release:Exploitation Less Likely","2026-08-11T07:00:00"
"CVE-2026-62743","5120249","11929","Windows 10 Version 21H2 for 32-bit Systems","10.0.19044.7663","5.5","Publicly Disclosed:No;Exploited:No;Latest Software Release:Exploitation Less Likely","2026-08-11T07:00:00"
"CVE-2026-62743","5120249","11930","Windows 10 Version 21H2 for ARM64-based Systems","10.0.19044.7663","5.5","Publicly Disclosed:No;Exploited:No;Latest Software Release:Exploitation Less Likely","2026-08-11T07:00:00"
"CVE-2026-62743","5120249","11931","Windows 10 Version 21H2 for x64-based Systems","10.0.19044.7663","5.5","Publicly Disclosed:No;Exploited:No;Latest Software Release:Exploitation Less Likely","2026-08-11T07:00:00"
"CVE-2026-62743","5120249","12097","Windows 10 Version 22H2 for x64-based Systems","10.0.19045.7663","5.5","Publicly Disclosed:No;Exploited:No;Latest Software Release:Exploitation Less Likely","2026-08-11T07:00:00"
"CVE-2026-62743","5120249","12098","Windows 10 Version 22H2 for ARM64-based Systems","10.0.19045.7663","5.5","Publicly Disclosed:No;Exploited:No;Latest Software Release:Exploitation Less Likely","2026-08-11T07:00:00"
"CVE-2026-62743","5120249","12099","Windows 10 Version 22H2 for 32-bit Systems","10.0.19045.7663","5.5","Publicly Disclosed:No;Exploited:No;Latest Software Release:Exploitation Less Likely","2026-08-11T07:00:00"
"CVE-2026-62743","5120233","12437","Windows Server 2025 (Server Core installation)","10.0.26100.33296","5.5","Publicly Disclosed:No;Exploited:No;Latest Software Release:Exploitation Less Likely","2026-08-11T07:00:00"
"CVE-2026-62743","5120233","12436","Windows Server 2025","10.0.26100.33296","5.5","Publicly Disclosed:No;Exploited:No;Latest Software Release:Exploitation Less Likely","2026-08-11T07:00:00"
"CVE-2026-62743","5120228","12437","Windows Server 2025 (Server Core installation)","10.0.26100.33222","5.5","Publicly Disclosed:No;Exploited:No;Latest Software Release:Exploitation Less Likely","2026-08-11T07:00:00"
"CVE-2026-62743","5120228","12436","Windows Server 2025","10.0.26100.33222","5.5","Publicly Disclosed:No;Exploited:No;Latest Software Release:Exploitation Less Likely","2026-08-11T07:00:00"
"CVE-2026-62743","5120240","12242","Windows 11 Version 23H2 for ARM64-based Systems","10.0.22631.7517","5.5","Publicly Disclosed:No;Exploited:No;Latest Software Release:Exploitation Less Likely","2026-08-11T07:00:00"
"CVE-2026-62743","5120240","12243","Windows 11 Version 23H2 for x64-based Systems","10.0.22631.7517","5.5","Publicly Disclosed:No;Exploited:No;Latest Software Release:Exploitation Less Likely","2026-08-11T07:00:00"
"CVE-2026-62743","5120418","10816","Windows Server 2016","10.0.14393.9418","5.5","Publicly Disclosed:No;Exploited:No;Latest Software Release:Exploitation Less Likely","2026-08-11T07:00:00"
"CVE-2026-62743","5120418","10855","Windows Server 2016 (Server Core installation)","10.0.14393.9418","5.5","Publicly Disclosed:No;Exploited:No;Latest Software Release:Exploitation Less Likely","2026-08-11T07:00:00"
"CVE-2026-62730","5120238","11571","Windows Server 2019","10.0.17763.9115","5.5","Publicly Disclosed:No;Exploited:No;Latest Software Release:Exploitation Less Likely","2026-08-11T07:00:00"
"CVE-2026-62730","5120238","11572","Windows Server 2019 (Server Core installation)","10.0.17763.9115","5.5","Publicly Disclosed:No;Exploited:No;Latest Software Release:Exploitation Less Likely","2026-08-11T07:00:00"
"CVE-2026-62730","5120242","11923","Windows Server 2022","10.0.20348.5499","5.5","Publicly Disclosed:No;Exploited:No;Latest Software Release:Exploitation Less Likely","2026-08-11T07:00:00"
"CVE-2026-62730","5120242","11924","Windows Server 2022 (Server Core installation)","10.0.20348.5499","5.5","Publicly Disclosed:No;Exploited:No;Latest Software Release:Exploitation Less Likely","2026-08-11T07:00:00"
"CVE-2026-62730","5120229","11923","Windows Server 2022","10.0.20348.5440","5.5","Publicly Disclosed:No;Exploited:No;Latest Software Release:Exploitation Less Likely","2026-08-11T07:00:00"
"CVE-2026-62730","5120229","11924","Windows Server 2022 (Server Core installation)","10.0.20348.5440","5.5","Publicly Disclosed:No;Exploited:No;Latest Software Release:Exploitation Less Likely","2026-08-11T07:00:00"
"CVE-2026-62730","5120249","11929","Windows 10 Version 21H2 for 32-bit Systems","10.0.19044.7663","5.5","Publicly Disclosed:No;Exploited:No;Latest Software Release:Exploitation Less Likely","2026-08-11T07:00:00"
"CVE-2026-62730","5120249","11930","Windows 10 Version 21H2 for ARM64-based Systems","10.0.19044.7663","5.5","Publicly Disclosed:No;Exploited:No;Latest Software Release:Exploitation Less Likely","2026-08-11T07:00:00"
"CVE-2026-62730","5120249","11931","Windows 10 Version 21H2 for x64-based Systems","10.0.19044.7663","5.5","Publicly Disclosed:No;Exploited:No;Latest Software Release:Exploitation Less Likely","2026-08-11T07:00:00"
"CVE-2026-62730","5120249","12097","Windows 10 Version 22H2 for x64-based Systems","10.0.19045.7663","5.5","Publicly Disclosed:No;Exploited:No;Latest Software Release:Exploitation Less Likely","2026-08-11T07:00:00"
"CVE-2026-62730","5120249","12098","Windows 10 Version 22H2 for ARM64-based Systems","10.0.19045.7663","5.5","Publicly Disclosed:No;Exploited:No;Latest Software Release:Exploitation Less Likely","2026-08-11T07:00:00"
"CVE-2026-62730","5120249","12099","Windows 10 Version 22H2 for 32-bit Systems","10.0.19045.7663","5.5","Publicly Disclosed:No;Exploited:No;Latest Software Release:Exploitation Less Likely","2026-08-11T07:00:00"
"CVE-2026-62730","5120233","12437","Windows Server 2025 (Server Core installation)","10.0.26100.33296","5.5","Publicly Disclosed:No;Exploited:No;Latest Software Release:Exploitation Less Likely","2026-08-11T07:00:00"
"CVE-2026-62730","5120233","12436","Windows Server 2025","10.0.26100.33296","5.5","Publicly Disclosed:No;Exploited:No;Latest Software Release:Exploitation Less Likely","2026-08-11T07:00:00"
"CVE-2026-62730","5120228","12437","Windows Server 2025 (Server Core installation)","10.0.26100.33222","5.5","Publicly Disclosed:No;Exploited:No;Latest Software Release:Exploitation Less Likely","2026-08-11T07:00:00"
"CVE-2026-62730","5120228","12436","Windows Server 2025","10.0.26100.33222","5.5","Publicly Disclosed:No;Exploited:No;Latest Software Release:Exploitation Less Likely","2026-08-11T07:00:00"
"CVE-2026-62730","5120240","12242","Windows 11 Version 23H2 for ARM64-based Systems","10.0.22631.7517","5.5","Publicly Disclosed:No;Exploited:No;Latest Software Release:Exploitation Less Likely","2026-08-11T07:00:00"
"CVE-2026-62730","5120240","12243","Windows 11 Version 23H2 for x64-based Systems","10.0.22631.7517","5.5","Publicly Disclosed:No;Exploited:No;Latest Software Release:Exploitation Less Likely","2026-08-11T07:00:00"
"CVE-2026-62730","5120418","10816","Windows Server 2016","10.0.14393.9418","5.5","Publicly Disclosed:No;Exploited:No;Latest Software Release:Exploitation Less Likely","2026-08-11T07:00:00"
"CVE-2026-62730","5120418","10855","Windows Server 2016 (Server Core installation)","10.0.14393.9418","5.5","Publicly Disclosed:No;Exploited:No;Latest Software Release:Exploitation Less Likely","2026-08-11T07:00:00"
"CVE-2026-62732","5120238","11571","Windows Server 2019","10.0.17763.9115","7.8","Publicly Disclosed:No;Exploited:No;Latest Software Release:Exploitation Unlikely","2026-08-11T07:00:00"
"CVE-2026-62732","5120238","11572","Windows Server 2019 (Server Core installation)","10.0.17763.9115","7.8","Publicly Disclosed:No;Exploited:No;Latest Software Release:Exploitation Unlikely","2026-08-11T07:00:00"
"CVE-2026-62732","5120242","11923","Windows Server 2022","10.0.20348.5499","7.8","Publicly Disclosed:No;Exploited:No;Latest Software Release:Exploitation Unlikely","2026-08-11T07:00:00"
"CVE-2026-62732","5120242","11924","Windows Server 2022 (Server Core installation)","10.0.20348.5499","7.8","Publicly Disclosed:No;Exploited:No;Latest Software Release:Exploitation Unlikely","2026-08-11T07:00:00"
"CVE-2026-62732","5120229","11923","Windows Server 2022","10.0.20348.5440","7.8","Publicly Disclosed:No;Exploited:No;Latest Software Release:Exploitation Unlikely","2026-08-11T07:00:00"
"CVE-2026-62732","5120229","11924","Windows Server 2022 (Server Core installation)","10.0.20348.5440","7.8","Publicly Disclosed:No;Exploited:No;Latest Software Release:Exploitation Unlikely","2026-08-11T07:00:00"
"CVE-2026-62732","5120249","11929","Windows 10 Version 21H2 for 32-bit Systems","10.0.19044.7663","7.8","Publicly Disclosed:No;Exploited:No;Latest Software Release:Exploitation Unlikely","2026-08-11T07:00:00"
"CVE-2026-62732","5120249","11930","Windows 10 Version 21H2 for ARM64-based Systems","10.0.19044.7663","7.8","Publicly Disclosed:No;Exploited:No;Latest Software Release:Exploitation Unlikely","2026-08-11T07:00:00"
"CVE-2026-62732","5120249","11931","Windows 10 Version 21H2 for x64-based Systems","10.0.19044.7663","7.8","Publicly Disclosed:No;Exploited:No;Latest Software Release:Exploitation Unlikely","2026-08-11T07:00:00"
"CVE-2026-62732","5120249","12097","Windows 10 Version 22H2 for x64-based Systems","10.0.19045.7663","7.8","Publicly Disclosed:No;Exploited:No;Latest Software Release:Exploitation Unlikely","2026-08-11T07:00:00"
"CVE-2026-62732","5120249","12098","Windows 10 Version 22H2 for ARM64-based Systems","10.0.19045.7663","7.8","Publicly Disclosed:No;Exploited:No;Latest Software Release:Exploitation Unlikely","2026-08-11T07:00:00"
"CVE-2026-62732","5120249","12099","Windows 10 Version 22H2 for 32-bit Systems","10.0.19045.7663","7.8","Publicly Disclosed:No;Exploited:No;Latest Software Release:Exploitation Unlikely","2026-08-11T07:00:00"
"CVE-2026-62732","5120233","12437","Windows Server 2025 (Server Core installation)","10.0.26100.33296","7.8","Publicly Disclosed:No;Exploited:No;Latest Software Release:Exploitation Unlikely","2026-08-11T07:00:00"
"CVE-2026-62732","5120233","12436","Windows Server 2025","10.0.26100.33296","7.8","Publicly Disclosed:No;Exploited:No;Latest Software Release:Exploitation Unlikely","2026-08-11T07:00:00"
"CVE-2026-62732","5120228","12437","Windows Server 2025 (Server Core installation)","10.0.26100.33222","7.8","Publicly Disclosed:No;Exploited:No;Latest Software Release:Exploitation Unlikely","2026-08-11T07:00:00"
"CVE-2026-62732","5120228","12436","Windows Server 2025","10.0.26100.33222","7.8","Publicly Disclosed:No;Exploited:No;Latest Software Release:Exploitation Unlikely","2026-08-11T07:00:00"
"CVE-2026-62732","5120240","12242","Windows 11 Version 23H2 for ARM64-based Systems","10.0.22631.7517","7.8","Publicly Disclosed:No;Exploited:No;Latest Software Release:Exploitation Unlikely","2026-08-11T07:00:00"
"CVE-2026-62732","5120240","12243","Windows 11 Version 23H2 for x64-based Systems","10.0.22631.7517","7.8","Publicly Disclosed:No;Exploited:No;Latest Software Release:Exploitation Unlikely","2026-08-11T07:00:00"
"CVE-2026-62732","5120418","10816","Windows Server 2016","10.0.14393.9418","7.8","Publicly Disclosed:No;Exploited:No;Latest Software Release:Exploitation Unlikely","2026-08-11T07:00:00"
"CVE-2026-62732","5120418","10855","Windows Server 2016 (Server Core installation)","10.0.14393.9418","7.8","Publicly Disclosed:No;Exploited:No;Latest Software Release:Exploitation Unlikely","2026-08-11T07:00:00"
"CVE-2026-62734","5120238","11571","Windows Server 2019","10.0.17763.9115","7.0","Publicly Disclosed:No;Exploited:No;Latest Software Release:Exploitation Unlikely","2026-08-11T07:00:00"
"CVE-2026-62734","5120238","11572","Windows Server 2019 (Server Core installation)","10.0.17763.9115","7.0","Publicly Disclosed:No;Exploited:No;Latest Software Release:Exploitation Unlikely","2026-08-11T07:00:00"
"CVE-2026-62734","5120242","11923","Windows Server 2022","10.0.20348.5499","7.0","Publicly Disclosed:No;Exploited:No;Latest Software Release:Exploitation Unlikely","2026-08-11T07:00:00"
"CVE-2026-62734","5120242","11924","Windows Server 2022 (Server Core installation)","10.0.20348.5499","7.0","Publicly Disclosed:No;Exploited:No;Latest Software Release:Exploitation Unlikely","2026-08-11T07:00:00"
"CVE-2026-62734","5120229","11923","Windows Server 2022","10.0.20348.5440","7.0","Publicly Disclosed:No;Exploited:No;Latest Software Release:Exploitation Unlikely","2026-08-11T07:00:00"
"CVE-2026-62734","5120229","11924","Windows Server 2022 (Server Core installation)","10.0.20348.5440","7.0","Publicly Disclosed:No;Exploited:No;Latest Software Release:Exploitation Unlikely","2026-08-11T07:00:00"
"CVE-2026-62734","5120249","11929","Windows 10 Version 21H2 for 32-bit Systems","10.0.19044.7663","7.0","Publicly Disclosed:No;Exploited:No;Latest Software Release:Exploitation Unlikely","2026-08-11T07:00:00"
"CVE-2026-62734","5120249","11930","Windows 10 Version 21H2 for ARM64-based Systems","10.0.19044.7663","7.0","Publicly Disclosed:No;Exploited:No;Latest Software Release:Exploitation Unlikely","2026-08-11T07:00:00"
"CVE-2026-62734","5120249","11931","Windows 10 Version 21H2 for x64-based Systems","10.0.19044.7663","7.0","Publicly Disclosed:No;Exploited:No;Latest Software Release:Exploitation Unlikely","2026-08-11T07:00:00"
"CVE-2026-62734","5120249","12097","Windows 10 Version 22H2 for x64-based Systems","10.0.19045.7663","7.0","Publicly Disclosed:No;Exploited:No;Latest Software Release:Exploitation Unlikely","2026-08-11T07:00:00"
"CVE-2026-62734","5120249","12098","Windows 10 Version 22H2 for ARM64-based Systems","10.0.19045.7663","7.0","Publicly Disclosed:No;Exploited:No;Latest Software Release:Exploitation Unlikely","2026-08-11T07:00:00"
"CVE-2026-62734","5120249","12099","Windows 10 Version 22H2 for 32-bit Systems","10.0.19045.7663","7.0","Publicly Disclosed:No;Exploited:No;Latest Software Release:Exploitation Unlikely","2026-08-11T07:00:00"
"CVE-2026-62734","5120233","12437","Windows Server 2025 (Server Core installation)","10.0.26100.33296","7.0","Publicly Disclosed:No;Exploited:No;Latest Software Release:Exploitation Unlikely","2026-08-11T07:00:00"
"CVE-2026-62734","5120233","12436","Windows Server 2025","10.0.26100.33296","7.0","Publicly Disclosed:No;Exploited:No;Latest Software Release:Exploitation Unlikely","2026-08-11T07:00:00"
"CVE-2026-62734","5120228","12437","Windows Server 2025 (Server Core installation)","10.0.26100.33222","7.0","Publicly Disclosed:No;Exploited:No;Latest Software Release:Exploitation Unlikely","2026-08-11T07:00:00"
"CVE-2026-62734","5120228","12436","Windows Server 2025","10.0.26100.33222","7.0","Publicly Disclosed:No;Exploited:No;Latest Software Release:Exploitation Unlikely","2026-08-11T07:00:00"
"CVE-2026-62734","5120240","12242","Windows 11 Version 23H2 for ARM64-based Systems","10.0.22631.7517","7.0","Publicly Disclosed:No;Exploited:No;Latest Software Release:Exploitation Unlikely","2026-08-11T07:00:00"
"CVE-2026-62734","5120240","12243","Windows 11 Version 23H2 for x64-based Systems","10.0.22631.7517","7.0","Publicly Disclosed:No;Exploited:No;Latest Software Release:Exploitation Unlikely","2026-08-11T07:00:00"
"CVE-2026-62734","5120418","10816","Windows Server 2016","10.0.14393.9418","7.0","Publicly Disclosed:No;Exploited:No;Latest Software Release:Exploitation Unlikely","2026-08-11T07:00:00"
"CVE-2026-62734","5120418","10855","Windows Server 2016 (Server Core installation)","10.0.14393.9418","7.0","Publicly Disclosed:No;Exploited:No;Latest Software Release:Exploitation Unlikely","2026-08-11T07:00:00"
"CVE-2026-62736","5120233","12437","Windows Server 2025 (Server Core installation)","10.0.26100.33296","7.8","Publicly Disclosed:No;Exploited:No;Latest Software Release:Exploitation Unlikely","2026-08-11T07:00:00"
"CVE-2026-62736","5120233","12436","Windows Server 2025","10.0.26100.33296","7.8","Publicly Disclosed:No;Exploited:No;Latest Software Release:Exploitation Unlikely","2026-08-11T07:00:00"
"CVE-2026-62736","5120228","12437","Windows Server 2025 (Server Core installation)","10.0.26100.33222","7.8","Publicly Disclosed:No;Exploited:No;Latest Software Release:Exploitation Unlikely","2026-08-11T07:00:00"
"CVE-2026-62736","5120228","12436","Windows Server 2025","10.0.26100.33222","7.8","Publicly Disclosed:No;Exploited:No;Latest Software Release:Exploitation Unlikely","2026-08-11T07:00:00"
"CVE-2026-62736","5120240","12242","Windows 11 Version 23H2 for ARM64-based Systems","10.0.22631.7517","7.8","Publicly Disclosed:No;Exploited:No;Latest Software Release:Exploitation Unlikely","2026-08-11T07:00:00"
"CVE-2026-62736","5120240","12243","Windows 11 Version 23H2 for x64-based Systems","10.0.22631.7517","7.8","Publicly Disclosed:No;Exploited:No;Latest Software Release:Exploitation Unlikely","2026-08-11T07:00:00"
"CVE-2026-62757","5120238","11571","Windows Server 2019","10.0.17763.9115","5.3","Publicly Disclosed:No;Exploited:No;Latest Software Release:Exploitation Unlikely","2026-08-11T07:00:00"
"CVE-2026-62757","5120238","11572","Windows Server 2019 (Server Core installation)","10.0.17763.9115","5.3","Publicly Disclosed:No;Exploited:No;Latest Software Release:Exploitation Unlikely","2026-08-11T07:00:00"
"CVE-2026-62757","5120242","11923","Windows Server 2022","10.0.20348.5499","5.3","Publicly Disclosed:No;Exploited:No;Latest Software Release:Exploitation Unlikely","2026-08-11T07:00:00"
"CVE-2026-62757","5120242","11924","Windows Server 2022 (Server Core installation)","10.0.20348.5499","5.3","Publicly Disclosed:No;Exploited:No;Latest Software Release:Exploitation Unlikely","2026-08-11T07:00:00"
"CVE-2026-62757","5120229","11923","Windows Server 2022","10.0.20348.5440","5.3","Publicly Disclosed:No;Exploited:No;Latest Software Release:Exploitation Unlikely","2026-08-11T07:00:00"
"CVE-2026-62757","5120229","11924","Windows Server 2022 (Server Core installation)","10.0.20348.5440","5.3","Publicly Disclosed:No;Exploited:No;Latest Software Release:Exploitation Unlikely","2026-08-11T07:00:00"
"CVE-2026-62757","5120249","11929","Windows 10 Version 21H2 for 32-bit Systems","10.0.19044.7663","5.3","Publicly Disclosed:No;Exploited:No;Latest Software Release:Exploitation Unlikely","2026-08-11T07:00:00"
"CVE-2026-62757","5120249","11930","Windows 10 Version 21H2 for ARM64-based Systems","10.0.19044.7663","5.3","Publicly Disclosed:No;Exploited:No;Latest Software Release:Exploitation Unlikely","2026-08-11T07:00:00"
"CVE-2026-62757","5120249","11931","Windows 10 Version 21H2 for x64-based Systems","10.0.19044.7663","5.3","Publicly Disclosed:No;Exploited:No;Latest Software Release:Exploitation Unlikely","2026-08-11T07:00:00"
"CVE-2026-62757","5120249","12097","Windows 10 Version 22H2 for x64-based Systems","10.0.19045.7663","5.3","Publicly Disclosed:No;Exploited:No;Latest Software Release:Exploitation Unlikely","2026-08-11T07:00:00"
"CVE-2026-62757","5120249","12098","Windows 10 Version 22H2 for ARM64-based Systems","10.0.19045.7663","5.3","Publicly Disclosed:No;Exploited:No;Latest Software Release:Exploitation Unlikely","2026-08-11T07:00:00"
"CVE-2026-62757","5120249","12099","Windows 10 Version 22H2 for 32-bit Systems","10.0.19045.7663","5.3","Publicly Disclosed:No;Exploited:No;Latest Software Release:Exploitation Unlikely","2026-08-11T07:00:00"
"CVE-2026-62757","5120233","12437","Windows Server 2025 (Server Core installation)","10.0.26100.33296","5.3","Publicly Disclosed:No;Exploited:No;Latest Software Release:Exploitation Unlikely","2026-08-11T07:00:00"
"CVE-2026-62757","5120233","12436","Windows Server 2025","10.0.26100.33296","5.3","Publicly Disclosed:No;Exploited:No;Latest Software Release:Exploitation Unlikely","2026-08-11T07:00:00"
"CVE-2026-62757","5120228","12437","Windows Server 2025 (Server Core installation)","10.0.26100.33222","5.3","Publicly Disclosed:No;Exploited:No;Latest Software Release:Exploitation Unlikely","2026-08-11T07:00:00"
"CVE-2026-62757","5120228","12436","Windows Server 2025","10.0.26100.33222","5.3","Publicly Disclosed:No;Exploited:No;Latest Software Release:Exploitation Unlikely","2026-08-11T07:00:00"
"CVE-2026-62757","5120240","12242","Windows 11 Version 23H2 for ARM64-based Systems","10.0.22631.7517","5.3","Publicly Disclosed:No;Exploited:No;Latest Software Release:Exploitation Unlikely","2026-08-11T07:00:00"
"CVE-2026-62757","5120240","12243","Windows 11 Version 23H2 for x64-based Systems","10.0.22631.7517","5.3","Publicly Disclosed:No;Exploited:No;Latest Software Release:Exploitation Unlikely","2026-08-11T07:00:00"
"CVE-2026-62757","5120418","10816","Windows Server 2016","10.0.14393.9418","5.3","Publicly Disclosed:No;Exploited:No;Latest Software Release:Exploitation Unlikely","2026-08-11T07:00:00"
"CVE-2026-62757","5120418","10855","Windows Server 2016 (Server Core installation)","10.0.14393.9418","5.3","Publicly Disclosed:No;Exploited:No;Latest Software Release:Exploitation Unlikely","2026-08-11T07:00:00"
"CVE-2026-62741","5120238","11571","Windows Server 2019","10.0.17763.9115","7.8","Publicly Disclosed:No;Exploited:No;Latest Software Release:Exploitation More Likely","2026-08-11T07:00:00"
"CVE-2026-62741","5120238","11572","Windows Server 2019 (Server Core installation)","10.0.17763.9115","7.8","Publicly Disclosed:No;Exploited:No;Latest Software Release:Exploitation More Likely","2026-08-11T07:00:00"
"CVE-2026-62741","5120242","11923","Windows Server 2022","10.0.20348.5499","7.8","Publicly Disclosed:No;Exploited:No;Latest Software Release:Exploitation More Likely","2026-08-11T07:00:00"
"CVE-2026-62741","5120242","11924","Windows Server 2022 (Server Core installation)","10.0.20348.5499","7.8","Publicly Disclosed:No;Exploited:No;Latest Software Release:Exploitation More Likely","2026-08-11T07:00:00"
"CVE-2026-62741","5120229","11923","Windows Server 2022","10.0.20348.5440","7.8","Publicly Disclosed:No;Exploited:No;Latest Software Release:Exploitation More Likely","2026-08-11T07:00:00"
"CVE-2026-62741","5120229","11924","Windows Server 2022 (Server Core installation)","10.0.20348.5440","7.8","Publicly Disclosed:No;Exploited:No;Latest Software Release:Exploitation More Likely","2026-08-11T07:00:00"
"CVE-2026-62741","5120249","11929","Windows 10 Version 21H2 for 32-bit Systems","10.0.19044.7663","7.8","Publicly Disclosed:No;Exploited:No;Latest Software Release:Exploitation More Likely","2026-08-11T07:00:00"
"CVE-2026-62741","5120249","11930","Windows 10 Version 21H2 for ARM64-based Systems","10.0.19044.7663","7.8","Publicly Disclosed:No;Exploited:No;Latest Software Release:Exploitation More Likely","2026-08-11T07:00:00"
"CVE-2026-62741","5120249","11931","Windows 10 Version 21H2 for x64-based Systems","10.0.19044.7663","7.8","Publicly Disclosed:No;Exploited:No;Latest Software Release:Exploitation More Likely","2026-08-11T07:00:00"
"CVE-2026-62741","5120249","12097","Windows 10 Version 22H2 for x64-based Systems","10.0.19045.7663","7.8","Publicly Disclosed:No;Exploited:No;Latest Software Release:Exploitation More Likely","2026-08-11T07:00:00"
"CVE-2026-62741","5120249","12098","Windows 10 Version 22H2 for ARM64-based Systems","10.0.19045.7663","7.8","Publicly Disclosed:No;Exploited:No;Latest Software Release:Exploitation More Likely","2026-08-11T07:00:00"
"CVE-2026-62741","5120249","12099","Windows 10 Version 22H2 for 32-bit Systems","10.0.19045.7663","7.8","Publicly Disclosed:No;Exploited:No;Latest Software Release:Exploitation More Likely","2026-08-11T07:00:00"
"CVE-2026-62741","5120233","12437","Windows Server 2025 (Server Core installation)","10.0.26100.33296","7.8","Publicly Disclosed:No;Exploited:No;Latest Software Release:Exploitation More Likely","2026-08-11T07:00:00"
"CVE-2026-62741","5120233","12436","Windows Server 2025","10.0.26100.33296","7.8","Publicly Disclosed:No;Exploited:No;Latest Software Release:Exploitation More Likely","2026-08-11T07:00:00"
"CVE-2026-62741","5120228","12437","Windows Server 2025 (Server Core installation)","10.0.26100.33222","7.8","Publicly Disclosed:No;Exploited:No;Latest Software Release:Exploitation More Likely","2026-08-11T07:00:00"
"CVE-2026-62741","5120228","12436","Windows Server 2025","10.0.26100.33222","7.8","Publicly Disclosed:No;Exploited:No;Latest Software Release:Exploitation More Likely","2026-08-11T07:00:00"
"CVE-2026-62741","5120240","12242","Windows 11 Version 23H2 for ARM64-based Systems","10.0.22631.7517","7.8","Publicly Disclosed:No;Exploited:No;Latest Software Release:Exploitation More Likely","2026-08-11T07:00:00"
"CVE-2026-62741","5120240","12243","Windows 11 Version 23H2 for x64-based Systems","10.0.22631.7517","7.8","Publicly Disclosed:No;Exploited:No;Latest Software Release:Exploitation More Likely","2026-08-11T07:00:00"
"CVE-2026-62741","5120418","10816","Windows Server 2016","10.0.14393.9418","7.8","Publicly Disclosed:No;Exploited:No;Latest Software Release:Exploitation More Likely","2026-08-11T07:00:00"
"CVE-2026-62741","5120418","10855","Windows Server 2016 (Server Core installation)","10.0.14393.9418","7.8","Publicly Disclosed:No;Exploited:No;Latest Software Release:Exploitation More Likely","2026-08-11T07:00:00"
"CVE-2026-62749","5120233","12437","Windows Server 2025 (Server Core installation)","10.0.26100.33296","7.0","Publicly Disclosed:No;Exploited:No;Latest Software Release:Exploitation Less Likely","2026-08-11T07:00:00"
"CVE-2026-62749","5120233","12436","Windows Server 2025","10.0.26100.33296","7.0","Publicly Disclosed:No;Exploited:No;Latest Software Release:Exploitation Less Likely","2026-08-11T07:00:00"
"CVE-2026-62749","5120228","12437","Windows Server 2025 (Server Core installation)","10.0.26100.33222","7.0","Publicly Disclosed:No;Exploited:No;Latest Software Release:Exploitation Less Likely","2026-08-11T07:00:00"
"CVE-2026-62749","5120228","12436","Windows Server 2025","10.0.26100.33222","7.0","Publicly Disclosed:No;Exploited:No;Latest Software Release:Exploitation Less Likely","2026-08-11T07:00:00"
"CVE-2026-62751","5120242","11923","Windows Server 2022","10.0.20348.5499","7.8","Publicly Disclosed:No;Exploited:No;Latest Software Release:Exploitation Less Likely","2026-08-11T07:00:00"
"CVE-2026-62751","5120242","11924","Windows Server 2022 (Server Core installation)","10.0.20348.5499","7.8","Publicly Disclosed:No;Exploited:No;Latest Software Release:Exploitation Less Likely","2026-08-11T07:00:00"
"CVE-2026-62751","5120229","11923","Windows Server 2022","10.0.20348.5440","7.8","Publicly Disclosed:No;Exploited:No;Latest Software Release:Exploitation Less Likely","2026-08-11T07:00:00"
"CVE-2026-62751","5120229","11924","Windows Server 2022 (Server Core installation)","10.0.20348.5440","7.8","Publicly Disclosed:No;Exploited:No;Latest Software Release:Exploitation Less Likely","2026-08-11T07:00:00"
"CVE-2026-62751","5120249","11929","Windows 10 Version 21H2 for 32-bit Systems","10.0.19044.7663","7.8","Publicly Disclosed:No;Exploited:No;Latest Software Release:Exploitation Less Likely","2026-08-11T07:00:00"
"CVE-2026-62751","5120249","11930","Windows 10 Version 21H2 for ARM64-based Systems","10.0.19044.7663","7.8","Publicly Disclosed:No;Exploited:No;Latest Software Release:Exploitation Less Likely","2026-08-11T07:00:00"
"CVE-2026-62751","5120249","11931","Windows 10 Version 21H2 for x64-based Systems","10.0.19044.7663","7.8","Publicly Disclosed:No;Exploited:No;Latest Software Release:Exploitation Less Likely","2026-08-11T07:00:00"
"CVE-2026-62751","5120249","12097","Windows 10 Version 22H2 for x64-based Systems","10.0.19045.7663","7.8","Publicly Disclosed:No;Exploited:No;Latest Software Release:Exploitation Less Likely","2026-08-11T07:00:00"
"CVE-2026-62751","5120249","12098","Windows 10 Version 22H2 for ARM64-based Systems","10.0.19045.7663","7.8","Publicly Disclosed:No;Exploited:No;Latest Software Release:Exploitation Less Likely","2026-08-11T07:00:00"
"CVE-2026-62751","5120249","12099","Windows 10 Version 22H2 for 32-bit Systems","10.0.19045.7663","7.8","Publicly Disclosed:No;Exploited:No;Latest Software Release:Exploitation Less Likely","2026-08-11T07:00:00"
"CVE-2026-62751","5120233","12437","Windows Server 2025 (Server Core installation)","10.0.26100.33296","7.8","Publicly Disclosed:No;Exploited:No;Latest Software Release:Exploitation Less Likely","2026-08-11T07:00:00"
"CVE-2026-62751","5120233","12436","Windows Server 2025","10.0.26100.33296","7.8","Publicly Disclosed:No;Exploited:No;Latest Software Release:Exploitation Less Likely","2026-08-11T07:00:00"
"CVE-2026-62751","5120228","12437","Windows Server 2025 (Server Core installation)","10.0.26100.33222","7.8","Publicly Disclosed:No;Exploited:No;Latest Software Release:Exploitation Less Likely","2026-08-11T07:00:00"
"CVE-2026-62751","5120228","12436","Windows Server 2025","10.0.26100.33222","7.8","Publicly Disclosed:No;Exploited:No;Latest Software Release:Exploitation Less Likely","2026-08-11T07:00:00"
"CVE-2026-62751","5120240","12242","Windows 11 Version 23H2 for ARM64-based Systems","10.0.22631.7517","7.8","Publicly Disclosed:No;Exploited:No;Latest Software Release:Exploitation Less Likely","2026-08-11T07:00:00"
"CVE-2026-62751","5120240","12243","Windows 11 Version 23H2 for x64-based Systems","10.0.22631.7517","7.8","Publicly Disclosed:No;Exploited:No;Latest Software Release:Exploitation Less Likely","2026-08-11T07:00:00"
"CVE-2026-62752","5120238","11571","Windows Server 2019","10.0.17763.9115","7.8","Publicly Disclosed:No;Exploited:No;Latest Software Release:Exploitation Unlikely","2026-08-11T07:00:00"
"CVE-2026-62752","5120238","11572","Windows Server 2019 (Server Core installation)","10.0.17763.9115","7.8","Publicly Disclosed:No;Exploited:No;Latest Software Release:Exploitation Unlikely","2026-08-11T07:00:00"
"CVE-2026-62752","5120242","11923","Windows Server 2022","10.0.20348.5499","7.8","Publicly Disclosed:No;Exploited:No;Latest Software Release:Exploitation Unlikely","2026-08-11T07:00:00"
"CVE-2026-62752","5120242","11924","Windows Server 2022 (Server Core installation)","10.0.20348.5499","7.8","Publicly Disclosed:No;Exploited:No;Latest Software Release:Exploitation Unlikely","2026-08-11T07:00:00"
"CVE-2026-62752","5120229","11923","Windows Server 2022","10.0.20348.5440","7.8","Publicly Disclosed:No;Exploited:No;Latest Software Release:Exploitation Unlikely","2026-08-11T07:00:00"
"CVE-2026-62752","5120229","11924","Windows Server 2022 (Server Core installation)","10.0.20348.5440","7.8","Publicly Disclosed:No;Exploited:No;Latest Software Release:Exploitation Unlikely","2026-08-11T07:00:00"
"CVE-2026-62752","5120249","11929","Windows 10 Version 21H2 for 32-bit Systems","10.0.19044.7663","7.8","Publicly Disclosed:No;Exploited:No;Latest Software Release:Exploitation Unlikely","2026-08-11T07:00:00"
"CVE-2026-62752","5120249","11930","Windows 10 Version 21H2 for ARM64-based Systems","10.0.19044.7663","7.8","Publicly Disclosed:No;Exploited:No;Latest Software Release:Exploitation Unlikely","2026-08-11T07:00:00"
"CVE-2026-62752","5120249","11931","Windows 10 Version 21H2 for x64-based Systems","10.0.19044.7663","7.8","Publicly Disclosed:No;Exploited:No;Latest Software Release:Exploitation Unlikely","2026-08-11T07:00:00"
"CVE-2026-62752","5120249","12097","Windows 10 Version 22H2 for x64-based Systems","10.0.19045.7663","7.8","Publicly Disclosed:No;Exploited:No;Latest Software Release:Exploitation Unlikely","2026-08-11T07:00:00"
"CVE-2026-62752","5120249","12098","Windows 10 Version 22H2 for ARM64-based Systems","10.0.19045.7663","7.8","Publicly Disclosed:No;Exploited:No;Latest Software Release:Exploitation Unlikely","2026-08-11T07:00:00"
"CVE-2026-62752","5120249","12099","Windows 10 Version 22H2 for 32-bit Systems","10.0.19045.7663","7.8","Publicly Disclosed:No;Exploited:No;Latest Software Release:Exploitation Unlikely","2026-08-11T07:00:00"
"CVE-2026-62752","5120233","12437","Windows Server 2025 (Server Core installation)","10.0.26100.33296","7.8","Publicly Disclosed:No;Exploited:No;Latest Software Release:Exploitation Unlikely","2026-08-11T07:00:00"
"CVE-2026-62752","5120233","12436","Windows Server 2025","10.0.26100.33296","7.8","Publicly Disclosed:No;Exploited:No;Latest Software Release:Exploitation Unlikely","2026-08-11T07:00:00"
"CVE-2026-62752","5120228","12437","Windows Server 2025 (Server Core installation)","10.0.26100.33222","7.8","Publicly Disclosed:No;Exploited:No;Latest Software Release:Exploitation Unlikely","2026-08-11T07:00:00"
"CVE-2026-62752","5120228","12436","Windows Server 2025","10.0.26100.33222","7.8","Publicly Disclosed:No;Exploited:No;Latest Software Release:Exploitation Unlikely","2026-08-11T07:00:00"
"CVE-2026-62752","5120240","12242","Windows 11 Version 23H2 for ARM64-based Systems","10.0.22631.7517","7.8","Publicly Disclosed:No;Exploited:No;Latest Software Release:Exploitation Unlikely","2026-08-11T07:00:00"
"CVE-2026-62752","5120240","12243","Windows 11 Version 23H2 for x64-based Systems","10.0.22631.7517","7.8","Publicly Disclosed:No;Exploited:No;Latest Software Release:Exploitation Unlikely","2026-08-11T07:00:00"
"CVE-2026-62752","5120418","10816","Windows Server 2016","10.0.14393.9418","7.8","Publicly Disclosed:No;Exploited:No;Latest Software Release:Exploitation Unlikely","2026-08-11T07:00:00"
"CVE-2026-62752","5120418","10855","Windows Server 2016 (Server Core installation)","10.0.14393.9418","7.8","Publicly Disclosed:No;Exploited:No;Latest Software Release:Exploitation Unlikely","2026-08-11T07:00:00"
"CVE-2026-62769","5120238","11571","Windows Server 2019","10.0.17763.9115","6.7","Publicly Disclosed:No;Exploited:No;Latest Software Release:Exploitation Unlikely","2026-08-11T07:00:00"
"CVE-2026-62769","5120238","11572","Windows Server 2019 (Server Core installation)","10.0.17763.9115","6.7","Publicly Disclosed:No;Exploited:No;Latest Software Release:Exploitation Unlikely","2026-08-11T07:00:00"
"CVE-2026-62769","5120242","11923","Windows Server 2022","10.0.20348.5499","6.7","Publicly Disclosed:No;Exploited:No;Latest Software Release:Exploitation Unlikely","2026-08-11T07:00:00"
"CVE-2026-62769","5120242","11924","Windows Server 2022 (Server Core installation)","10.0.20348.5499","6.7","Publicly Disclosed:No;Exploited:No;Latest Software Release:Exploitation Unlikely","2026-08-11T07:00:00"
"CVE-2026-62769","5120229","11923","Windows Server 2022","10.0.20348.5440","6.7","Publicly Disclosed:No;Exploited:No;Latest Software Release:Exploitation Unlikely","2026-08-11T07:00:00"
"CVE-2026-62769","5120229","11924","Windows Server 2022 (Server Core installation)","10.0.20348.5440","6.7","Publicly Disclosed:No;Exploited:No;Latest Software Release:Exploitation Unlikely","2026-08-11T07:00:00"
"CVE-2026-62769","5120249","11929","Windows 10 Version 21H2 for 32-bit Systems","10.0.19044.7663","6.7","Publicly Disclosed:No;Exploited:No;Latest Software Release:Exploitation Unlikely","2026-08-11T07:00:00"
"CVE-2026-62769","5120249","11930","Windows 10 Version 21H2 for ARM64-based Systems","10.0.19044.7663","6.7","Publicly Disclosed:No;Exploited:No;Latest Software Release:Exploitation Unlikely","2026-08-11T07:00:00"
"CVE-2026-62769","5120249","11931","Windows 10 Version 21H2 for x64-based Systems","10.0.19044.7663","6.7","Publicly Disclosed:No;Exploited:No;Latest Software Release:Exploitation Unlikely","2026-08-11T07:00:00"
"CVE-2026-62769","5120249","12097","Windows 10 Version 22H2 for x64-based Systems","10.0.19045.7663","6.7","Publicly Disclosed:No;Exploited:No;Latest Software Release:Exploitation Unlikely","2026-08-11T07:00:00"
"CVE-2026-62769","5120249","12098","Windows 10 Version 22H2 for ARM64-based Systems","10.0.19045.7663","6.7","Publicly Disclosed:No;Exploited:No;Latest Software Release:Exploitation Unlikely","2026-08-11T07:00:00"
"CVE-2026-62769","5120249","12099","Windows 10 Version 22H2 for 32-bit Systems","10.0.19045.7663","6.7","Publicly Disclosed:No;Exploited:No;Latest Software Release:Exploitation Unlikely","2026-08-11T07:00:00"
"CVE-2026-62769","5120233","12437","Windows Server 2025 (Server Core installation)","10.0.26100.33296","6.7","Publicly Disclosed:No;Exploited:No;Latest Software Release:Exploitation Unlikely","2026-08-11T07:00:00"
"CVE-2026-62769","5120233","12436","Windows Server 2025","10.0.26100.33296","6.7","Publicly Disclosed:No;Exploited:No;Latest Software Release:Exploitation Unlikely","2026-08-11T07:00:00"
"CVE-2026-62769","5120228","12437","Windows Server 2025 (Server Core installation)","10.0.26100.33222","6.7","Publicly Disclosed:No;Exploited:No;Latest Software Release:Exploitation Unlikely","2026-08-11T07:00:00"
"CVE-2026-62769","5120228","12436","Windows Server 2025","10.0.26100.33222","6.7","Publicly Disclosed:No;Exploited:No;Latest Software Release:Exploitation Unlikely","2026-08-11T07:00:00"
"CVE-2026-62769","5120240","12242","Windows 11 Version 23H2 for ARM64-based Systems","10.0.22631.7517","6.7","Publicly Disclosed:No;Exploited:No;Latest Software Release:Exploitation Unlikely","2026-08-11T07:00:00"
"CVE-2026-62769","5120240","12243","Windows 11 Version 23H2 for x64-based Systems","10.0.22631.7517","6.7","Publicly Disclosed:No;Exploited:No;Latest Software Release:Exploitation Unlikely","2026-08-11T07:00:00"
"CVE-2026-62769","5120418","10816","Windows Server 2016","10.0.14393.9418","6.7","Publicly Disclosed:No;Exploited:No;Latest Software Release:Exploitation Unlikely","2026-08-11T07:00:00"
"CVE-2026-62769","5120418","10855","Windows Server 2016 (Server Core installation)","10.0.14393.9418","6.7","Publicly Disclosed:No;Exploited:No;Latest Software Release:Exploitation Unlikely","2026-08-11T07:00:00"
"CVE-2026-62771","5120238","11571","Windows Server 2019","10.0.17763.9115","7.8","Publicly Disclosed:No;Exploited:No;Latest Software Release:Exploitation Less Likely","2026-08-11T07:00:00"
"CVE-2026-62771","5120238","11572","Windows Server 2019 (Server Core installation)","10.0.17763.9115","7.8","Publicly Disclosed:No;Exploited:No;Latest Software Release:Exploitation Less Likely","2026-08-11T07:00:00"
"CVE-2026-62771","5120242","11923","Windows Server 2022","10.0.20348.5499","7.8","Publicly Disclosed:No;Exploited:No;Latest Software Release:Exploitation Less Likely","2026-08-11T07:00:00"
"CVE-2026-62771","5120242","11924","Windows Server 2022 (Server Core installation)","10.0.20348.5499","7.8","Publicly Disclosed:No;Exploited:No;Latest Software Release:Exploitation Less Likely","2026-08-11T07:00:00"
"CVE-2026-62771","5120229","11923","Windows Server 2022","10.0.20348.5440","7.8","Publicly Disclosed:No;Exploited:No;Latest Software Release:Exploitation Less Likely","2026-08-11T07:00:00"
"CVE-2026-62771","5120229","11924","Windows Server 2022 (Server Core installation)","10.0.20348.5440","7.8","Publicly Disclosed:No;Exploited:No;Latest Software Release:Exploitation Less Likely","2026-08-11T07:00:00"
"CVE-2026-62771","5120249","11929","Windows 10 Version 21H2 for 32-bit Systems","10.0.19044.7663","7.8","Publicly Disclosed:No;Exploited:No;Latest Software Release:Exploitation Less Likely","2026-08-11T07:00:00"
"CVE-2026-62771","5120249","11930","Windows 10 Version 21H2 for ARM64-based Systems","10.0.19044.7663","7.8","Publicly Disclosed:No;Exploited:No;Latest Software Release:Exploitation Less Likely","2026-08-11T07:00:00"
"CVE-2026-62771","5120249","11931","Windows 10 Version 21H2 for x64-based Systems","10.0.19044.7663","7.8","Publicly Disclosed:No;Exploited:No;Latest Software Release:Exploitation Less Likely","2026-08-11T07:00:00"
"CVE-2026-62771","5120249","12097","Windows 10 Version 22H2 for x64-based Systems","10.0.19045.7663","7.8","Publicly Disclosed:No;Exploited:No;Latest Software Release:Exploitation Less Likely","2026-08-11T07:00:00"
"CVE-2026-62771","5120249","12098","Windows 10 Version 22H2 for ARM64-based Systems","10.0.19045.7663","7.8","Publicly Disclosed:No;Exploited:No;Latest Software Release:Exploitation Less Likely","2026-08-11T07:00:00"
"CVE-2026-62771","5120249","12099","Windows 10 Version 22H2 for 32-bit Systems","10.0.19045.7663","7.8","Publicly Disclosed:No;Exploited:No;Latest Software Release:Exploitation Less Likely","2026-08-11T07:00:00"
"CVE-2026-62771","5120233","12437","Windows Server 2025 (Server Core installation)","10.0.26100.33296","7.8","Publicly Disclosed:No;Exploited:No;Latest Software Release:Exploitation Less Likely","2026-08-11T07:00:00"
"CVE-2026-62771","5120233","12436","Windows Server 2025","10.0.26100.33296","7.8","Publicly Disclosed:No;Exploited:No;Latest Software Release:Exploitation Less Likely","2026-08-11T07:00:00"
"CVE-2026-62771","5120228","12437","Windows Server 2025 (Server Core installation)","10.0.26100.33222","7.8","Publicly Disclosed:No;Exploited:No;Latest Software Release:Exploitation Less Likely","2026-08-11T07:00:00"
"CVE-2026-62771","5120228","12436","Windows Server 2025","10.0.26100.33222","7.8","Publicly Disclosed:No;Exploited:No;Latest Software Release:Exploitation Less Likely","2026-08-11T07:00:00"
"CVE-2026-62771","5120240","12242","Windows 11 Version 23H2 for ARM64-based Systems","10.0.22631.7517","7.8","Publicly Disclosed:No;Exploited:No;Latest Software Release:Exploitation Less Likely","2026-08-11T07:00:00"
"CVE-2026-62771","5120240","12243","Windows 11 Version 23H2 for x64-based Systems","10.0.22631.7517","7.8","Publicly Disclosed:No;Exploited:No;Latest Software Release:Exploitation Less Likely","2026-08-11T07:00:00"
"CVE-2026-62761","5120238","11571","Windows Server 2019","10.0.17763.9115","7.8","Publicly Disclosed:No;Exploited:No;Latest Software Release:Exploitation Less Likely","2026-08-11T07:00:00"
"CVE-2026-62761","5120238","11572","Windows Server 2019 (Server Core installation)","10.0.17763.9115","7.8","Publicly Disclosed:No;Exploited:No;Latest Software Release:Exploitation Less Likely","2026-08-11T07:00:00"
"CVE-2026-62761","5120242","11923","Windows Server 2022","10.0.20348.5499","7.8","Publicly Disclosed:No;Exploited:No;Latest Software Release:Exploitation Less Likely","2026-08-11T07:00:00"
"CVE-2026-62761","5120242","11924","Windows Server 2022 (Server Core installation)","10.0.20348.5499","7.8","Publicly Disclosed:No;Exploited:No;Latest Software Release:Exploitation Less Likely","2026-08-11T07:00:00"
"CVE-2026-62761","5120229","11923","Windows Server 2022","10.0.20348.5440","7.8","Publicly Disclosed:No;Exploited:No;Latest Software Release:Exploitation Less Likely","2026-08-11T07:00:00"
"CVE-2026-62761","5120229","11924","Windows Server 2022 (Server Core installation)","10.0.20348.5440","7.8","Publicly Disclosed:No;Exploited:No;Latest Software Release:Exploitation Less Likely","2026-08-11T07:00:00"
"CVE-2026-62761","5120233","12437","Windows Server 2025 (Server Core installation)","10.0.26100.33296","7.8","Publicly Disclosed:No;Exploited:No;Latest Software Release:Exploitation Less Likely","2026-08-11T07:00:00"
"CVE-2026-62761","5120233","12436","Windows Server 2025","10.0.26100.33296","7.8","Publicly Disclosed:No;Exploited:No;Latest Software Release:Exploitation Less Likely","2026-08-11T07:00:00"
"CVE-2026-62761","5120228","12437","Windows Server 2025 (Server Core installation)","10.0.26100.33222","7.8","Publicly Disclosed:No;Exploited:No;Latest Software Release:Exploitation Less Likely","2026-08-11T07:00:00"
"CVE-2026-62761","5120228","12436","Windows Server 2025","10.0.26100.33222","7.8","Publicly Disclosed:No;Exploited:No;Latest Software Release:Exploitation Less Likely","2026-08-11T07:00:00"
"CVE-2026-62761","5120418","10816","Windows Server 2016","10.0.14393.9418","7.8","Publicly Disclosed:No;Exploited:No;Latest Software Release:Exploitation Less Likely","2026-08-11T07:00:00"
"CVE-2026-62761","5120418","10855","Windows Server 2016 (Server Core installation)","10.0.14393.9418","7.8","Publicly Disclosed:No;Exploited:No;Latest Software Release:Exploitation Less Likely","2026-08-11T07:00:00"
"CVE-2026-62768","5120238","11571","Windows Server 2019","10.0.17763.9115","7.8","Publicly Disclosed:No;Exploited:No;Latest Software Release:Exploitation Less Likely","2026-08-11T07:00:00"
"CVE-2026-62768","5120238","11572","Windows Server 2019 (Server Core installation)","10.0.17763.9115","7.8","Publicly Disclosed:No;Exploited:No;Latest Software Release:Exploitation Less Likely","2026-08-11T07:00:00"
"CVE-2026-62768","5120242","11923","Windows Server 2022","10.0.20348.5499","7.8","Publicly Disclosed:No;Exploited:No;Latest Software Release:Exploitation Less Likely","2026-08-11T07:00:00"
"CVE-2026-62768","5120242","11924","Windows Server 2022 (Server Core installation)","10.0.20348.5499","7.8","Publicly Disclosed:No;Exploited:No;Latest Software Release:Exploitation Less Likely","2026-08-11T07:00:00"
"CVE-2026-62768","5120229","11923","Windows Server 2022","10.0.20348.5440","7.8","Publicly Disclosed:No;Exploited:No;Latest Software Release:Exploitation Less Likely","2026-08-11T07:00:00"
"CVE-2026-62768","5120229","11924","Windows Server 2022 (Server Core installation)","10.0.20348.5440","7.8","Publicly Disclosed:No;Exploited:No;Latest Software Release:Exploitation Less Likely","2026-08-11T07:00:00"
"CVE-2026-62768","5120249","11929","Windows 10 Version 21H2 for 32-bit Systems","10.0.19044.7663","7.8","Publicly Disclosed:No;Exploited:No;Latest Software Release:Exploitation Less Likely","2026-08-11T07:00:00"
"CVE-2026-62768","5120249","11930","Windows 10 Version 21H2 for ARM64-based Systems","10.0.19044.7663","7.8","Publicly Disclosed:No;Exploited:No;Latest Software Release:Exploitation Less Likely","2026-08-11T07:00:00"
"CVE-2026-62768","5120249","11931","Windows 10 Version 21H2 for x64-based Systems","10.0.19044.7663","7.8","Publicly Disclosed:No;Exploited:No;Latest Software Release:Exploitation Less Likely","2026-08-11T07:00:00"
"CVE-2026-62768","5120249","12097","Windows 10 Version 22H2 for x64-based Systems","10.0.19045.7663","7.8","Publicly Disclosed:No;Exploited:No;Latest Software Release:Exploitation Less Likely","2026-08-11T07:00:00"
"CVE-2026-62768","5120249","12098","Windows 10 Version 22H2 for ARM64-based Systems","10.0.19045.7663","7.8","Publicly Disclosed:No;Exploited:No;Latest Software Release:Exploitation Less Likely","2026-08-11T07:00:00"
"CVE-2026-62768","5120249","12099","Windows 10 Version 22H2 for 32-bit Systems","10.0.19045.7663","7.8","Publicly Disclosed:No;Exploited:No;Latest Software Release:Exploitation Less Likely","2026-08-11T07:00:00"
"CVE-2026-62768","5120233","12437","Windows Server 2025 (Server Core installation)","10.0.26100.33296","7.8","Publicly Disclosed:No;Exploited:No;Latest Software Release:Exploitation Less Likely","2026-08-11T07:00:00"
"CVE-2026-62768","5120233","12436","Windows Server 2025","10.0.26100.33296","7.8","Publicly Disclosed:No;Exploited:No;Latest Software Release:Exploitation Less Likely","2026-08-11T07:00:00"
"CVE-2026-62768","5120228","12437","Windows Server 2025 (Server Core installation)","10.0.26100.33222","7.8","Publicly Disclosed:No;Exploited:No;Latest Software Release:Exploitation Less Likely","2026-08-11T07:00:00"
"CVE-2026-62768","5120228","12436","Windows Server 2025","10.0.26100.33222","7.8","Publicly Disclosed:No;Exploited:No;Latest Software Release:Exploitation Less Likely","2026-08-11T07:00:00"
"CVE-2026-62768","5120240","12242","Windows 11 Version 23H2 for ARM64-based Systems","10.0.22631.7517","7.8","Publicly Disclosed:No;Exploited:No;Latest Software Release:Exploitation Less Likely","2026-08-11T07:00:00"
"CVE-2026-62768","5120240","12243","Windows 11 Version 23H2 for x64-based Systems","10.0.22631.7517","7.8","Publicly Disclosed:No;Exploited:No;Latest Software Release:Exploitation Less Likely","2026-08-11T07:00:00"
"CVE-2026-62768","5120418","10816","Windows Server 2016","10.0.14393.9418","7.8","Publicly Disclosed:No;Exploited:No;Latest Software Release:Exploitation Less Likely","2026-08-11T07:00:00"
"CVE-2026-62768","5120418","10855","Windows Server 2016 (Server Core installation)","10.0.14393.9418","7.8","Publicly Disclosed:No;Exploited:No;Latest Software Release:Exploitation Less Likely","2026-08-11T07:00:00"
"CVE-2026-62770","5120238","11571","Windows Server 2019","10.0.17763.9115","7.8","Publicly Disclosed:No;Exploited:No;Latest Software Release:Exploitation Less Likely","2026-08-11T07:00:00"
"CVE-2026-62770","5120238","11572","Windows Server 2019 (Server Core installation)","10.0.17763.9115","7.8","Publicly Disclosed:No;Exploited:No;Latest Software Release:Exploitation Less Likely","2026-08-11T07:00:00"
"CVE-2026-62770","5120242","11923","Windows Server 2022","10.0.20348.5499","7.8","Publicly Disclosed:No;Exploited:No;Latest Software Release:Exploitation Less Likely","2026-08-11T07:00:00"
"CVE-2026-62770","5120242","11924","Windows Server 2022 (Server Core installation)","10.0.20348.5499","7.8","Publicly Disclosed:No;Exploited:No;Latest Software Release:Exploitation Less Likely","2026-08-11T07:00:00"
"CVE-2026-62770","5120229","11923","Windows Server 2022","10.0.20348.5440","7.8","Publicly Disclosed:No;Exploited:No;Latest Software Release:Exploitation Less Likely","2026-08-11T07:00:00"
"CVE-2026-62770","5120229","11924","Windows Server 2022 (Server Core installation)","10.0.20348.5440","7.8","Publicly Disclosed:No;Exploited:No;Latest Software Release:Exploitation Less Likely","2026-08-11T07:00:00"
"CVE-2026-62770","5120249","11929","Windows 10 Version 21H2 for 32-bit Systems","10.0.19044.7663","7.8","Publicly Disclosed:No;Exploited:No;Latest Software Release:Exploitation Less Likely","2026-08-11T07:00:00"
"CVE-2026-62770","5120249","11930","Windows 10 Version 21H2 for ARM64-based Systems","10.0.19044.7663","7.8","Publicly Disclosed:No;Exploited:No;Latest Software Release:Exploitation Less Likely","2026-08-11T07:00:00"
"CVE-2026-62770","5120249","11931","Windows 10 Version 21H2 for x64-based Systems","10.0.19044.7663","7.8","Publicly Disclosed:No;Exploited:No;Latest Software Release:Exploitation Less Likely","2026-08-11T07:00:00"
"CVE-2026-62770","5120249","12097","Windows 10 Version 22H2 for x64-based Systems","10.0.19045.7663","7.8","Publicly Disclosed:No;Exploited:No;Latest Software Release:Exploitation Less Likely","2026-08-11T07:00:00"
"CVE-2026-62770","5120249","12098","Windows 10 Version 22H2 for ARM64-based Systems","10.0.19045.7663","7.8","Publicly Disclosed:No;Exploited:No;Latest Software Release:Exploitation Less Likely","2026-08-11T07:00:00"
"CVE-2026-62770","5120249","12099","Windows 10 Version 22H2 for 32-bit Systems","10.0.19045.7663","7.8","Publicly Disclosed:No;Exploited:No;Latest Software Release:Exploitation Less Likely","2026-08-11T07:00:00"
"CVE-2026-62770","5120233","12437","Windows Server 2025 (Server Core installation)","10.0.26100.33296","7.8","Publicly Disclosed:No;Exploited:No;Latest Software Release:Exploitation Less Likely","2026-08-11T07:00:00"
"CVE-2026-62770","5120233","12436","Windows Server 2025","10.0.26100.33296","7.8","Publicly Disclosed:No;Exploited:No;Latest Software Release:Exploitation Less Likely","2026-08-11T07:00:00"
"CVE-2026-62770","5120228","12437","Windows Server 2025 (Server Core installation)","10.0.26100.33222","7.8","Publicly Disclosed:No;Exploited:No;Latest Software Release:Exploitation Less Likely","2026-08-11T07:00:00"
"CVE-2026-62770","5120228","12436","Windows Server 2025","10.0.26100.33222","7.8","Publicly Disclosed:No;Exploited:No;Latest Software Release:Exploitation Less Likely","2026-08-11T07:00:00"
"CVE-2026-62770","5120240","12242","Windows 11 Version 23H2 for ARM64-based Systems","10.0.22631.7517","7.8","Publicly Disclosed:No;Exploited:No;Latest Software Release:Exploitation Less Likely","2026-08-11T07:00:00"
"CVE-2026-62770","5120240","12243","Windows 11 Version 23H2 for x64-based Systems","10.0.22631.7517","7.8","Publicly Disclosed:No;Exploited:No;Latest Software Release:Exploitation Less Likely","2026-08-11T07:00:00"
"CVE-2026-62770","5120418","10816","Windows Server 2016","10.0.14393.9418","7.8","Publicly Disclosed:No;Exploited:No;Latest Software Release:Exploitation Less Likely","2026-08-11T07:00:00"
"CVE-2026-62770","5120418","10855","Windows Server 2016 (Server Core installation)","10.0.14393.9418","7.8","Publicly Disclosed:No;Exploited:No;Latest Software Release:Exploitation Less Likely","2026-08-11T07:00:00"
"CVE-2026-62776","5120238","11571","Windows Server 2019","10.0.17763.9115","7.8","Publicly Disclosed:No;Exploited:No;Latest Software Release:Exploitation Less Likely","2026-08-11T07:00:00"
"CVE-2026-62776","5120238","11572","Windows Server 2019 (Server Core installation)","10.0.17763.9115","7.8","Publicly Disclosed:No;Exploited:No;Latest Software Release:Exploitation Less Likely","2026-08-11T07:00:00"
"CVE-2026-62776","5120242","11923","Windows Server 2022","10.0.20348.5499","7.8","Publicly Disclosed:No;Exploited:No;Latest Software Release:Exploitation Less Likely","2026-08-11T07:00:00"
"CVE-2026-62776","5120242","11924","Windows Server 2022 (Server Core installation)","10.0.20348.5499","7.8","Publicly Disclosed:No;Exploited:No;Latest Software Release:Exploitation Less Likely","2026-08-11T07:00:00"
"CVE-2026-62776","5120229","11923","Windows Server 2022","10.0.20348.5440","7.8","Publicly Disclosed:No;Exploited:No;Latest Software Release:Exploitation Less Likely","2026-08-11T07:00:00"
"CVE-2026-62776","5120229","11924","Windows Server 2022 (Server Core installation)","10.0.20348.5440","7.8","Publicly Disclosed:No;Exploited:No;Latest Software Release:Exploitation Less Likely","2026-08-11T07:00:00"
"CVE-2026-62776","5120233","12437","Windows Server 2025 (Server Core installation)","10.0.26100.33296","7.8","Publicly Disclosed:No;Exploited:No;Latest Software Release:Exploitation Less Likely","2026-08-11T07:00:00"
"CVE-2026-62776","5120233","12436","Windows Server 2025","10.0.26100.33296","7.8","Publicly Disclosed:No;Exploited:No;Latest Software Release:Exploitation Less Likely","2026-08-11T07:00:00"
"CVE-2026-62776","5120228","12437","Windows Server 2025 (Server Core installation)","10.0.26100.33222","7.8","Publicly Disclosed:No;Exploited:No;Latest Software Release:Exploitation Less Likely","2026-08-11T07:00:00"
"CVE-2026-62776","5120228","12436","Windows Server 2025","10.0.26100.33222","7.8","Publicly Disclosed:No;Exploited:No;Latest Software Release:Exploitation Less Likely","2026-08-11T07:00:00"
"CVE-2026-62776","5120418","10816","Windows Server 2016","10.0.14393.9418","7.8","Publicly Disclosed:No;Exploited:No;Latest Software Release:Exploitation Less Likely","2026-08-11T07:00:00"
"CVE-2026-62776","5120418","10855","Windows Server 2016 (Server Core installation)","10.0.14393.9418","7.8","Publicly Disclosed:No;Exploited:No;Latest Software Release:Exploitation Less Likely","2026-08-11T07:00:00"
"CVE-2026-62778","5120238","11571","Windows Server 2019","10.0.17763.9115","8.1","Publicly Disclosed:No;Exploited:No;Latest Software Release:Exploitation Less Likely","2026-08-11T07:00:00"
"CVE-2026-62778","5120238","11572","Windows Server 2019 (Server Core installation)","10.0.17763.9115","8.1","Publicly Disclosed:No;Exploited:No;Latest Software Release:Exploitation Less Likely","2026-08-11T07:00:00"
"CVE-2026-62778","5120242","11923","Windows Server 2022","10.0.20348.5499","8.1","Publicly Disclosed:No;Exploited:No;Latest Software Release:Exploitation Less Likely","2026-08-11T07:00:00"
"CVE-2026-62778","5120242","11924","Windows Server 2022 (Server Core installation)","10.0.20348.5499","8.1","Publicly Disclosed:No;Exploited:No;Latest Software Release:Exploitation Less Likely","2026-08-11T07:00:00"
"CVE-2026-62778","5120229","11923","Windows Server 2022","10.0.20348.5440","8.1","Publicly Disclosed:No;Exploited:No;Latest Software Release:Exploitation Less Likely","2026-08-11T07:00:00"
"CVE-2026-62778","5120229","11924","Windows Server 2022 (Server Core installation)","10.0.20348.5440","8.1","Publicly Disclosed:No;Exploited:No;Latest Software Release:Exploitation Less Likely","2026-08-11T07:00:00"
"CVE-2026-62778","5120233","12437","Windows Server 2025 (Server Core installation)","10.0.26100.33296","8.1","Publicly Disclosed:No;Exploited:No;Latest Software Release:Exploitation Less Likely","2026-08-11T07:00:00"
"CVE-2026-62778","5120233","12436","Windows Server 2025","10.0.26100.33296","8.1","Publicly Disclosed:No;Exploited:No;Latest Software Release:Exploitation Less Likely","2026-08-11T07:00:00"
"CVE-2026-62778","5120228","12437","Windows Server 2025 (Server Core installation)","10.0.26100.33222","8.1","Publicly Disclosed:No;Exploited:No;Latest Software Release:Exploitation Less Likely","2026-08-11T07:00:00"
"CVE-2026-62778","5120228","12436","Windows Server 2025","10.0.26100.33222","8.1","Publicly Disclosed:No;Exploited:No;Latest Software Release:Exploitation Less Likely","2026-08-11T07:00:00"
"CVE-2026-62778","5120418","10816","Windows Server 2016","10.0.14393.9418","8.1","Publicly Disclosed:No;Exploited:No;Latest Software Release:Exploitation Less Likely","2026-08-11T07:00:00"
"CVE-2026-62778","5120418","10855","Windows Server 2016 (Server Core installation)","10.0.14393.9418","8.1","Publicly Disclosed:No;Exploited:No;Latest Software Release:Exploitation Less Likely","2026-08-11T07:00:00"
"CVE-2026-62780","5120233","12437","Windows Server 2025 (Server Core installation)","10.0.26100.33296","7.0","Publicly Disclosed:No;Exploited:No;Latest Software Release:Exploitation Less Likely","2026-08-11T07:00:00"
"CVE-2026-62780","5120233","12436","Windows Server 2025","10.0.26100.33296","7.0","Publicly Disclosed:No;Exploited:No;Latest Software Release:Exploitation Less Likely","2026-08-11T07:00:00"
"CVE-2026-62780","5120228","12437","Windows Server 2025 (Server Core installation)","10.0.26100.33222","7.0","Publicly Disclosed:No;Exploited:No;Latest Software Release:Exploitation Less Likely","2026-08-11T07:00:00"
"CVE-2026-62780","5120228","12436","Windows Server 2025","10.0.26100.33222","7.0","Publicly Disclosed:No;Exploited:No;Latest Software Release:Exploitation Less Likely","2026-08-11T07:00:00"
"CVE-2026-62780","5120240","12242","Windows 11 Version 23H2 for ARM64-based Systems","10.0.22631.7517","7.0","Publicly Disclosed:No;Exploited:No;Latest Software Release:Exploitation Less Likely","2026-08-11T07:00:00"
"CVE-2026-62780","5120240","12243","Windows 11 Version 23H2 for x64-based Systems","10.0.22631.7517","7.0","Publicly Disclosed:No;Exploited:No;Latest Software Release:Exploitation Less Likely","2026-08-11T07:00:00"
"CVE-2026-62782","5120238","11571","Windows Server 2019","10.0.17763.9115","6.5","Publicly Disclosed:No;Exploited:No;Latest Software Release:Exploitation Unlikely","2026-08-11T07:00:00"
"CVE-2026-62782","5120238","11572","Windows Server 2019 (Server Core installation)","10.0.17763.9115","6.5","Publicly Disclosed:No;Exploited:No;Latest Software Release:Exploitation Unlikely","2026-08-11T07:00:00"
"CVE-2026-62782","5120242","11923","Windows Server 2022","10.0.20348.5499","6.5","Publicly Disclosed:No;Exploited:No;Latest Software Release:Exploitation Unlikely","2026-08-11T07:00:00"
"CVE-2026-62782","5120242","11924","Windows Server 2022 (Server Core installation)","10.0.20348.5499","6.5","Publicly Disclosed:No;Exploited:No;Latest Software Release:Exploitation Unlikely","2026-08-11T07:00:00"
"CVE-2026-62782","5120229","11923","Windows Server 2022","10.0.20348.5440","6.5","Publicly Disclosed:No;Exploited:No;Latest Software Release:Exploitation Unlikely","2026-08-11T07:00:00"
"CVE-2026-62782","5120229","11924","Windows Server 2022 (Server Core installation)","10.0.20348.5440","6.5","Publicly Disclosed:No;Exploited:No;Latest Software Release:Exploitation Unlikely","2026-08-11T07:00:00"
"CVE-2026-62782","5120249","11929","Windows 10 Version 21H2 for 32-bit Systems","10.0.19044.7663","6.5","Publicly Disclosed:No;Exploited:No;Latest Software Release:Exploitation Unlikely","2026-08-11T07:00:00"
"CVE-2026-62782","5120249","11930","Windows 10 Version 21H2 for ARM64-based Systems","10.0.19044.7663","6.5","Publicly Disclosed:No;Exploited:No;Latest Software Release:Exploitation Unlikely","2026-08-11T07:00:00"
"CVE-2026-62782","5120249","11931","Windows 10 Version 21H2 for x64-based Systems","10.0.19044.7663","6.5","Publicly Disclosed:No;Exploited:No;Latest Software Release:Exploitation Unlikely","2026-08-11T07:00:00"
"CVE-2026-62782","5120249","12097","Windows 10 Version 22H2 for x64-based Systems","10.0.19045.7663","6.5","Publicly Disclosed:No;Exploited:No;Latest Software Release:Exploitation Unlikely","2026-08-11T07:00:00"
"CVE-2026-62782","5120249","12098","Windows 10 Version 22H2 for ARM64-based Systems","10.0.19045.7663","6.5","Publicly Disclosed:No;Exploited:No;Latest Software Release:Exploitation Unlikely","2026-08-11T07:00:00"
"CVE-2026-62782","5120249","12099","Windows 10 Version 22H2 for 32-bit Systems","10.0.19045.7663","6.5","Publicly Disclosed:No;Exploited:No;Latest Software Release:Exploitation Unlikely","2026-08-11T07:00:00"
"CVE-2026-62782","5120233","12437","Windows Server 2025 (Server Core installation)","10.0.26100.33296","6.5","Publicly Disclosed:No;Exploited:No;Latest Software Release:Exploitation Unlikely","2026-08-11T07:00:00"
"CVE-2026-62782","5120233","12436","Windows Server 2025","10.0.26100.33296","6.5","Publicly Disclosed:No;Exploited:No;Latest Software Release:Exploitation Unlikely","2026-08-11T07:00:00"
"CVE-2026-62782","5120228","12437","Windows Server 2025 (Server Core installation)","10.0.26100.33222","6.5","Publicly Disclosed:No;Exploited:No;Latest Software Release:Exploitation Unlikely","2026-08-11T07:00:00"
"CVE-2026-62782","5120228","12436","Windows Server 2025","10.0.26100.33222","6.5","Publicly Disclosed:No;Exploited:No;Latest Software Release:Exploitation Unlikely","2026-08-11T07:00:00"
"CVE-2026-62782","5120240","12242","Windows 11 Version 23H2 for ARM64-based Systems","10.0.22631.7517","6.5","Publicly Disclosed:No;Exploited:No;Latest Software Release:Exploitation Unlikely","2026-08-11T07:00:00"
"CVE-2026-62782","5120240","12243","Windows 11 Version 23H2 for x64-based Systems","10.0.22631.7517","6.5","Publicly Disclosed:No;Exploited:No;Latest Software Release:Exploitation Unlikely","2026-08-11T07:00:00"
"CVE-2026-62782","5120418","10816","Windows Server 2016","10.0.14393.9418","6.5","Publicly Disclosed:No;Exploited:No;Latest Software Release:Exploitation Unlikely","2026-08-11T07:00:00"
"CVE-2026-62782","5120418","10855","Windows Server 2016 (Server Core installation)","10.0.14393.9418","6.5","Publicly Disclosed:No;Exploited:No;Latest Software Release:Exploitation Unlikely","2026-08-11T07:00:00"
"CVE-2026-62781","5120238","11571","Windows Server 2019","10.0.17763.9115","8.1","Publicly Disclosed:No;Exploited:No;Latest Software Release:Exploitation Unlikely","2026-08-11T07:00:00"
"CVE-2026-62781","5120238","11572","Windows Server 2019 (Server Core installation)","10.0.17763.9115","8.1","Publicly Disclosed:No;Exploited:No;Latest Software Release:Exploitation Unlikely","2026-08-11T07:00:00"
"CVE-2026-62781","5120242","11923","Windows Server 2022","10.0.20348.5499","8.1","Publicly Disclosed:No;Exploited:No;Latest Software Release:Exploitation Unlikely","2026-08-11T07:00:00"
"CVE-2026-62781","5120242","11924","Windows Server 2022 (Server Core installation)","10.0.20348.5499","8.1","Publicly Disclosed:No;Exploited:No;Latest Software Release:Exploitation Unlikely","2026-08-11T07:00:00"
"CVE-2026-62781","5120229","11923","Windows Server 2022","10.0.20348.5440","8.1","Publicly Disclosed:No;Exploited:No;Latest Software Release:Exploitation Unlikely","2026-08-11T07:00:00"
"CVE-2026-62781","5120229","11924","Windows Server 2022 (Server Core installation)","10.0.20348.5440","8.1","Publicly Disclosed:No;Exploited:No;Latest Software Release:Exploitation Unlikely","2026-08-11T07:00:00"
"CVE-2026-62781","5120249","11929","Windows 10 Version 21H2 for 32-bit Systems","10.0.19044.7663","8.1","Publicly Disclosed:No;Exploited:No;Latest Software Release:Exploitation Unlikely","2026-08-11T07:00:00"
"CVE-2026-62781","5120249","11930","Windows 10 Version 21H2 for ARM64-based Systems","10.0.19044.7663","8.1","Publicly Disclosed:No;Exploited:No;Latest Software Release:Exploitation Unlikely","2026-08-11T07:00:00"
"CVE-2026-62781","5120249","11931","Windows 10 Version 21H2 for x64-based Systems","10.0.19044.7663","8.1","Publicly Disclosed:No;Exploited:No;Latest Software Release:Exploitation Unlikely","2026-08-11T07:00:00"
"CVE-2026-62781","5120249","12097","Windows 10 Version 22H2 for x64-based Systems","10.0.19045.7663","8.1","Publicly Disclosed:No;Exploited:No;Latest Software Release:Exploitation Unlikely","2026-08-11T07:00:00"
"CVE-2026-62781","5120249","12098","Windows 10 Version 22H2 for ARM64-based Systems","10.0.19045.7663","8.1","Publicly Disclosed:No;Exploited:No;Latest Software Release:Exploitation Unlikely","2026-08-11T07:00:00"
"CVE-2026-62781","5120249","12099","Windows 10 Version 22H2 for 32-bit Systems","10.0.19045.7663","8.1","Publicly Disclosed:No;Exploited:No;Latest Software Release:Exploitation Unlikely","2026-08-11T07:00:00"
"CVE-2026-62781","5120233","12437","Windows Server 2025 (Server Core installation)","10.0.26100.33296","8.1","Publicly Disclosed:No;Exploited:No;Latest Software Release:Exploitation Unlikely","2026-08-11T07:00:00"
"CVE-2026-62781","5120233","12436","Windows Server 2025","10.0.26100.33296","8.1","Publicly Disclosed:No;Exploited:No;Latest Software Release:Exploitation Unlikely","2026-08-11T07:00:00"
"CVE-2026-62781","5120228","12437","Windows Server 2025 (Server Core installation)","10.0.26100.33222","8.1","Publicly Disclosed:No;Exploited:No;Latest Software Release:Exploitation Unlikely","2026-08-11T07:00:00"
"CVE-2026-62781","5120228","12436","Windows Server 2025","10.0.26100.33222","8.1","Publicly Disclosed:No;Exploited:No;Latest Software Release:Exploitation Unlikely","2026-08-11T07:00:00"
"CVE-2026-62781","5120240","12242","Windows 11 Version 23H2 for ARM64-based Systems","10.0.22631.7517","8.1","Publicly Disclosed:No;Exploited:No;Latest Software Release:Exploitation Unlikely","2026-08-11T07:00:00"
"CVE-2026-62781","5120240","12243","Windows 11 Version 23H2 for x64-based Systems","10.0.22631.7517","8.1","Publicly Disclosed:No;Exploited:No;Latest Software Release:Exploitation Unlikely","2026-08-11T07:00:00"
"CVE-2026-62781","5120418","10816","Windows Server 2016","10.0.14393.9418","8.1","Publicly Disclosed:No;Exploited:No;Latest Software Release:Exploitation Unlikely","2026-08-11T07:00:00"
"CVE-2026-62781","5120418","10855","Windows Server 2016 (Server Core installation)","10.0.14393.9418","8.1","Publicly Disclosed:No;Exploited:No;Latest Software Release:Exploitation Unlikely","2026-08-11T07:00:00"
"CVE-2026-62800","5120238","11571","Windows Server 2019","10.0.17763.9115","8.8","Publicly Disclosed:No;Exploited:No;Latest Software Release:Exploitation Unlikely","2026-08-11T07:00:00"
"CVE-2026-62800","5120238","11572","Windows Server 2019 (Server Core installation)","10.0.17763.9115","8.8","Publicly Disclosed:No;Exploited:No;Latest Software Release:Exploitation Unlikely","2026-08-11T07:00:00"
"CVE-2026-62800","5120242","11923","Windows Server 2022","10.0.20348.5499","8.8","Publicly Disclosed:No;Exploited:No;Latest Software Release:Exploitation Unlikely","2026-08-11T07:00:00"
"CVE-2026-62800","5120242","11924","Windows Server 2022 (Server Core installation)","10.0.20348.5499","8.8","Publicly Disclosed:No;Exploited:No;Latest Software Release:Exploitation Unlikely","2026-08-11T07:00:00"
"CVE-2026-62800","5120229","11923","Windows Server 2022","10.0.20348.5440","8.8","Publicly Disclosed:No;Exploited:No;Latest Software Release:Exploitation Unlikely","2026-08-11T07:00:00"
"CVE-2026-62800","5120229","11924","Windows Server 2022 (Server Core installation)","10.0.20348.5440","8.8","Publicly Disclosed:No;Exploited:No;Latest Software Release:Exploitation Unlikely","2026-08-11T07:00:00"
"CVE-2026-62800","5120249","11929","Windows 10 Version 21H2 for 32-bit Systems","10.0.19044.7663","8.8","Publicly Disclosed:No;Exploited:No;Latest Software Release:Exploitation Unlikely","2026-08-11T07:00:00"
"CVE-2026-62800","5120249","11930","Windows 10 Version 21H2 for ARM64-based Systems","10.0.19044.7663","8.8","Publicly Disclosed:No;Exploited:No;Latest Software Release:Exploitation Unlikely","2026-08-11T07:00:00"
"CVE-2026-62800","5120249","11931","Windows 10 Version 21H2 for x64-based Systems","10.0.19044.7663","8.8","Publicly Disclosed:No;Exploited:No;Latest Software Release:Exploitation Unlikely","2026-08-11T07:00:00"
"CVE-2026-62800","5120249","12097","Windows 10 Version 22H2 for x64-based Systems","10.0.19045.7663","8.8","Publicly Disclosed:No;Exploited:No;Latest Software Release:Exploitation Unlikely","2026-08-11T07:00:00"
"CVE-2026-62800","5120249","12098","Windows 10 Version 22H2 for ARM64-based Systems","10.0.19045.7663","8.8","Publicly Disclosed:No;Exploited:No;Latest Software Release:Exploitation Unlikely","2026-08-11T07:00:00"
"CVE-2026-62800","5120249","12099","Windows 10 Version 22H2 for 32-bit Systems","10.0.19045.7663","8.8","Publicly Disclosed:No;Exploited:No;Latest Software Release:Exploitation Unlikely","2026-08-11T07:00:00"
"CVE-2026-62800","5120233","12437","Windows Server 2025 (Server Core installation)","10.0.26100.33296","8.8","Publicly Disclosed:No;Exploited:No;Latest Software Release:Exploitation Unlikely","2026-08-11T07:00:00"
"CVE-2026-62800","5120233","12436","Windows Server 2025","10.0.26100.33296","8.8","Publicly Disclosed:No;Exploited:No;Latest Software Release:Exploitation Unlikely","2026-08-11T07:00:00"
"CVE-2026-62800","5120228","12437","Windows Server 2025 (Server Core installation)","10.0.26100.33222","8.8","Publicly Disclosed:No;Exploited:No;Latest Software Release:Exploitation Unlikely","2026-08-11T07:00:00"
"CVE-2026-62800","5120228","12436","Windows Server 2025","10.0.26100.33222","8.8","Publicly Disclosed:No;Exploited:No;Latest Software Release:Exploitation Unlikely","2026-08-11T07:00:00"
"CVE-2026-62800","5120240","12242","Windows 11 Version 23H2 for ARM64-based Systems","10.0.22631.7517","8.8","Publicly Disclosed:No;Exploited:No;Latest Software Release:Exploitation Unlikely","2026-08-11T07:00:00"
"CVE-2026-62800","5120240","12243","Windows 11 Version 23H2 for x64-based Systems","10.0.22631.7517","8.8","Publicly Disclosed:No;Exploited:No;Latest Software Release:Exploitation Unlikely","2026-08-11T07:00:00"
"CVE-2026-62800","5120418","10816","Windows Server 2016","10.0.14393.9418","8.8","Publicly Disclosed:No;Exploited:No;Latest Software Release:Exploitation Unlikely","2026-08-11T07:00:00"
"CVE-2026-62800","5120418","10855","Windows Server 2016 (Server Core installation)","10.0.14393.9418","8.8","Publicly Disclosed:No;Exploited:No;Latest Software Release:Exploitation Unlikely","2026-08-11T07:00:00"
"CVE-2026-62786","5120238","11571","Windows Server 2019","10.0.17763.9115","5.5","Publicly Disclosed:No;Exploited:No;Latest Software Release:Exploitation Unlikely","2026-08-11T07:00:00"
"CVE-2026-62786","5120238","11572","Windows Server 2019 (Server Core installation)","10.0.17763.9115","5.5","Publicly Disclosed:No;Exploited:No;Latest Software Release:Exploitation Unlikely","2026-08-11T07:00:00"
"CVE-2026-62786","5120242","11923","Windows Server 2022","10.0.20348.5499","5.5","Publicly Disclosed:No;Exploited:No;Latest Software Release:Exploitation Unlikely","2026-08-11T07:00:00"
"CVE-2026-62786","5120242","11924","Windows Server 2022 (Server Core installation)","10.0.20348.5499","5.5","Publicly Disclosed:No;Exploited:No;Latest Software Release:Exploitation Unlikely","2026-08-11T07:00:00"
"CVE-2026-62786","5120229","11923","Windows Server 2022","10.0.20348.5440","5.5","Publicly Disclosed:No;Exploited:No;Latest Software Release:Exploitation Unlikely","2026-08-11T07:00:00"
"CVE-2026-62786","5120229","11924","Windows Server 2022 (Server Core installation)","10.0.20348.5440","5.5","Publicly Disclosed:No;Exploited:No;Latest Software Release:Exploitation Unlikely","2026-08-11T07:00:00"
"CVE-2026-62786","5120249","11929","Windows 10 Version 21H2 for 32-bit Systems","10.0.19044.7663","5.5","Publicly Disclosed:No;Exploited:No;Latest Software Release:Exploitation Unlikely","2026-08-11T07:00:00"
"CVE-2026-62786","5120249","11930","Windows 10 Version 21H2 for ARM64-based Systems","10.0.19044.7663","5.5","Publicly Disclosed:No;Exploited:No;Latest Software Release:Exploitation Unlikely","2026-08-11T07:00:00"
"CVE-2026-62786","5120249","11931","Windows 10 Version 21H2 for x64-based Systems","10.0.19044.7663","5.5","Publicly Disclosed:No;Exploited:No;Latest Software Release:Exploitation Unlikely","2026-08-11T07:00:00"
"CVE-2026-62786","5120249","12097","Windows 10 Version 22H2 for x64-based Systems","10.0.19045.7663","5.5","Publicly Disclosed:No;Exploited:No;Latest Software Release:Exploitation Unlikely","2026-08-11T07:00:00"
"CVE-2026-62786","5120249","12098","Windows 10 Version 22H2 for ARM64-based Systems","10.0.19045.7663","5.5","Publicly Disclosed:No;Exploited:No;Latest Software Release:Exploitation Unlikely","2026-08-11T07:00:00"
"CVE-2026-62786","5120249","12099","Windows 10 Version 22H2 for 32-bit Systems","10.0.19045.7663","5.5","Publicly Disclosed:No;Exploited:No;Latest Software Release:Exploitation Unlikely","2026-08-11T07:00:00"
"CVE-2026-62786","5120233","12437","Windows Server 2025 (Server Core installation)","10.0.26100.33296","5.5","Publicly Disclosed:No;Exploited:No;Latest Software Release:Exploitation Unlikely","2026-08-11T07:00:00"
"CVE-2026-62786","5120233","12436","Windows Server 2025","10.0.26100.33296","5.5","Publicly Disclosed:No;Exploited:No;Latest Software Release:Exploitation Unlikely","2026-08-11T07:00:00"
"CVE-2026-62786","5120228","12437","Windows Server 2025 (Server Core installation)","10.0.26100.33222","5.5","Publicly Disclosed:No;Exploited:No;Latest Software Release:Exploitation Unlikely","2026-08-11T07:00:00"
"CVE-2026-62786","5120228","12436","Windows Server 2025","10.0.26100.33222","5.5","Publicly Disclosed:No;Exploited:No;Latest Software Release:Exploitation Unlikely","2026-08-11T07:00:00"
"CVE-2026-62786","5120240","12242","Windows 11 Version 23H2 for ARM64-based Systems","10.0.22631.7517","5.5","Publicly Disclosed:No;Exploited:No;Latest Software Release:Exploitation Unlikely","2026-08-11T07:00:00"
"CVE-2026-62786","5120240","12243","Windows 11 Version 23H2 for x64-based Systems","10.0.22631.7517","5.5","Publicly Disclosed:No;Exploited:No;Latest Software Release:Exploitation Unlikely","2026-08-11T07:00:00"
"CVE-2026-62786","5120418","10816","Windows Server 2016","10.0.14393.9418","5.5","Publicly Disclosed:No;Exploited:No;Latest Software Release:Exploitation Unlikely","2026-08-11T07:00:00"
"CVE-2026-62786","5120418","10855","Windows Server 2016 (Server Core installation)","10.0.14393.9418","5.5","Publicly Disclosed:No;Exploited:No;Latest Software Release:Exploitation Unlikely","2026-08-11T07:00:00"
"CVE-2026-62788","5120233","12437","Windows Server 2025 (Server Core installation)","10.0.26100.33296","7.0","Publicly Disclosed:No;Exploited:No;Latest Software Release:Exploitation More Likely","2026-08-11T07:00:00"
"CVE-2026-62788","5120233","12436","Windows Server 2025","10.0.26100.33296","7.0","Publicly Disclosed:No;Exploited:No;Latest Software Release:Exploitation More Likely","2026-08-11T07:00:00"
"CVE-2026-62788","5120228","12437","Windows Server 2025 (Server Core installation)","10.0.26100.33222","7.0","Publicly Disclosed:No;Exploited:No;Latest Software Release:Exploitation More Likely","2026-08-11T07:00:00"
"CVE-2026-62788","5120228","12436","Windows Server 2025","10.0.26100.33222","7.0","Publicly Disclosed:No;Exploited:No;Latest Software Release:Exploitation More Likely","2026-08-11T07:00:00"
"CVE-2026-62788","5120240","12242","Windows 11 Version 23H2 for ARM64-based Systems","10.0.22631.7517","7.0","Publicly Disclosed:No;Exploited:No;Latest Software Release:Exploitation More Likely","2026-08-11T07:00:00"
"CVE-2026-62788","5120240","12243","Windows 11 Version 23H2 for x64-based Systems","10.0.22631.7517","7.0","Publicly Disclosed:No;Exploited:No;Latest Software Release:Exploitation More Likely","2026-08-11T07:00:00"
"CVE-2026-62790","5120238","11571","Windows Server 2019","10.0.17763.9115","8.8","Publicly Disclosed:No;Exploited:No;Latest Software Release:Exploitation Less Likely","2026-08-11T07:00:00"
"CVE-2026-62790","5120238","11572","Windows Server 2019 (Server Core installation)","10.0.17763.9115","8.8","Publicly Disclosed:No;Exploited:No;Latest Software Release:Exploitation Less Likely","2026-08-11T07:00:00"
"CVE-2026-62790","5120242","11923","Windows Server 2022","10.0.20348.5499","8.8","Publicly Disclosed:No;Exploited:No;Latest Software Release:Exploitation Less Likely","2026-08-11T07:00:00"
"CVE-2026-62790","5120242","11924","Windows Server 2022 (Server Core installation)","10.0.20348.5499","8.8","Publicly Disclosed:No;Exploited:No;Latest Software Release:Exploitation Less Likely","2026-08-11T07:00:00"
"CVE-2026-62790","5120229","11923","Windows Server 2022","10.0.20348.5440","8.8","Publicly Disclosed:No;Exploited:No;Latest Software Release:Exploitation Less Likely","2026-08-11T07:00:00"
"CVE-2026-62790","5120229","11924","Windows Server 2022 (Server Core installation)","10.0.20348.5440","8.8","Publicly Disclosed:No;Exploited:No;Latest Software Release:Exploitation Less Likely","2026-08-11T07:00:00"
"CVE-2026-62790","5120249","11929","Windows 10 Version 21H2 for 32-bit Systems","10.0.19044.7663","8.8","Publicly Disclosed:No;Exploited:No;Latest Software Release:Exploitation Less Likely","2026-08-11T07:00:00"
"CVE-2026-62790","5120249","11930","Windows 10 Version 21H2 for ARM64-based Systems","10.0.19044.7663","8.8","Publicly Disclosed:No;Exploited:No;Latest Software Release:Exploitation Less Likely","2026-08-11T07:00:00"
"CVE-2026-62790","5120249","11931","Windows 10 Version 21H2 for x64-based Systems","10.0.19044.7663","8.8","Publicly Disclosed:No;Exploited:No;Latest Software Release:Exploitation Less Likely","2026-08-11T07:00:00"
"CVE-2026-62790","5120249","12097","Windows 10 Version 22H2 for x64-based Systems","10.0.19045.7663","8.8","Publicly Disclosed:No;Exploited:No;Latest Software Release:Exploitation Less Likely","2026-08-11T07:00:00"
"CVE-2026-62790","5120249","12098","Windows 10 Version 22H2 for ARM64-based Systems","10.0.19045.7663","8.8","Publicly Disclosed:No;Exploited:No;Latest Software Release:Exploitation Less Likely","2026-08-11T07:00:00"
"CVE-2026-62790","5120249","12099","Windows 10 Version 22H2 for 32-bit Systems","10.0.19045.7663","8.8","Publicly Disclosed:No;Exploited:No;Latest Software Release:Exploitation Less Likely","2026-08-11T07:00:00"
"CVE-2026-62790","5120233","12437","Windows Server 2025 (Server Core installation)","10.0.26100.33296","8.8","Publicly Disclosed:No;Exploited:No;Latest Software Release:Exploitation Less Likely","2026-08-11T07:00:00"
"CVE-2026-62790","5120233","12436","Windows Server 2025","10.0.26100.33296","8.8","Publicly Disclosed:No;Exploited:No;Latest Software Release:Exploitation Less Likely","2026-08-11T07:00:00"
"CVE-2026-62790","5120228","12437","Windows Server 2025 (Server Core installation)","10.0.26100.33222","8.8","Publicly Disclosed:No;Exploited:No;Latest Software Release:Exploitation Less Likely","2026-08-11T07:00:00"
"CVE-2026-62790","5120228","12436","Windows Server 2025","10.0.26100.33222","8.8","Publicly Disclosed:No;Exploited:No;Latest Software Release:Exploitation Less Likely","2026-08-11T07:00:00"
"CVE-2026-62790","5120240","12242","Windows 11 Version 23H2 for ARM64-based Systems","10.0.22631.7517","8.8","Publicly Disclosed:No;Exploited:No;Latest Software Release:Exploitation Less Likely","2026-08-11T07:00:00"
"CVE-2026-62790","5120240","12243","Windows 11 Version 23H2 for x64-based Systems","10.0.22631.7517","8.8","Publicly Disclosed:No;Exploited:No;Latest Software Release:Exploitation Less Likely","2026-08-11T07:00:00"
"CVE-2026-62790","5120418","10816","Windows Server 2016","10.0.14393.9418","8.8","Publicly Disclosed:No;Exploited:No;Latest Software Release:Exploitation Less Likely","2026-08-11T07:00:00"
"CVE-2026-62790","5120418","10855","Windows Server 2016 (Server Core installation)","10.0.14393.9418","8.8","Publicly Disclosed:No;Exploited:No;Latest Software Release:Exploitation Less Likely","2026-08-11T07:00:00"
"CVE-2026-62793","5120238","11571","Windows Server 2019","10.0.17763.9115","5.5","Publicly Disclosed:No;Exploited:No;Latest Software Release:Exploitation Unlikely","2026-08-11T07:00:00"
"CVE-2026-62793","5120238","11572","Windows Server 2019 (Server Core installation)","10.0.17763.9115","5.5","Publicly Disclosed:No;Exploited:No;Latest Software Release:Exploitation Unlikely","2026-08-11T07:00:00"
"CVE-2026-62793","5120242","11923","Windows Server 2022","10.0.20348.5499","5.5","Publicly Disclosed:No;Exploited:No;Latest Software Release:Exploitation Unlikely","2026-08-11T07:00:00"
"CVE-2026-62793","5120242","11924","Windows Server 2022 (Server Core installation)","10.0.20348.5499","5.5","Publicly Disclosed:No;Exploited:No;Latest Software Release:Exploitation Unlikely","2026-08-11T07:00:00"
"CVE-2026-62793","5120229","11923","Windows Server 2022","10.0.20348.5440","5.5","Publicly Disclosed:No;Exploited:No;Latest Software Release:Exploitation Unlikely","2026-08-11T07:00:00"
"CVE-2026-62793","5120229","11924","Windows Server 2022 (Server Core installation)","10.0.20348.5440","5.5","Publicly Disclosed:No;Exploited:No;Latest Software Release:Exploitation Unlikely","2026-08-11T07:00:00"
"CVE-2026-62793","5120249","11929","Windows 10 Version 21H2 for 32-bit Systems","10.0.19044.7663","5.5","Publicly Disclosed:No;Exploited:No;Latest Software Release:Exploitation Unlikely","2026-08-11T07:00:00"
"CVE-2026-62793","5120249","11930","Windows 10 Version 21H2 for ARM64-based Systems","10.0.19044.7663","5.5","Publicly Disclosed:No;Exploited:No;Latest Software Release:Exploitation Unlikely","2026-08-11T07:00:00"
"CVE-2026-62793","5120249","11931","Windows 10 Version 21H2 for x64-based Systems","10.0.19044.7663","5.5","Publicly Disclosed:No;Exploited:No;Latest Software Release:Exploitation Unlikely","2026-08-11T07:00:00"
"CVE-2026-62793","5120249","12097","Windows 10 Version 22H2 for x64-based Systems","10.0.19045.7663","5.5","Publicly Disclosed:No;Exploited:No;Latest Software Release:Exploitation Unlikely","2026-08-11T07:00:00"
"CVE-2026-62793","5120249","12098","Windows 10 Version 22H2 for ARM64-based Systems","10.0.19045.7663","5.5","Publicly Disclosed:No;Exploited:No;Latest Software Release:Exploitation Unlikely","2026-08-11T07:00:00"
"CVE-2026-62793","5120249","12099","Windows 10 Version 22H2 for 32-bit Systems","10.0.19045.7663","5.5","Publicly Disclosed:No;Exploited:No;Latest Software Release:Exploitation Unlikely","2026-08-11T07:00:00"
"CVE-2026-62793","5120233","12437","Windows Server 2025 (Server Core installation)","10.0.26100.33296","5.5","Publicly Disclosed:No;Exploited:No;Latest Software Release:Exploitation Unlikely","2026-08-11T07:00:00"
"CVE-2026-62793","5120233","12436","Windows Server 2025","10.0.26100.33296","5.5","Publicly Disclosed:No;Exploited:No;Latest Software Release:Exploitation Unlikely","2026-08-11T07:00:00"
"CVE-2026-62793","5120228","12437","Windows Server 2025 (Server Core installation)","10.0.26100.33222","5.5","Publicly Disclosed:No;Exploited:No;Latest Software Release:Exploitation Unlikely","2026-08-11T07:00:00"
"CVE-2026-62793","5120228","12436","Windows Server 2025","10.0.26100.33222","5.5","Publicly Disclosed:No;Exploited:No;Latest Software Release:Exploitation Unlikely","2026-08-11T07:00:00"
"CVE-2026-62793","5120240","12242","Windows 11 Version 23H2 for ARM64-based Systems","10.0.22631.7517","5.5","Publicly Disclosed:No;Exploited:No;Latest Software Release:Exploitation Unlikely","2026-08-11T07:00:00"
"CVE-2026-62793","5120240","12243","Windows 11 Version 23H2 for x64-based Systems","10.0.22631.7517","5.5","Publicly Disclosed:No;Exploited:No;Latest Software Release:Exploitation Unlikely","2026-08-11T07:00:00"
"CVE-2026-62793","5120418","10816","Windows Server 2016","10.0.14393.9418","5.5","Publicly Disclosed:No;Exploited:No;Latest Software Release:Exploitation Unlikely","2026-08-11T07:00:00"
"CVE-2026-62793","5120418","10855","Windows Server 2016 (Server Core installation)","10.0.14393.9418","5.5","Publicly Disclosed:No;Exploited:No;Latest Software Release:Exploitation Unlikely","2026-08-11T07:00:00"
"CVE-2026-62803","5120238","11571","Windows Server 2019","10.0.17763.9115","7.8","Publicly Disclosed:No;Exploited:No;Latest Software Release:Exploitation Less Likely","2026-08-11T07:00:00"
"CVE-2026-62803","5120238","11572","Windows Server 2019 (Server Core installation)","10.0.17763.9115","7.8","Publicly Disclosed:No;Exploited:No;Latest Software Release:Exploitation Less Likely","2026-08-11T07:00:00"
"CVE-2026-62803","5120242","11923","Windows Server 2022","10.0.20348.5499","7.8","Publicly Disclosed:No;Exploited:No;Latest Software Release:Exploitation Less Likely","2026-08-11T07:00:00"
"CVE-2026-62803","5120242","11924","Windows Server 2022 (Server Core installation)","10.0.20348.5499","7.8","Publicly Disclosed:No;Exploited:No;Latest Software Release:Exploitation Less Likely","2026-08-11T07:00:00"
"CVE-2026-62803","5120229","11923","Windows Server 2022","10.0.20348.5440","7.8","Publicly Disclosed:No;Exploited:No;Latest Software Release:Exploitation Less Likely","2026-08-11T07:00:00"
"CVE-2026-62803","5120229","11924","Windows Server 2022 (Server Core installation)","10.0.20348.5440","7.8","Publicly Disclosed:No;Exploited:No;Latest Software Release:Exploitation Less Likely","2026-08-11T07:00:00"
"CVE-2026-62803","5120233","12437","Windows Server 2025 (Server Core installation)","10.0.26100.33296","7.8","Publicly Disclosed:No;Exploited:No;Latest Software Release:Exploitation Less Likely","2026-08-11T07:00:00"
"CVE-2026-62803","5120233","12436","Windows Server 2025","10.0.26100.33296","7.8","Publicly Disclosed:No;Exploited:No;Latest Software Release:Exploitation Less Likely","2026-08-11T07:00:00"
"CVE-2026-62803","5120228","12437","Windows Server 2025 (Server Core installation)","10.0.26100.33222","7.8","Publicly Disclosed:No;Exploited:No;Latest Software Release:Exploitation Less Likely","2026-08-11T07:00:00"
"CVE-2026-62803","5120228","12436","Windows Server 2025","10.0.26100.33222","7.8","Publicly Disclosed:No;Exploited:No;Latest Software Release:Exploitation Less Likely","2026-08-11T07:00:00"
"CVE-2026-62803","5120418","10816","Windows Server 2016","10.0.14393.9418","7.8","Publicly Disclosed:No;Exploited:No;Latest Software Release:Exploitation Less Likely","2026-08-11T07:00:00"
"CVE-2026-62803","5120418","10855","Windows Server 2016 (Server Core installation)","10.0.14393.9418","7.8","Publicly Disclosed:No;Exploited:No;Latest Software Release:Exploitation Less Likely","2026-08-11T07:00:00"
"CVE-2026-62807","5120238","11571","Windows Server 2019","10.0.17763.9115","7.8","Publicly Disclosed:No;Exploited:No;Latest Software Release:Exploitation Less Likely","2026-08-11T07:00:00"
"CVE-2026-62807","5120238","11572","Windows Server 2019 (Server Core installation)","10.0.17763.9115","7.8","Publicly Disclosed:No;Exploited:No;Latest Software Release:Exploitation Less Likely","2026-08-11T07:00:00"
"CVE-2026-62807","5120242","11923","Windows Server 2022","10.0.20348.5499","7.8","Publicly Disclosed:No;Exploited:No;Latest Software Release:Exploitation Less Likely","2026-08-11T07:00:00"
"CVE-2026-62807","5120242","11924","Windows Server 2022 (Server Core installation)","10.0.20348.5499","7.8","Publicly Disclosed:No;Exploited:No;Latest Software Release:Exploitation Less Likely","2026-08-11T07:00:00"
"CVE-2026-62807","5120229","11923","Windows Server 2022","10.0.20348.5440","7.8","Publicly Disclosed:No;Exploited:No;Latest Software Release:Exploitation Less Likely","2026-08-11T07:00:00"
"CVE-2026-62807","5120229","11924","Windows Server 2022 (Server Core installation)","10.0.20348.5440","7.8","Publicly Disclosed:No;Exploited:No;Latest Software Release:Exploitation Less Likely","2026-08-11T07:00:00"
"CVE-2026-62807","5120233","12437","Windows Server 2025 (Server Core installation)","10.0.26100.33296","7.8","Publicly Disclosed:No;Exploited:No;Latest Software Release:Exploitation Less Likely","2026-08-11T07:00:00"
"CVE-2026-62807","5120233","12436","Windows Server 2025","10.0.26100.33296","7.8","Publicly Disclosed:No;Exploited:No;Latest Software Release:Exploitation Less Likely","2026-08-11T07:00:00"
"CVE-2026-62807","5120228","12437","Windows Server 2025 (Server Core installation)","10.0.26100.33222","7.8","Publicly Disclosed:No;Exploited:No;Latest Software Release:Exploitation Less Likely","2026-08-11T07:00:00"
"CVE-2026-62807","5120228","12436","Windows Server 2025","10.0.26100.33222","7.8","Publicly Disclosed:No;Exploited:No;Latest Software Release:Exploitation Less Likely","2026-08-11T07:00:00"
"CVE-2026-62807","5120418","10816","Windows Server 2016","10.0.14393.9418","7.8","Publicly Disclosed:No;Exploited:No;Latest Software Release:Exploitation Less Likely","2026-08-11T07:00:00"
"CVE-2026-62807","5120418","10855","Windows Server 2016 (Server Core installation)","10.0.14393.9418","7.8","Publicly Disclosed:No;Exploited:No;Latest Software Release:Exploitation Less Likely","2026-08-11T07:00:00"
"CVE-2026-62811","5120242","11923","Windows Server 2022","10.0.20348.5499","7.8","Publicly Disclosed:No;Exploited:No;Latest Software Release:Exploitation Less Likely","2026-08-11T07:00:00"
"CVE-2026-62811","5120242","11924","Windows Server 2022 (Server Core installation)","10.0.20348.5499","7.8","Publicly Disclosed:No;Exploited:No;Latest Software Release:Exploitation Less Likely","2026-08-11T07:00:00"
"CVE-2026-62811","5120229","11923","Windows Server 2022","10.0.20348.5440","7.8","Publicly Disclosed:No;Exploited:No;Latest Software Release:Exploitation Less Likely","2026-08-11T07:00:00"
"CVE-2026-62811","5120229","11924","Windows Server 2022 (Server Core installation)","10.0.20348.5440","7.8","Publicly Disclosed:No;Exploited:No;Latest Software Release:Exploitation Less Likely","2026-08-11T07:00:00"
"CVE-2026-62811","5120233","12437","Windows Server 2025 (Server Core installation)","10.0.26100.33296","7.8","Publicly Disclosed:No;Exploited:No;Latest Software Release:Exploitation Less Likely","2026-08-11T07:00:00"
"CVE-2026-62811","5120233","12436","Windows Server 2025","10.0.26100.33296","7.8","Publicly Disclosed:No;Exploited:No;Latest Software Release:Exploitation Less Likely","2026-08-11T07:00:00"
"CVE-2026-62811","5120228","12437","Windows Server 2025 (Server Core installation)","10.0.26100.33222","7.8","Publicly Disclosed:No;Exploited:No;Latest Software Release:Exploitation Less Likely","2026-08-11T07:00:00"
"CVE-2026-62811","5120228","12436","Windows Server 2025","10.0.26100.33222","7.8","Publicly Disclosed:No;Exploited:No;Latest Software Release:Exploitation Less Likely","2026-08-11T07:00:00"
"CVE-2026-62811","5120240","12242","Windows 11 Version 23H2 for ARM64-based Systems","10.0.22631.7517","7.8","Publicly Disclosed:No;Exploited:No;Latest Software Release:Exploitation Less Likely","2026-08-11T07:00:00"
"CVE-2026-62811","5120240","12243","Windows 11 Version 23H2 for x64-based Systems","10.0.22631.7517","7.8","Publicly Disclosed:No;Exploited:No;Latest Software Release:Exploitation Less Likely","2026-08-11T07:00:00"
"CVE-2026-62814","5120238","11571","Windows Server 2019","10.0.17763.9115","6.5","Publicly Disclosed:No;Exploited:No;Latest Software Release:Exploitation Less Likely","2026-08-11T07:00:00"
"CVE-2026-62814","5120238","11572","Windows Server 2019 (Server Core installation)","10.0.17763.9115","6.5","Publicly Disclosed:No;Exploited:No;Latest Software Release:Exploitation Less Likely","2026-08-11T07:00:00"
"CVE-2026-62814","5120242","11923","Windows Server 2022","10.0.20348.5499","6.5","Publicly Disclosed:No;Exploited:No;Latest Software Release:Exploitation Less Likely","2026-08-11T07:00:00"
"CVE-2026-62814","5120242","11924","Windows Server 2022 (Server Core installation)","10.0.20348.5499","6.5","Publicly Disclosed:No;Exploited:No;Latest Software Release:Exploitation Less Likely","2026-08-11T07:00:00"
"CVE-2026-62814","5120229","11923","Windows Server 2022","10.0.20348.5440","6.5","Publicly Disclosed:No;Exploited:No;Latest Software Release:Exploitation Less Likely","2026-08-11T07:00:00"
"CVE-2026-62814","5120229","11924","Windows Server 2022 (Server Core installation)","10.0.20348.5440","6.5","Publicly Disclosed:No;Exploited:No;Latest Software Release:Exploitation Less Likely","2026-08-11T07:00:00"
"CVE-2026-62814","5120233","12437","Windows Server 2025 (Server Core installation)","10.0.26100.33296","6.5","Publicly Disclosed:No;Exploited:No;Latest Software Release:Exploitation Less Likely","2026-08-11T07:00:00"
"CVE-2026-62814","5120233","12436","Windows Server 2025","10.0.26100.33296","6.5","Publicly Disclosed:No;Exploited:No;Latest Software Release:Exploitation Less Likely","2026-08-11T07:00:00"
"CVE-2026-62814","5120228","12437","Windows Server 2025 (Server Core installation)","10.0.26100.33222","6.5","Publicly Disclosed:No;Exploited:No;Latest Software Release:Exploitation Less Likely","2026-08-11T07:00:00"
"CVE-2026-62814","5120228","12436","Windows Server 2025","10.0.26100.33222","6.5","Publicly Disclosed:No;Exploited:No;Latest Software Release:Exploitation Less Likely","2026-08-11T07:00:00"
"CVE-2026-62814","5120418","10816","Windows Server 2016","10.0.14393.9418","6.5","Publicly Disclosed:No;Exploited:No;Latest Software Release:Exploitation Less Likely","2026-08-11T07:00:00"
"CVE-2026-62814","5120418","10855","Windows Server 2016 (Server Core installation)","10.0.14393.9418","6.5","Publicly Disclosed:No;Exploited:No;Latest Software Release:Exploitation Less Likely","2026-08-11T07:00:00"
"CVE-2026-62823","5120238","11571","Windows Server 2019","10.0.17763.9115","8.8","Publicly Disclosed:No;Exploited:No;Latest Software Release:Exploitation More Likely","2026-08-11T07:00:00"
"CVE-2026-62823","5120238","11572","Windows Server 2019 (Server Core installation)","10.0.17763.9115","8.8","Publicly Disclosed:No;Exploited:No;Latest Software Release:Exploitation More Likely","2026-08-11T07:00:00"
"CVE-2026-62823","5120242","11923","Windows Server 2022","10.0.20348.5499","8.8","Publicly Disclosed:No;Exploited:No;Latest Software Release:Exploitation More Likely","2026-08-11T07:00:00"
"CVE-2026-62823","5120242","11924","Windows Server 2022 (Server Core installation)","10.0.20348.5499","8.8","Publicly Disclosed:No;Exploited:No;Latest Software Release:Exploitation More Likely","2026-08-11T07:00:00"
"CVE-2026-62823","5120229","11923","Windows Server 2022","10.0.20348.5440","8.8","Publicly Disclosed:No;Exploited:No;Latest Software Release:Exploitation More Likely","2026-08-11T07:00:00"
"CVE-2026-62823","5120229","11924","Windows Server 2022 (Server Core installation)","10.0.20348.5440","8.8","Publicly Disclosed:No;Exploited:No;Latest Software Release:Exploitation More Likely","2026-08-11T07:00:00"
"CVE-2026-62823","5120233","12437","Windows Server 2025 (Server Core installation)","10.0.26100.33296","8.8","Publicly Disclosed:No;Exploited:No;Latest Software Release:Exploitation More Likely","2026-08-11T07:00:00"
"CVE-2026-62823","5120233","12436","Windows Server 2025","10.0.26100.33296","8.8","Publicly Disclosed:No;Exploited:No;Latest Software Release:Exploitation More Likely","2026-08-11T07:00:00"
"CVE-2026-62823","5120228","12437","Windows Server 2025 (Server Core installation)","10.0.26100.33222","8.8","Publicly Disclosed:No;Exploited:No;Latest Software Release:Exploitation More Likely","2026-08-11T07:00:00"
"CVE-2026-62823","5120228","12436","Windows Server 2025","10.0.26100.33222","8.8","Publicly Disclosed:No;Exploited:No;Latest Software Release:Exploitation More Likely","2026-08-11T07:00:00"
"CVE-2026-62823","5120418","10816","Windows Server 2016","10.0.14393.9418","8.8","Publicly Disclosed:No;Exploited:No;Latest Software Release:Exploitation More Likely","2026-08-11T07:00:00"
"CVE-2026-62823","5120418","10855","Windows Server 2016 (Server Core installation)","10.0.14393.9418","8.8","Publicly Disclosed:No;Exploited:No;Latest Software Release:Exploitation More Likely","2026-08-11T07:00:00"
"CVE-2026-62824","5120418","10816","Windows Server 2016","10.0.14393.9418","8.8","Publicly Disclosed:No;Exploited:No;Latest Software Release:Exploitation Less Likely","2026-08-11T07:00:00"
"CVE-2026-62824","5120418","10855","Windows Server 2016 (Server Core installation)","10.0.14393.9418","8.8","Publicly Disclosed:No;Exploited:No;Latest Software Release:Exploitation Less Likely","2026-08-11T07:00:00"
"CVE-2026-62822","5120238","11571","Windows Server 2019","10.0.17763.9115","8.8","Publicly Disclosed:No;Exploited:No;Latest Software Release:Exploitation Less Likely","2026-08-11T07:00:00"
"CVE-2026-62822","5120238","11572","Windows Server 2019 (Server Core installation)","10.0.17763.9115","8.8","Publicly Disclosed:No;Exploited:No;Latest Software Release:Exploitation Less Likely","2026-08-11T07:00:00"
"CVE-2026-62822","5120242","11923","Windows Server 2022","10.0.20348.5499","8.8","Publicly Disclosed:No;Exploited:No;Latest Software Release:Exploitation Less Likely","2026-08-11T07:00:00"
"CVE-2026-62822","5120242","11924","Windows Server 2022 (Server Core installation)","10.0.20348.5499","8.8","Publicly Disclosed:No;Exploited:No;Latest Software Release:Exploitation Less Likely","2026-08-11T07:00:00"
"CVE-2026-62822","5120229","11923","Windows Server 2022","10.0.20348.5440","8.8","Publicly Disclosed:No;Exploited:No;Latest Software Release:Exploitation Less Likely","2026-08-11T07:00:00"
"CVE-2026-62822","5120229","11924","Windows Server 2022 (Server Core installation)","10.0.20348.5440","8.8","Publicly Disclosed:No;Exploited:No;Latest Software Release:Exploitation Less Likely","2026-08-11T07:00:00"
"CVE-2026-62822","5120249","11929","Windows 10 Version 21H2 for 32-bit Systems","10.0.19044.7663","8.8","Publicly Disclosed:No;Exploited:No;Latest Software Release:Exploitation Less Likely","2026-08-11T07:00:00"
"CVE-2026-62822","5120249","11930","Windows 10 Version 21H2 for ARM64-based Systems","10.0.19044.7663","8.8","Publicly Disclosed:No;Exploited:No;Latest Software Release:Exploitation Less Likely","2026-08-11T07:00:00"
"CVE-2026-62822","5120249","11931","Windows 10 Version 21H2 for x64-based Systems","10.0.19044.7663","8.8","Publicly Disclosed:No;Exploited:No;Latest Software Release:Exploitation Less Likely","2026-08-11T07:00:00"
"CVE-2026-62822","5120249","12097","Windows 10 Version 22H2 for x64-based Systems","10.0.19045.7663","8.8","Publicly Disclosed:No;Exploited:No;Latest Software Release:Exploitation Less Likely","2026-08-11T07:00:00"
"CVE-2026-62822","5120249","12098","Windows 10 Version 22H2 for ARM64-based Systems","10.0.19045.7663","8.8","Publicly Disclosed:No;Exploited:No;Latest Software Release:Exploitation Less Likely","2026-08-11T07:00:00"
"CVE-2026-62822","5120249","12099","Windows 10 Version 22H2 for 32-bit Systems","10.0.19045.7663","8.8","Publicly Disclosed:No;Exploited:No;Latest Software Release:Exploitation Less Likely","2026-08-11T07:00:00"
"CVE-2026-62822","5120233","12437","Windows Server 2025 (Server Core installation)","10.0.26100.33296","8.8","Publicly Disclosed:No;Exploited:No;Latest Software Release:Exploitation Less Likely","2026-08-11T07:00:00"
"CVE-2026-62822","5120233","12436","Windows Server 2025","10.0.26100.33296","8.8","Publicly Disclosed:No;Exploited:No;Latest Software Release:Exploitation Less Likely","2026-08-11T07:00:00"
"CVE-2026-62822","5120228","12437","Windows Server 2025 (Server Core installation)","10.0.26100.33222","8.8","Publicly Disclosed:No;Exploited:No;Latest Software Release:Exploitation Less Likely","2026-08-11T07:00:00"
"CVE-2026-62822","5120228","12436","Windows Server 2025","10.0.26100.33222","8.8","Publicly Disclosed:No;Exploited:No;Latest Software Release:Exploitation Less Likely","2026-08-11T07:00:00"
"CVE-2026-62822","5120240","12242","Windows 11 Version 23H2 for ARM64-based Systems","10.0.22631.7517","8.8","Publicly Disclosed:No;Exploited:No;Latest Software Release:Exploitation Less Likely","2026-08-11T07:00:00"
"CVE-2026-62822","5120240","12243","Windows 11 Version 23H2 for x64-based Systems","10.0.22631.7517","8.8","Publicly Disclosed:No;Exploited:No;Latest Software Release:Exploitation Less Likely","2026-08-11T07:00:00"
"CVE-2026-62822","5120418","10816","Windows Server 2016","10.0.14393.9418","8.8","Publicly Disclosed:No;Exploited:No;Latest Software Release:Exploitation Less Likely","2026-08-11T07:00:00"
"CVE-2026-62822","5120418","10855","Windows Server 2016 (Server Core installation)","10.0.14393.9418","8.8","Publicly Disclosed:No;Exploited:No;Latest Software Release:Exploitation Less Likely","2026-08-11T07:00:00"
"CVE-2026-62832","5120242","11923","Windows Server 2022","10.0.20348.5499","7.8","Publicly Disclosed:Yes;Exploited:No;Latest Software Release:Exploitation More Likely","2026-08-11T07:00:00"
"CVE-2026-62832","5120242","11924","Windows Server 2022 (Server Core installation)","10.0.20348.5499","7.8","Publicly Disclosed:Yes;Exploited:No;Latest Software Release:Exploitation More Likely","2026-08-11T07:00:00"
"CVE-2026-62832","5120229","11923","Windows Server 2022","10.0.20348.5440","7.8","Publicly Disclosed:Yes;Exploited:No;Latest Software Release:Exploitation More Likely","2026-08-11T07:00:00"
"CVE-2026-62832","5120229","11924","Windows Server 2022 (Server Core installation)","10.0.20348.5440","7.8","Publicly Disclosed:Yes;Exploited:No;Latest Software Release:Exploitation More Likely","2026-08-11T07:00:00"
"CVE-2026-62832","5120249","11929","Windows 10 Version 21H2 for 32-bit Systems","10.0.19044.7663","7.8","Publicly Disclosed:Yes;Exploited:No;Latest Software Release:Exploitation More Likely","2026-08-11T07:00:00"
"CVE-2026-62832","5120249","11930","Windows 10 Version 21H2 for ARM64-based Systems","10.0.19044.7663","7.8","Publicly Disclosed:Yes;Exploited:No;Latest Software Release:Exploitation More Likely","2026-08-11T07:00:00"
"CVE-2026-62832","5120249","11931","Windows 10 Version 21H2 for x64-based Systems","10.0.19044.7663","7.8","Publicly Disclosed:Yes;Exploited:No;Latest Software Release:Exploitation More Likely","2026-08-11T07:00:00"
"CVE-2026-62832","5120249","12097","Windows 10 Version 22H2 for x64-based Systems","10.0.19045.7663","7.8","Publicly Disclosed:Yes;Exploited:No;Latest Software Release:Exploitation More Likely","2026-08-11T07:00:00"
"CVE-2026-62832","5120249","12098","Windows 10 Version 22H2 for ARM64-based Systems","10.0.19045.7663","7.8","Publicly Disclosed:Yes;Exploited:No;Latest Software Release:Exploitation More Likely","2026-08-11T07:00:00"
"CVE-2026-62832","5120249","12099","Windows 10 Version 22H2 for 32-bit Systems","10.0.19045.7663","7.8","Publicly Disclosed:Yes;Exploited:No;Latest Software Release:Exploitation More Likely","2026-08-11T07:00:00"
"CVE-2026-62832","5120233","12437","Windows Server 2025 (Server Core installation)","10.0.26100.33296","7.8","Publicly Disclosed:Yes;Exploited:No;Latest Software Release:Exploitation More Likely","2026-08-11T07:00:00"
"CVE-2026-62832","5120233","12436","Windows Server 2025","10.0.26100.33296","7.8","Publicly Disclosed:Yes;Exploited:No;Latest Software Release:Exploitation More Likely","2026-08-11T07:00:00"
"CVE-2026-62832","5120228","12437","Windows Server 2025 (Server Core installation)","10.0.26100.33222","7.8","Publicly Disclosed:Yes;Exploited:No;Latest Software Release:Exploitation More Likely","2026-08-11T07:00:00"
"CVE-2026-62832","5120228","12436","Windows Server 2025","10.0.26100.33222","7.8","Publicly Disclosed:Yes;Exploited:No;Latest Software Release:Exploitation More Likely","2026-08-11T07:00:00"
"CVE-2026-62832","5120240","12242","Windows 11 Version 23H2 for ARM64-based Systems","10.0.22631.7517","7.8","Publicly Disclosed:Yes;Exploited:No;Latest Software Release:Exploitation More Likely","2026-08-11T07:00:00"
"CVE-2026-62832","5120240","12243","Windows 11 Version 23H2 for x64-based Systems","10.0.22631.7517","7.8","Publicly Disclosed:Yes;Exploited:No;Latest Software Release:Exploitation More Likely","2026-08-11T07:00:00"
"CVE-2026-62872","5120706","11650-10483","Microsoft .NET Framework 4.8 on Windows Server 2012 R2","4.8.4805.0","8.8","Publicly Disclosed:No;Exploited:No;Latest Software Release:Exploitation Less Likely","2026-08-11T07:00:00"
"CVE-2026-62872","5120706","11650-10543","Microsoft .NET Framework 4.8 on Windows Server 2012 R2 (Server Core installation)","4.8.4805.0","8.8","Publicly Disclosed:No;Exploited:No;Latest Software Release:Exploitation Less Likely","2026-08-11T07:00:00"
"CVE-2026-62872","5120699","11863-10378","Microsoft .NET Framework 4.6.2/4.7/4.7.1/4.7.2 on Windows Server 2012","4.7.4144.0","8.8","Publicly Disclosed:No;Exploited:No;Latest Software Release:Exploitation Less Likely","2026-08-11T07:00:00"
"CVE-2026-62872","5120699","11863-10379","Microsoft .NET Framework 4.6.2/4.7/4.7.1/4.7.2 on Windows Server 2012 (Server Core installation)","4.7.4144.0","8.8","Publicly Disclosed:No;Exploited:No;Latest Software Release:Exploitation Less Likely","2026-08-11T07:00:00"
"CVE-2026-62872","5120700","11863-10543","Microsoft .NET Framework 4.6.2/4.7/4.7.1/4.7.2 on Windows Server 2012 R2 (Server Core installation)","4.7.4144.0","8.8","Publicly Disclosed:No;Exploited:No;Latest Software Release:Exploitation Less Likely","2026-08-11T07:00:00"
"CVE-2026-62872","5120700","11863-10483","Microsoft .NET Framework 4.6.2/4.7/4.7.1/4.7.2 on Windows Server 2012 R2","4.7.4144.0","8.8","Publicly Disclosed:No;Exploited:No;Latest Software Release:Exploitation Less Likely","2026-08-11T07:00:00"
"CVE-2026-62872","5120695","2472-10543","Microsoft .NET Framework 3.5 on Windows Server 2012 R2 (Server Core installation)","2.0.50727.8984 & 3.0.30729.8980","8.8","Publicly Disclosed:No;Exploited:No;Latest Software Release:Exploitation Less Likely","2026-08-11T07:00:00"
"CVE-2026-62872","5120695","2472-10483","Microsoft .NET Framework 3.5 on Windows Server 2012 R2","2.0.50727.8984 & 3.0.30729.8980","8.8","Publicly Disclosed:No;Exploited:No;Latest Software Release:Exploitation Less Likely","2026-08-11T07:00:00"
"CVE-2026-62872","5120716","2472-10378","Microsoft .NET Framework 3.5 on Windows Server 2012","2.0.50727.8984 & 3.0.30729.8980","8.8","Publicly Disclosed:No;Exploited:No;Latest Software Release:Exploitation Less Likely","2026-08-11T07:00:00"
"CVE-2026-62872","5120716","2472-10379","Microsoft .NET Framework 3.5 on Windows Server 2012 (Server Core installation)","2.0.50727.8984 & 3.0.30729.8980","8.8","Publicly Disclosed:No;Exploited:No;Latest Software Release:Exploitation Less Likely","2026-08-11T07:00:00"
"CVE-2026-62872","5120704","11650-10379","Microsoft .NET Framework 4.8 on Windows Server 2012 (Server Core installation)","4.8.4805.0","8.8","Publicly Disclosed:No;Exploited:No;Latest Software Release:Exploitation Less Likely","2026-08-11T07:00:00"
"CVE-2026-62872","5120704","11650-10378","Microsoft .NET Framework 4.8 on Windows Server 2012","4.8.4805.0","8.8","Publicly Disclosed:No;Exploited:No;Latest Software Release:Exploitation Less Likely","2026-08-11T07:00:00"
"CVE-2026-62880","5120238","11571","Windows Server 2019","10.0.17763.9115","7.8","Publicly Disclosed:No;Exploited:No;Latest Software Release:Exploitation Unlikely","2026-08-11T07:00:00"
"CVE-2026-62880","5120238","11572","Windows Server 2019 (Server Core installation)","10.0.17763.9115","7.8","Publicly Disclosed:No;Exploited:No;Latest Software Release:Exploitation Unlikely","2026-08-11T07:00:00"
"CVE-2026-62880","5120242","11923","Windows Server 2022","10.0.20348.5499","7.8","Publicly Disclosed:No;Exploited:No;Latest Software Release:Exploitation Unlikely","2026-08-11T07:00:00"
"CVE-2026-62880","5120242","11924","Windows Server 2022 (Server Core installation)","10.0.20348.5499","7.8","Publicly Disclosed:No;Exploited:No;Latest Software Release:Exploitation Unlikely","2026-08-11T07:00:00"
"CVE-2026-62880","5120229","11923","Windows Server 2022","10.0.20348.5440","7.8","Publicly Disclosed:No;Exploited:No;Latest Software Release:Exploitation Unlikely","2026-08-11T07:00:00"
"CVE-2026-62880","5120229","11924","Windows Server 2022 (Server Core installation)","10.0.20348.5440","7.8","Publicly Disclosed:No;Exploited:No;Latest Software Release:Exploitation Unlikely","2026-08-11T07:00:00"
"CVE-2026-62880","5120249","11929","Windows 10 Version 21H2 for 32-bit Systems","10.0.19044.7663","7.8","Publicly Disclosed:No;Exploited:No;Latest Software Release:Exploitation Unlikely","2026-08-11T07:00:00"
"CVE-2026-62880","5120249","11930","Windows 10 Version 21H2 for ARM64-based Systems","10.0.19044.7663","7.8","Publicly Disclosed:No;Exploited:No;Latest Software Release:Exploitation Unlikely","2026-08-11T07:00:00"
"CVE-2026-62880","5120249","11931","Windows 10 Version 21H2 for x64-based Systems","10.0.19044.7663","7.8","Publicly Disclosed:No;Exploited:No;Latest Software Release:Exploitation Unlikely","2026-08-11T07:00:00"
"CVE-2026-62880","5120249","12097","Windows 10 Version 22H2 for x64-based Systems","10.0.19045.7663","7.8","Publicly Disclosed:No;Exploited:No;Latest Software Release:Exploitation Unlikely","2026-08-11T07:00:00"
"CVE-2026-62880","5120249","12098","Windows 10 Version 22H2 for ARM64-based Systems","10.0.19045.7663","7.8","Publicly Disclosed:No;Exploited:No;Latest Software Release:Exploitation Unlikely","2026-08-11T07:00:00"
"CVE-2026-62880","5120249","12099","Windows 10 Version 22H2 for 32-bit Systems","10.0.19045.7663","7.8","Publicly Disclosed:No;Exploited:No;Latest Software Release:Exploitation Unlikely","2026-08-11T07:00:00"
"CVE-2026-62880","5120233","12437","Windows Server 2025 (Server Core installation)","10.0.26100.33296","7.8","Publicly Disclosed:No;Exploited:No;Latest Software Release:Exploitation Unlikely","2026-08-11T07:00:00"
"CVE-2026-62880","5120233","12436","Windows Server 2025","10.0.26100.33296","7.8","Publicly Disclosed:No;Exploited:No;Latest Software Release:Exploitation Unlikely","2026-08-11T07:00:00"
"CVE-2026-62880","5120228","12437","Windows Server 2025 (Server Core installation)","10.0.26100.33222","7.8","Publicly Disclosed:No;Exploited:No;Latest Software Release:Exploitation Unlikely","2026-08-11T07:00:00"
"CVE-2026-62880","5120228","12436","Windows Server 2025","10.0.26100.33222","7.8","Publicly Disclosed:No;Exploited:No;Latest Software Release:Exploitation Unlikely","2026-08-11T07:00:00"
"CVE-2026-62880","5120240","12242","Windows 11 Version 23H2 for ARM64-based Systems","10.0.22631.7517","7.8","Publicly Disclosed:No;Exploited:No;Latest Software Release:Exploitation Unlikely","2026-08-11T07:00:00"
"CVE-2026-62880","5120240","12243","Windows 11 Version 23H2 for x64-based Systems","10.0.22631.7517","7.8","Publicly Disclosed:No;Exploited:No;Latest Software Release:Exploitation Unlikely","2026-08-11T07:00:00"
"CVE-2026-62880","5120418","10816","Windows Server 2016","10.0.14393.9418","7.8","Publicly Disclosed:No;Exploited:No;Latest Software Release:Exploitation Unlikely","2026-08-11T07:00:00"
"CVE-2026-62880","5120418","10855","Windows Server 2016 (Server Core installation)","10.0.14393.9418","7.8","Publicly Disclosed:No;Exploited:No;Latest Software Release:Exploitation Unlikely","2026-08-11T07:00:00"
"CVE-2026-62881","5120238","11571","Windows Server 2019","10.0.17763.9115","6.7","Publicly Disclosed:No;Exploited:No;Latest Software Release:Exploitation Unlikely","2026-08-11T07:00:00"
"CVE-2026-62881","5120238","11572","Windows Server 2019 (Server Core installation)","10.0.17763.9115","6.7","Publicly Disclosed:No;Exploited:No;Latest Software Release:Exploitation Unlikely","2026-08-11T07:00:00"
"CVE-2026-62881","5120242","11923","Windows Server 2022","10.0.20348.5499","6.7","Publicly Disclosed:No;Exploited:No;Latest Software Release:Exploitation Unlikely","2026-08-11T07:00:00"
"CVE-2026-62881","5120242","11924","Windows Server 2022 (Server Core installation)","10.0.20348.5499","6.7","Publicly Disclosed:No;Exploited:No;Latest Software Release:Exploitation Unlikely","2026-08-11T07:00:00"
"CVE-2026-62881","5120229","11923","Windows Server 2022","10.0.20348.5440","6.7","Publicly Disclosed:No;Exploited:No;Latest Software Release:Exploitation Unlikely","2026-08-11T07:00:00"
"CVE-2026-62881","5120229","11924","Windows Server 2022 (Server Core installation)","10.0.20348.5440","6.7","Publicly Disclosed:No;Exploited:No;Latest Software Release:Exploitation Unlikely","2026-08-11T07:00:00"
"CVE-2026-62881","5120249","11929","Windows 10 Version 21H2 for 32-bit Systems","10.0.19044.7663","6.7","Publicly Disclosed:No;Exploited:No;Latest Software Release:Exploitation Unlikely","2026-08-11T07:00:00"
"CVE-2026-62881","5120249","11930","Windows 10 Version 21H2 for ARM64-based Systems","10.0.19044.7663","6.7","Publicly Disclosed:No;Exploited:No;Latest Software Release:Exploitation Unlikely","2026-08-11T07:00:00"
"CVE-2026-62881","5120249","11931","Windows 10 Version 21H2 for x64-based Systems","10.0.19044.7663","6.7","Publicly Disclosed:No;Exploited:No;Latest Software Release:Exploitation Unlikely","2026-08-11T07:00:00"
"CVE-2026-62881","5120249","12097","Windows 10 Version 22H2 for x64-based Systems","10.0.19045.7663","6.7","Publicly Disclosed:No;Exploited:No;Latest Software Release:Exploitation Unlikely","2026-08-11T07:00:00"
"CVE-2026-62881","5120249","12098","Windows 10 Version 22H2 for ARM64-based Systems","10.0.19045.7663","6.7","Publicly Disclosed:No;Exploited:No;Latest Software Release:Exploitation Unlikely","2026-08-11T07:00:00"
"CVE-2026-62881","5120249","12099","Windows 10 Version 22H2 for 32-bit Systems","10.0.19045.7663","6.7","Publicly Disclosed:No;Exploited:No;Latest Software Release:Exploitation Unlikely","2026-08-11T07:00:00"
"CVE-2026-62881","5120233","12437","Windows Server 2025 (Server Core installation)","10.0.26100.33296","6.7","Publicly Disclosed:No;Exploited:No;Latest Software Release:Exploitation Unlikely","2026-08-11T07:00:00"
"CVE-2026-62881","5120233","12436","Windows Server 2025","10.0.26100.33296","6.7","Publicly Disclosed:No;Exploited:No;Latest Software Release:Exploitation Unlikely","2026-08-11T07:00:00"
"CVE-2026-62881","5120228","12437","Windows Server 2025 (Server Core installation)","10.0.26100.33222","6.7","Publicly Disclosed:No;Exploited:No;Latest Software Release:Exploitation Unlikely","2026-08-11T07:00:00"
"CVE-2026-62881","5120228","12436","Windows Server 2025","10.0.26100.33222","6.7","Publicly Disclosed:No;Exploited:No;Latest Software Release:Exploitation Unlikely","2026-08-11T07:00:00"
"CVE-2026-62881","5120240","12242","Windows 11 Version 23H2 for ARM64-based Systems","10.0.22631.7517","6.7","Publicly Disclosed:No;Exploited:No;Latest Software Release:Exploitation Unlikely","2026-08-11T07:00:00"
"CVE-2026-62881","5120240","12243","Windows 11 Version 23H2 for x64-based Systems","10.0.22631.7517","6.7","Publicly Disclosed:No;Exploited:No;Latest Software Release:Exploitation Unlikely","2026-08-11T07:00:00"
"CVE-2026-62881","5120418","10816","Windows Server 2016","10.0.14393.9418","6.7","Publicly Disclosed:No;Exploited:No;Latest Software Release:Exploitation Unlikely","2026-08-11T07:00:00"
"CVE-2026-62881","5120418","10855","Windows Server 2016 (Server Core installation)","10.0.14393.9418","6.7","Publicly Disclosed:No;Exploited:No;Latest Software Release:Exploitation Unlikely","2026-08-11T07:00:00"
"CVE-2026-62883","5120238","11571","Windows Server 2019","10.0.17763.9115","6.7","Publicly Disclosed:No;Exploited:No;Latest Software Release:Exploitation Less Likely","2026-08-11T07:00:00"
"CVE-2026-62883","5120238","11572","Windows Server 2019 (Server Core installation)","10.0.17763.9115","6.7","Publicly Disclosed:No;Exploited:No;Latest Software Release:Exploitation Less Likely","2026-08-11T07:00:00"
"CVE-2026-62883","5120242","11923","Windows Server 2022","10.0.20348.5499","6.7","Publicly Disclosed:No;Exploited:No;Latest Software Release:Exploitation Less Likely","2026-08-11T07:00:00"
"CVE-2026-62883","5120242","11924","Windows Server 2022 (Server Core installation)","10.0.20348.5499","6.7","Publicly Disclosed:No;Exploited:No;Latest Software Release:Exploitation Less Likely","2026-08-11T07:00:00"
"CVE-2026-62883","5120229","11923","Windows Server 2022","10.0.20348.5440","6.7","Publicly Disclosed:No;Exploited:No;Latest Software Release:Exploitation Less Likely","2026-08-11T07:00:00"
"CVE-2026-62883","5120229","11924","Windows Server 2022 (Server Core installation)","10.0.20348.5440","6.7","Publicly Disclosed:No;Exploited:No;Latest Software Release:Exploitation Less Likely","2026-08-11T07:00:00"
"CVE-2026-62883","5120249","11929","Windows 10 Version 21H2 for 32-bit Systems","10.0.19044.7663","6.7","Publicly Disclosed:No;Exploited:No;Latest Software Release:Exploitation Less Likely","2026-08-11T07:00:00"
"CVE-2026-62883","5120249","11930","Windows 10 Version 21H2 for ARM64-based Systems","10.0.19044.7663","6.7","Publicly Disclosed:No;Exploited:No;Latest Software Release:Exploitation Less Likely","2026-08-11T07:00:00"
"CVE-2026-62883","5120249","11931","Windows 10 Version 21H2 for x64-based Systems","10.0.19044.7663","6.7","Publicly Disclosed:No;Exploited:No;Latest Software Release:Exploitation Less Likely","2026-08-11T07:00:00"
"CVE-2026-62883","5120249","12097","Windows 10 Version 22H2 for x64-based Systems","10.0.19045.7663","6.7","Publicly Disclosed:No;Exploited:No;Latest Software Release:Exploitation Less Likely","2026-08-11T07:00:00"
"CVE-2026-62883","5120249","12098","Windows 10 Version 22H2 for ARM64-based Systems","10.0.19045.7663","6.7","Publicly Disclosed:No;Exploited:No;Latest Software Release:Exploitation Less Likely","2026-08-11T07:00:00"
"CVE-2026-62883","5120249","12099","Windows 10 Version 22H2 for 32-bit Systems","10.0.19045.7663","6.7","Publicly Disclosed:No;Exploited:No;Latest Software Release:Exploitation Less Likely","2026-08-11T07:00:00"
"CVE-2026-62883","5120233","12437","Windows Server 2025 (Server Core installation)","10.0.26100.33296","6.7","Publicly Disclosed:No;Exploited:No;Latest Software Release:Exploitation Less Likely","2026-08-11T07:00:00"
"CVE-2026-62883","5120233","12436","Windows Server 2025","10.0.26100.33296","6.7","Publicly Disclosed:No;Exploited:No;Latest Software Release:Exploitation Less Likely","2026-08-11T07:00:00"
"CVE-2026-62883","5120228","12437","Windows Server 2025 (Server Core installation)","10.0.26100.33222","6.7","Publicly Disclosed:No;Exploited:No;Latest Software Release:Exploitation Less Likely","2026-08-11T07:00:00"
"CVE-2026-62883","5120228","12436","Windows Server 2025","10.0.26100.33222","6.7","Publicly Disclosed:No;Exploited:No;Latest Software Release:Exploitation Less Likely","2026-08-11T07:00:00"
"CVE-2026-62883","5120240","12242","Windows 11 Version 23H2 for ARM64-based Systems","10.0.22631.7517","6.7","Publicly Disclosed:No;Exploited:No;Latest Software Release:Exploitation Less Likely","2026-08-11T07:00:00"
"CVE-2026-62883","5120240","12243","Windows 11 Version 23H2 for x64-based Systems","10.0.22631.7517","6.7","Publicly Disclosed:No;Exploited:No;Latest Software Release:Exploitation Less Likely","2026-08-11T07:00:00"
"CVE-2026-62883","5120418","10816","Windows Server 2016","10.0.14393.9418","6.7","Publicly Disclosed:No;Exploited:No;Latest Software Release:Exploitation Less Likely","2026-08-11T07:00:00"
"CVE-2026-62883","5120418","10855","Windows Server 2016 (Server Core installation)","10.0.14393.9418","6.7","Publicly Disclosed:No;Exploited:No;Latest Software Release:Exploitation Less Likely","2026-08-11T07:00:00"
"CVE-2026-62885","5120238","11571","Windows Server 2019","10.0.17763.9115","7.8","Publicly Disclosed:No;Exploited:No;Latest Software Release:Exploitation Less Likely","2026-08-11T07:00:00"
"CVE-2026-62885","5120238","11572","Windows Server 2019 (Server Core installation)","10.0.17763.9115","7.8","Publicly Disclosed:No;Exploited:No;Latest Software Release:Exploitation Less Likely","2026-08-11T07:00:00"
"CVE-2026-62885","5120242","11923","Windows Server 2022","10.0.20348.5499","7.8","Publicly Disclosed:No;Exploited:No;Latest Software Release:Exploitation Less Likely","2026-08-11T07:00:00"
"CVE-2026-62885","5120242","11924","Windows Server 2022 (Server Core installation)","10.0.20348.5499","7.8","Publicly Disclosed:No;Exploited:No;Latest Software Release:Exploitation Less Likely","2026-08-11T07:00:00"
"CVE-2026-62885","5120229","11923","Windows Server 2022","10.0.20348.5440","7.8","Publicly Disclosed:No;Exploited:No;Latest Software Release:Exploitation Less Likely","2026-08-11T07:00:00"
"CVE-2026-62885","5120229","11924","Windows Server 2022 (Server Core installation)","10.0.20348.5440","7.8","Publicly Disclosed:No;Exploited:No;Latest Software Release:Exploitation Less Likely","2026-08-11T07:00:00"
"CVE-2026-62885","5120249","11929","Windows 10 Version 21H2 for 32-bit Systems","10.0.19044.7663","7.8","Publicly Disclosed:No;Exploited:No;Latest Software Release:Exploitation Less Likely","2026-08-11T07:00:00"
"CVE-2026-62885","5120249","11930","Windows 10 Version 21H2 for ARM64-based Systems","10.0.19044.7663","7.8","Publicly Disclosed:No;Exploited:No;Latest Software Release:Exploitation Less Likely","2026-08-11T07:00:00"
"CVE-2026-62885","5120249","11931","Windows 10 Version 21H2 for x64-based Systems","10.0.19044.7663","7.8","Publicly Disclosed:No;Exploited:No;Latest Software Release:Exploitation Less Likely","2026-08-11T07:00:00"
"CVE-2026-62885","5120249","12097","Windows 10 Version 22H2 for x64-based Systems","10.0.19045.7663","7.8","Publicly Disclosed:No;Exploited:No;Latest Software Release:Exploitation Less Likely","2026-08-11T07:00:00"
"CVE-2026-62885","5120249","12098","Windows 10 Version 22H2 for ARM64-based Systems","10.0.19045.7663","7.8","Publicly Disclosed:No;Exploited:No;Latest Software Release:Exploitation Less Likely","2026-08-11T07:00:00"
"CVE-2026-62885","5120249","12099","Windows 10 Version 22H2 for 32-bit Systems","10.0.19045.7663","7.8","Publicly Disclosed:No;Exploited:No;Latest Software Release:Exploitation Less Likely","2026-08-11T07:00:00"
"CVE-2026-62885","5120233","12437","Windows Server 2025 (Server Core installation)","10.0.26100.33296","7.8","Publicly Disclosed:No;Exploited:No;Latest Software Release:Exploitation Less Likely","2026-08-11T07:00:00"
"CVE-2026-62885","5120233","12436","Windows Server 2025","10.0.26100.33296","7.8","Publicly Disclosed:No;Exploited:No;Latest Software Release:Exploitation Less Likely","2026-08-11T07:00:00"
"CVE-2026-62885","5120228","12437","Windows Server 2025 (Server Core installation)","10.0.26100.33222","7.8","Publicly Disclosed:No;Exploited:No;Latest Software Release:Exploitation Less Likely","2026-08-11T07:00:00"
"CVE-2026-62885","5120228","12436","Windows Server 2025","10.0.26100.33222","7.8","Publicly Disclosed:No;Exploited:No;Latest Software Release:Exploitation Less Likely","2026-08-11T07:00:00"
"CVE-2026-62885","5120240","12242","Windows 11 Version 23H2 for ARM64-based Systems","10.0.22631.7517","7.8","Publicly Disclosed:No;Exploited:No;Latest Software Release:Exploitation Less Likely","2026-08-11T07:00:00"
"CVE-2026-62885","5120240","12243","Windows 11 Version 23H2 for x64-based Systems","10.0.22631.7517","7.8","Publicly Disclosed:No;Exploited:No;Latest Software Release:Exploitation Less Likely","2026-08-11T07:00:00"
"CVE-2026-62885","5120418","10816","Windows Server 2016","10.0.14393.9418","7.8","Publicly Disclosed:No;Exploited:No;Latest Software Release:Exploitation Less Likely","2026-08-11T07:00:00"
"CVE-2026-62885","5120418","10855","Windows Server 2016 (Server Core installation)","10.0.14393.9418","7.8","Publicly Disclosed:No;Exploited:No;Latest Software Release:Exploitation Less Likely","2026-08-11T07:00:00"
"CVE-2026-62887","5120238","11571","Windows Server 2019","10.0.17763.9115","5.5","Publicly Disclosed:No;Exploited:No;Latest Software Release:Exploitation Unlikely","2026-08-11T07:00:00"
"CVE-2026-62887","5120238","11572","Windows Server 2019 (Server Core installation)","10.0.17763.9115","5.5","Publicly Disclosed:No;Exploited:No;Latest Software Release:Exploitation Unlikely","2026-08-11T07:00:00"
"CVE-2026-62887","5120242","11923","Windows Server 2022","10.0.20348.5499","5.5","Publicly Disclosed:No;Exploited:No;Latest Software Release:Exploitation Unlikely","2026-08-11T07:00:00"
"CVE-2026-62887","5120242","11924","Windows Server 2022 (Server Core installation)","10.0.20348.5499","5.5","Publicly Disclosed:No;Exploited:No;Latest Software Release:Exploitation Unlikely","2026-08-11T07:00:00"
"CVE-2026-62887","5120229","11923","Windows Server 2022","10.0.20348.5440","5.5","Publicly Disclosed:No;Exploited:No;Latest Software Release:Exploitation Unlikely","2026-08-11T07:00:00"
"CVE-2026-62887","5120229","11924","Windows Server 2022 (Server Core installation)","10.0.20348.5440","5.5","Publicly Disclosed:No;Exploited:No;Latest Software Release:Exploitation Unlikely","2026-08-11T07:00:00"
"CVE-2026-62887","5120249","11929","Windows 10 Version 21H2 for 32-bit Systems","10.0.19044.7663","5.5","Publicly Disclosed:No;Exploited:No;Latest Software Release:Exploitation Unlikely","2026-08-11T07:00:00"
"CVE-2026-62887","5120249","11930","Windows 10 Version 21H2 for ARM64-based Systems","10.0.19044.7663","5.5","Publicly Disclosed:No;Exploited:No;Latest Software Release:Exploitation Unlikely","2026-08-11T07:00:00"
"CVE-2026-62887","5120249","11931","Windows 10 Version 21H2 for x64-based Systems","10.0.19044.7663","5.5","Publicly Disclosed:No;Exploited:No;Latest Software Release:Exploitation Unlikely","2026-08-11T07:00:00"
"CVE-2026-62887","5120249","12097","Windows 10 Version 22H2 for x64-based Systems","10.0.19045.7663","5.5","Publicly Disclosed:No;Exploited:No;Latest Software Release:Exploitation Unlikely","2026-08-11T07:00:00"
"CVE-2026-62887","5120249","12098","Windows 10 Version 22H2 for ARM64-based Systems","10.0.19045.7663","5.5","Publicly Disclosed:No;Exploited:No;Latest Software Release:Exploitation Unlikely","2026-08-11T07:00:00"
"CVE-2026-62887","5120249","12099","Windows 10 Version 22H2 for 32-bit Systems","10.0.19045.7663","5.5","Publicly Disclosed:No;Exploited:No;Latest Software Release:Exploitation Unlikely","2026-08-11T07:00:00"
"CVE-2026-62887","5120233","12437","Windows Server 2025 (Server Core installation)","10.0.26100.33296","5.5","Publicly Disclosed:No;Exploited:No;Latest Software Release:Exploitation Unlikely","2026-08-11T07:00:00"
"CVE-2026-62887","5120233","12436","Windows Server 2025","10.0.26100.33296","5.5","Publicly Disclosed:No;Exploited:No;Latest Software Release:Exploitation Unlikely","2026-08-11T07:00:00"
"CVE-2026-62887","5120228","12437","Windows Server 2025 (Server Core installation)","10.0.26100.33222","5.5","Publicly Disclosed:No;Exploited:No;Latest Software Release:Exploitation Unlikely","2026-08-11T07:00:00"
"CVE-2026-62887","5120228","12436","Windows Server 2025","10.0.26100.33222","5.5","Publicly Disclosed:No;Exploited:No;Latest Software Release:Exploitation Unlikely","2026-08-11T07:00:00"
"CVE-2026-62887","5120240","12242","Windows 11 Version 23H2 for ARM64-based Systems","10.0.22631.7517","5.5","Publicly Disclosed:No;Exploited:No;Latest Software Release:Exploitation Unlikely","2026-08-11T07:00:00"
"CVE-2026-62887","5120240","12243","Windows 11 Version 23H2 for x64-based Systems","10.0.22631.7517","5.5","Publicly Disclosed:No;Exploited:No;Latest Software Release:Exploitation Unlikely","2026-08-11T07:00:00"
"CVE-2026-62887","5120418","10816","Windows Server 2016","10.0.14393.9418","5.5","Publicly Disclosed:No;Exploited:No;Latest Software Release:Exploitation Unlikely","2026-08-11T07:00:00"
"CVE-2026-62887","5120418","10855","Windows Server 2016 (Server Core installation)","10.0.14393.9418","5.5","Publicly Disclosed:No;Exploited:No;Latest Software Release:Exploitation Unlikely","2026-08-11T07:00:00"
"CVE-2026-62888","5120242","11923","Windows Server 2022","10.0.20348.5499","7.8","Publicly Disclosed:No;Exploited:No;Latest Software Release:Exploitation More Likely","2026-08-11T07:00:00"
"CVE-2026-62888","5120242","11924","Windows Server 2022 (Server Core installation)","10.0.20348.5499","7.8","Publicly Disclosed:No;Exploited:No;Latest Software Release:Exploitation More Likely","2026-08-11T07:00:00"
"CVE-2026-62888","5120229","11923","Windows Server 2022","10.0.20348.5440","7.8","Publicly Disclosed:No;Exploited:No;Latest Software Release:Exploitation More Likely","2026-08-11T07:00:00"
"CVE-2026-62888","5120229","11924","Windows Server 2022 (Server Core installation)","10.0.20348.5440","7.8","Publicly Disclosed:No;Exploited:No;Latest Software Release:Exploitation More Likely","2026-08-11T07:00:00"
"CVE-2026-62888","5120249","11929","Windows 10 Version 21H2 for 32-bit Systems","10.0.19044.7663","7.8","Publicly Disclosed:No;Exploited:No;Latest Software Release:Exploitation More Likely","2026-08-11T07:00:00"
"CVE-2026-62888","5120249","11930","Windows 10 Version 21H2 for ARM64-based Systems","10.0.19044.7663","7.8","Publicly Disclosed:No;Exploited:No;Latest Software Release:Exploitation More Likely","2026-08-11T07:00:00"
"CVE-2026-62888","5120249","11931","Windows 10 Version 21H2 for x64-based Systems","10.0.19044.7663","7.8","Publicly Disclosed:No;Exploited:No;Latest Software Release:Exploitation More Likely","2026-08-11T07:00:00"
"CVE-2026-62888","5120249","12097","Windows 10 Version 22H2 for x64-based Systems","10.0.19045.7663","7.8","Publicly Disclosed:No;Exploited:No;Latest Software Release:Exploitation More Likely","2026-08-11T07:00:00"
"CVE-2026-62888","5120249","12098","Windows 10 Version 22H2 for ARM64-based Systems","10.0.19045.7663","7.8","Publicly Disclosed:No;Exploited:No;Latest Software Release:Exploitation More Likely","2026-08-11T07:00:00"
"CVE-2026-62888","5120249","12099","Windows 10 Version 22H2 for 32-bit Systems","10.0.19045.7663","7.8","Publicly Disclosed:No;Exploited:No;Latest Software Release:Exploitation More Likely","2026-08-11T07:00:00"
"CVE-2026-62888","5120233","12437","Windows Server 2025 (Server Core installation)","10.0.26100.33296","7.8","Publicly Disclosed:No;Exploited:No;Latest Software Release:Exploitation More Likely","2026-08-11T07:00:00"
"CVE-2026-62888","5120233","12436","Windows Server 2025","10.0.26100.33296","7.8","Publicly Disclosed:No;Exploited:No;Latest Software Release:Exploitation More Likely","2026-08-11T07:00:00"
"CVE-2026-62888","5120228","12437","Windows Server 2025 (Server Core installation)","10.0.26100.33222","7.8","Publicly Disclosed:No;Exploited:No;Latest Software Release:Exploitation More Likely","2026-08-11T07:00:00"
"CVE-2026-62888","5120228","12436","Windows Server 2025","10.0.26100.33222","7.8","Publicly Disclosed:No;Exploited:No;Latest Software Release:Exploitation More Likely","2026-08-11T07:00:00"
"CVE-2026-62888","5120240","12242","Windows 11 Version 23H2 for ARM64-based Systems","10.0.22631.7517","7.8","Publicly Disclosed:No;Exploited:No;Latest Software Release:Exploitation More Likely","2026-08-11T07:00:00"
"CVE-2026-62888","5120240","12243","Windows 11 Version 23H2 for x64-based Systems","10.0.22631.7517","7.8","Publicly Disclosed:No;Exploited:No;Latest Software Release:Exploitation More Likely","2026-08-11T07:00:00"
"CVE-2026-65681","5120238","11571","Windows Server 2019","10.0.17763.9115","7.5","Publicly Disclosed:No;Exploited:No;Latest Software Release:Exploitation Less Likely","2026-08-11T07:00:00"
"CVE-2026-65681","5120238","11572","Windows Server 2019 (Server Core installation)","10.0.17763.9115","7.5","Publicly Disclosed:No;Exploited:No;Latest Software Release:Exploitation Less Likely","2026-08-11T07:00:00"
"CVE-2026-65681","5120242","11923","Windows Server 2022","10.0.20348.5499","7.5","Publicly Disclosed:No;Exploited:No;Latest Software Release:Exploitation Less Likely","2026-08-11T07:00:00"
"CVE-2026-65681","5120242","11924","Windows Server 2022 (Server Core installation)","10.0.20348.5499","7.5","Publicly Disclosed:No;Exploited:No;Latest Software Release:Exploitation Less Likely","2026-08-11T07:00:00"
"CVE-2026-65681","5120229","11923","Windows Server 2022","10.0.20348.5440","7.5","Publicly Disclosed:No;Exploited:No;Latest Software Release:Exploitation Less Likely","2026-08-11T07:00:00"
"CVE-2026-65681","5120229","11924","Windows Server 2022 (Server Core installation)","10.0.20348.5440","7.5","Publicly Disclosed:No;Exploited:No;Latest Software Release:Exploitation Less Likely","2026-08-11T07:00:00"
"CVE-2026-65681","5120233","12437","Windows Server 2025 (Server Core installation)","10.0.26100.33296","7.5","Publicly Disclosed:No;Exploited:No;Latest Software Release:Exploitation Less Likely","2026-08-11T07:00:00"
"CVE-2026-65681","5120233","12436","Windows Server 2025","10.0.26100.33296","7.5","Publicly Disclosed:No;Exploited:No;Latest Software Release:Exploitation Less Likely","2026-08-11T07:00:00"
"CVE-2026-65681","5120228","12437","Windows Server 2025 (Server Core installation)","10.0.26100.33222","7.5","Publicly Disclosed:No;Exploited:No;Latest Software Release:Exploitation Less Likely","2026-08-11T07:00:00"
"CVE-2026-65681","5120228","12436","Windows Server 2025","10.0.26100.33222","7.5","Publicly Disclosed:No;Exploited:No;Latest Software Release:Exploitation Less Likely","2026-08-11T07:00:00"
"CVE-2026-65681","5120418","10816","Windows Server 2016","10.0.14393.9418","7.5","Publicly Disclosed:No;Exploited:No;Latest Software Release:Exploitation Less Likely","2026-08-11T07:00:00"
"CVE-2026-65681","5120418","10855","Windows Server 2016 (Server Core installation)","10.0.14393.9418","7.5","Publicly Disclosed:No;Exploited:No;Latest Software Release:Exploitation Less Likely","2026-08-11T07:00:00"
"CVE-2026-65679","5120238","11571","Windows Server 2019","10.0.17763.9115","8.1","Publicly Disclosed:No;Exploited:No;Latest Software Release:Exploitation Less Likely","2026-08-11T07:00:00"
"CVE-2026-65679","5120238","11572","Windows Server 2019 (Server Core installation)","10.0.17763.9115","8.1","Publicly Disclosed:No;Exploited:No;Latest Software Release:Exploitation Less Likely","2026-08-11T07:00:00"
"CVE-2026-65679","5120242","11923","Windows Server 2022","10.0.20348.5499","8.1","Publicly Disclosed:No;Exploited:No;Latest Software Release:Exploitation Less Likely","2026-08-11T07:00:00"
"CVE-2026-65679","5120242","11924","Windows Server 2022 (Server Core installation)","10.0.20348.5499","8.1","Publicly Disclosed:No;Exploited:No;Latest Software Release:Exploitation Less Likely","2026-08-11T07:00:00"
"CVE-2026-65679","5120229","11923","Windows Server 2022","10.0.20348.5440","8.1","Publicly Disclosed:No;Exploited:No;Latest Software Release:Exploitation Less Likely","2026-08-11T07:00:00"
"CVE-2026-65679","5120229","11924","Windows Server 2022 (Server Core installation)","10.0.20348.5440","8.1","Publicly Disclosed:No;Exploited:No;Latest Software Release:Exploitation Less Likely","2026-08-11T07:00:00"
"CVE-2026-65679","5120233","12437","Windows Server 2025 (Server Core installation)","10.0.26100.33296","8.1","Publicly Disclosed:No;Exploited:No;Latest Software Release:Exploitation Less Likely","2026-08-11T07:00:00"
"CVE-2026-65679","5120233","12436","Windows Server 2025","10.0.26100.33296","8.1","Publicly Disclosed:No;Exploited:No;Latest Software Release:Exploitation Less Likely","2026-08-11T07:00:00"
"CVE-2026-65679","5120228","12437","Windows Server 2025 (Server Core installation)","10.0.26100.33222","8.1","Publicly Disclosed:No;Exploited:No;Latest Software Release:Exploitation Less Likely","2026-08-11T07:00:00"
"CVE-2026-65679","5120228","12436","Windows Server 2025","10.0.26100.33222","8.1","Publicly Disclosed:No;Exploited:No;Latest Software Release:Exploitation Less Likely","2026-08-11T07:00:00"
"CVE-2026-65679","5120418","10816","Windows Server 2016","10.0.14393.9418","8.1","Publicly Disclosed:No;Exploited:No;Latest Software Release:Exploitation Less Likely","2026-08-11T07:00:00"
"CVE-2026-65679","5120418","10855","Windows Server 2016 (Server Core installation)","10.0.14393.9418","8.1","Publicly Disclosed:No;Exploited:No;Latest Software Release:Exploitation Less Likely","2026-08-11T07:00:00"
"CVE-2026-65773","5120238","11571","Windows Server 2019","10.0.17763.9115","7.8","Publicly Disclosed:No;Exploited:No;Latest Software Release:Exploitation Less Likely","2026-08-11T07:00:00"
"CVE-2026-65773","5120238","11572","Windows Server 2019 (Server Core installation)","10.0.17763.9115","7.8","Publicly Disclosed:No;Exploited:No;Latest Software Release:Exploitation Less Likely","2026-08-11T07:00:00"
"CVE-2026-65773","5120242","11923","Windows Server 2022","10.0.20348.5499","7.8","Publicly Disclosed:No;Exploited:No;Latest Software Release:Exploitation Less Likely","2026-08-11T07:00:00"
"CVE-2026-65773","5120242","11924","Windows Server 2022 (Server Core installation)","10.0.20348.5499","7.8","Publicly Disclosed:No;Exploited:No;Latest Software Release:Exploitation Less Likely","2026-08-11T07:00:00"
"CVE-2026-65773","5120229","11923","Windows Server 2022","10.0.20348.5440","7.8","Publicly Disclosed:No;Exploited:No;Latest Software Release:Exploitation Less Likely","2026-08-11T07:00:00"
"CVE-2026-65773","5120229","11924","Windows Server 2022 (Server Core installation)","10.0.20348.5440","7.8","Publicly Disclosed:No;Exploited:No;Latest Software Release:Exploitation Less Likely","2026-08-11T07:00:00"
"CVE-2026-65773","5120249","11929","Windows 10 Version 21H2 for 32-bit Systems","10.0.19044.7663","7.8","Publicly Disclosed:No;Exploited:No;Latest Software Release:Exploitation Less Likely","2026-08-11T07:00:00"
"CVE-2026-65773","5120249","11930","Windows 10 Version 21H2 for ARM64-based Systems","10.0.19044.7663","7.8","Publicly Disclosed:No;Exploited:No;Latest Software Release:Exploitation Less Likely","2026-08-11T07:00:00"
"CVE-2026-65773","5120249","11931","Windows 10 Version 21H2 for x64-based Systems","10.0.19044.7663","7.8","Publicly Disclosed:No;Exploited:No;Latest Software Release:Exploitation Less Likely","2026-08-11T07:00:00"
"CVE-2026-65773","5120249","12097","Windows 10 Version 22H2 for x64-based Systems","10.0.19045.7663","7.8","Publicly Disclosed:No;Exploited:No;Latest Software Release:Exploitation Less Likely","2026-08-11T07:00:00"
"CVE-2026-65773","5120249","12098","Windows 10 Version 22H2 for ARM64-based Systems","10.0.19045.7663","7.8","Publicly Disclosed:No;Exploited:No;Latest Software Release:Exploitation Less Likely","2026-08-11T07:00:00"
"CVE-2026-65773","5120249","12099","Windows 10 Version 22H2 for 32-bit Systems","10.0.19045.7663","7.8","Publicly Disclosed:No;Exploited:No;Latest Software Release:Exploitation Less Likely","2026-08-11T07:00:00"
"CVE-2026-65773","5120233","12437","Windows Server 2025 (Server Core installation)","10.0.26100.33296","7.8","Publicly Disclosed:No;Exploited:No;Latest Software Release:Exploitation Less Likely","2026-08-11T07:00:00"
"CVE-2026-65773","5120233","12436","Windows Server 2025","10.0.26100.33296","7.8","Publicly Disclosed:No;Exploited:No;Latest Software Release:Exploitation Less Likely","2026-08-11T07:00:00"
"CVE-2026-65773","5120228","12437","Windows Server 2025 (Server Core installation)","10.0.26100.33222","7.8","Publicly Disclosed:No;Exploited:No;Latest Software Release:Exploitation Less Likely","2026-08-11T07:00:00"
"CVE-2026-65773","5120228","12436","Windows Server 2025","10.0.26100.33222","7.8","Publicly Disclosed:No;Exploited:No;Latest Software Release:Exploitation Less Likely","2026-08-11T07:00:00"
"CVE-2026-65773","5120240","12242","Windows 11 Version 23H2 for ARM64-based Systems","10.0.22631.7517","7.8","Publicly Disclosed:No;Exploited:No;Latest Software Release:Exploitation Less Likely","2026-08-11T07:00:00"
"CVE-2026-65773","5120240","12243","Windows 11 Version 23H2 for x64-based Systems","10.0.22631.7517","7.8","Publicly Disclosed:No;Exploited:No;Latest Software Release:Exploitation Less Likely","2026-08-11T07:00:00"
"CVE-2026-65774","5120238","11571","Windows Server 2019","10.0.17763.9115","7.8","Publicly Disclosed:No;Exploited:No;Latest Software Release:Exploitation Less Likely","2026-08-11T07:00:00"
"CVE-2026-65774","5120238","11572","Windows Server 2019 (Server Core installation)","10.0.17763.9115","7.8","Publicly Disclosed:No;Exploited:No;Latest Software Release:Exploitation Less Likely","2026-08-11T07:00:00"
"CVE-2026-65774","5120242","11923","Windows Server 2022","10.0.20348.5499","7.8","Publicly Disclosed:No;Exploited:No;Latest Software Release:Exploitation Less Likely","2026-08-11T07:00:00"
"CVE-2026-65774","5120242","11924","Windows Server 2022 (Server Core installation)","10.0.20348.5499","7.8","Publicly Disclosed:No;Exploited:No;Latest Software Release:Exploitation Less Likely","2026-08-11T07:00:00"
"CVE-2026-65774","5120229","11923","Windows Server 2022","10.0.20348.5440","7.8","Publicly Disclosed:No;Exploited:No;Latest Software Release:Exploitation Less Likely","2026-08-11T07:00:00"
"CVE-2026-65774","5120229","11924","Windows Server 2022 (Server Core installation)","10.0.20348.5440","7.8","Publicly Disclosed:No;Exploited:No;Latest Software Release:Exploitation Less Likely","2026-08-11T07:00:00"
"CVE-2026-65774","5120249","11929","Windows 10 Version 21H2 for 32-bit Systems","10.0.19044.7663","7.8","Publicly Disclosed:No;Exploited:No;Latest Software Release:Exploitation Less Likely","2026-08-11T07:00:00"
"CVE-2026-65774","5120249","11930","Windows 10 Version 21H2 for ARM64-based Systems","10.0.19044.7663","7.8","Publicly Disclosed:No;Exploited:No;Latest Software Release:Exploitation Less Likely","2026-08-11T07:00:00"
"CVE-2026-65774","5120249","11931","Windows 10 Version 21H2 for x64-based Systems","10.0.19044.7663","7.8","Publicly Disclosed:No;Exploited:No;Latest Software Release:Exploitation Less Likely","2026-08-11T07:00:00"
"CVE-2026-65774","5120249","12097","Windows 10 Version 22H2 for x64-based Systems","10.0.19045.7663","7.8","Publicly Disclosed:No;Exploited:No;Latest Software Release:Exploitation Less Likely","2026-08-11T07:00:00"
"CVE-2026-65774","5120249","12098","Windows 10 Version 22H2 for ARM64-based Systems","10.0.19045.7663","7.8","Publicly Disclosed:No;Exploited:No;Latest Software Release:Exploitation Less Likely","2026-08-11T07:00:00"
"CVE-2026-65774","5120249","12099","Windows 10 Version 22H2 for 32-bit Systems","10.0.19045.7663","7.8","Publicly Disclosed:No;Exploited:No;Latest Software Release:Exploitation Less Likely","2026-08-11T07:00:00"
"CVE-2026-65774","5120233","12437","Windows Server 2025 (Server Core installation)","10.0.26100.33296","7.8","Publicly Disclosed:No;Exploited:No;Latest Software Release:Exploitation Less Likely","2026-08-11T07:00:00"
"CVE-2026-65774","5120233","12436","Windows Server 2025","10.0.26100.33296","7.8","Publicly Disclosed:No;Exploited:No;Latest Software Release:Exploitation Less Likely","2026-08-11T07:00:00"
"CVE-2026-65774","5120228","12437","Windows Server 2025 (Server Core installation)","10.0.26100.33222","7.8","Publicly Disclosed:No;Exploited:No;Latest Software Release:Exploitation Less Likely","2026-08-11T07:00:00"
"CVE-2026-65774","5120228","12436","Windows Server 2025","10.0.26100.33222","7.8","Publicly Disclosed:No;Exploited:No;Latest Software Release:Exploitation Less Likely","2026-08-11T07:00:00"
"CVE-2026-65774","5120240","12242","Windows 11 Version 23H2 for ARM64-based Systems","10.0.22631.7517","7.8","Publicly Disclosed:No;Exploited:No;Latest Software Release:Exploitation Less Likely","2026-08-11T07:00:00"
"CVE-2026-65774","5120240","12243","Windows 11 Version 23H2 for x64-based Systems","10.0.22631.7517","7.8","Publicly Disclosed:No;Exploited:No;Latest Software Release:Exploitation Less Likely","2026-08-11T07:00:00"
"CVE-2026-65774","5120418","10816","Windows Server 2016","10.0.14393.9418","7.8","Publicly Disclosed:No;Exploited:No;Latest Software Release:Exploitation Less Likely","2026-08-11T07:00:00"
"CVE-2026-65774","5120418","10855","Windows Server 2016 (Server Core installation)","10.0.14393.9418","7.8","Publicly Disclosed:No;Exploited:No;Latest Software Release:Exploitation Less Likely","2026-08-11T07:00:00"
"CVE-2026-65775","5120238","11571","Windows Server 2019","10.0.17763.9115","7.8","Publicly Disclosed:No;Exploited:No;Latest Software Release:Exploitation More Likely","2026-08-11T07:00:00"
"CVE-2026-65775","5120238","11572","Windows Server 2019 (Server Core installation)","10.0.17763.9115","7.8","Publicly Disclosed:No;Exploited:No;Latest Software Release:Exploitation More Likely","2026-08-11T07:00:00"
"CVE-2026-65775","5120242","11923","Windows Server 2022","10.0.20348.5499","7.8","Publicly Disclosed:No;Exploited:No;Latest Software Release:Exploitation More Likely","2026-08-11T07:00:00"
"CVE-2026-65775","5120242","11924","Windows Server 2022 (Server Core installation)","10.0.20348.5499","7.8","Publicly Disclosed:No;Exploited:No;Latest Software Release:Exploitation More Likely","2026-08-11T07:00:00"
"CVE-2026-65775","5120229","11923","Windows Server 2022","10.0.20348.5440","7.8","Publicly Disclosed:No;Exploited:No;Latest Software Release:Exploitation More Likely","2026-08-11T07:00:00"
"CVE-2026-65775","5120229","11924","Windows Server 2022 (Server Core installation)","10.0.20348.5440","7.8","Publicly Disclosed:No;Exploited:No;Latest Software Release:Exploitation More Likely","2026-08-11T07:00:00"
"CVE-2026-65775","5120249","11929","Windows 10 Version 21H2 for 32-bit Systems","10.0.19044.7663","7.8","Publicly Disclosed:No;Exploited:No;Latest Software Release:Exploitation More Likely","2026-08-11T07:00:00"
"CVE-2026-65775","5120249","11930","Windows 10 Version 21H2 for ARM64-based Systems","10.0.19044.7663","7.8","Publicly Disclosed:No;Exploited:No;Latest Software Release:Exploitation More Likely","2026-08-11T07:00:00"
"CVE-2026-65775","5120249","11931","Windows 10 Version 21H2 for x64-based Systems","10.0.19044.7663","7.8","Publicly Disclosed:No;Exploited:No;Latest Software Release:Exploitation More Likely","2026-08-11T07:00:00"
"CVE-2026-65775","5120249","12097","Windows 10 Version 22H2 for x64-based Systems","10.0.19045.7663","7.8","Publicly Disclosed:No;Exploited:No;Latest Software Release:Exploitation More Likely","2026-08-11T07:00:00"
"CVE-2026-65775","5120249","12098","Windows 10 Version 22H2 for ARM64-based Systems","10.0.19045.7663","7.8","Publicly Disclosed:No;Exploited:No;Latest Software Release:Exploitation More Likely","2026-08-11T07:00:00"
"CVE-2026-65775","5120249","12099","Windows 10 Version 22H2 for 32-bit Systems","10.0.19045.7663","7.8","Publicly Disclosed:No;Exploited:No;Latest Software Release:Exploitation More Likely","2026-08-11T07:00:00"
"CVE-2026-65775","5120233","12437","Windows Server 2025 (Server Core installation)","10.0.26100.33296","7.8","Publicly Disclosed:No;Exploited:No;Latest Software Release:Exploitation More Likely","2026-08-11T07:00:00"
"CVE-2026-65775","5120233","12436","Windows Server 2025","10.0.26100.33296","7.8","Publicly Disclosed:No;Exploited:No;Latest Software Release:Exploitation More Likely","2026-08-11T07:00:00"
"CVE-2026-65775","5120228","12437","Windows Server 2025 (Server Core installation)","10.0.26100.33222","7.8","Publicly Disclosed:No;Exploited:No;Latest Software Release:Exploitation More Likely","2026-08-11T07:00:00"
"CVE-2026-65775","5120228","12436","Windows Server 2025","10.0.26100.33222","7.8","Publicly Disclosed:No;Exploited:No;Latest Software Release:Exploitation More Likely","2026-08-11T07:00:00"
"CVE-2026-65775","5120240","12242","Windows 11 Version 23H2 for ARM64-based Systems","10.0.22631.7517","7.8","Publicly Disclosed:No;Exploited:No;Latest Software Release:Exploitation More Likely","2026-08-11T07:00:00"
"CVE-2026-65775","5120240","12243","Windows 11 Version 23H2 for x64-based Systems","10.0.22631.7517","7.8","Publicly Disclosed:No;Exploited:No;Latest Software Release:Exploitation More Likely","2026-08-11T07:00:00"
"CVE-2026-65775","5120418","10816","Windows Server 2016","10.0.14393.9418","7.8","Publicly Disclosed:No;Exploited:No;Latest Software Release:Exploitation More Likely","2026-08-11T07:00:00"
"CVE-2026-65775","5120418","10855","Windows Server 2016 (Server Core installation)","10.0.14393.9418","7.8","Publicly Disclosed:No;Exploited:No;Latest Software Release:Exploitation More Likely","2026-08-11T07:00:00"
"CVE-2026-65776","5120233","12437","Windows Server 2025 (Server Core installation)","10.0.26100.33296","7.0","Publicly Disclosed:No;Exploited:No;Latest Software Release:Exploitation Less Likely","2026-08-11T07:00:00"
"CVE-2026-65776","5120233","12436","Windows Server 2025","10.0.26100.33296","7.0","Publicly Disclosed:No;Exploited:No;Latest Software Release:Exploitation Less Likely","2026-08-11T07:00:00"
"CVE-2026-65776","5120228","12437","Windows Server 2025 (Server Core installation)","10.0.26100.33222","7.0","Publicly Disclosed:No;Exploited:No;Latest Software Release:Exploitation Less Likely","2026-08-11T07:00:00"
"CVE-2026-65776","5120228","12436","Windows Server 2025","10.0.26100.33222","7.0","Publicly Disclosed:No;Exploited:No;Latest Software Release:Exploitation Less Likely","2026-08-11T07:00:00"
"CVE-2026-65777","5120242","11923","Windows Server 2022","10.0.20348.5499","5.3","Publicly Disclosed:No;Exploited:No;Latest Software Release:Exploitation Unlikely","2026-08-11T07:00:00"
"CVE-2026-65777","5120242","11924","Windows Server 2022 (Server Core installation)","10.0.20348.5499","5.3","Publicly Disclosed:No;Exploited:No;Latest Software Release:Exploitation Unlikely","2026-08-11T07:00:00"
"CVE-2026-65777","5120229","11923","Windows Server 2022","10.0.20348.5440","5.3","Publicly Disclosed:No;Exploited:No;Latest Software Release:Exploitation Unlikely","2026-08-11T07:00:00"
"CVE-2026-65777","5120229","11924","Windows Server 2022 (Server Core installation)","10.0.20348.5440","5.3","Publicly Disclosed:No;Exploited:No;Latest Software Release:Exploitation Unlikely","2026-08-11T07:00:00"
"CVE-2026-65777","5120233","12437","Windows Server 2025 (Server Core installation)","10.0.26100.33296","5.3","Publicly Disclosed:No;Exploited:No;Latest Software Release:Exploitation Unlikely","2026-08-11T07:00:00"
"CVE-2026-65777","5120233","12436","Windows Server 2025","10.0.26100.33296","5.3","Publicly Disclosed:No;Exploited:No;Latest Software Release:Exploitation Unlikely","2026-08-11T07:00:00"
"CVE-2026-65777","5120228","12437","Windows Server 2025 (Server Core installation)","10.0.26100.33222","5.3","Publicly Disclosed:No;Exploited:No;Latest Software Release:Exploitation Unlikely","2026-08-11T07:00:00"
"CVE-2026-65777","5120228","12436","Windows Server 2025","10.0.26100.33222","5.3","Publicly Disclosed:No;Exploited:No;Latest Software Release:Exploitation Unlikely","2026-08-11T07:00:00"
"CVE-2026-65777","5120240","12242","Windows 11 Version 23H2 for ARM64-based Systems","10.0.22631.7517","5.3","Publicly Disclosed:No;Exploited:No;Latest Software Release:Exploitation Unlikely","2026-08-11T07:00:00"
"CVE-2026-65777","5120240","12243","Windows 11 Version 23H2 for x64-based Systems","10.0.22631.7517","5.3","Publicly Disclosed:No;Exploited:No;Latest Software Release:Exploitation Unlikely","2026-08-11T07:00:00"
"CVE-2026-65790","5120238","11571","Windows Server 2019","10.0.17763.9115","7.8","Publicly Disclosed:No;Exploited:No;Latest Software Release:Exploitation Unlikely","2026-08-11T07:00:00"
"CVE-2026-65790","5120238","11572","Windows Server 2019 (Server Core installation)","10.0.17763.9115","7.8","Publicly Disclosed:No;Exploited:No;Latest Software Release:Exploitation Unlikely","2026-08-11T07:00:00"
"CVE-2026-65790","5120242","11923","Windows Server 2022","10.0.20348.5499","7.8","Publicly Disclosed:No;Exploited:No;Latest Software Release:Exploitation Unlikely","2026-08-11T07:00:00"
"CVE-2026-65790","5120242","11924","Windows Server 2022 (Server Core installation)","10.0.20348.5499","7.8","Publicly Disclosed:No;Exploited:No;Latest Software Release:Exploitation Unlikely","2026-08-11T07:00:00"
"CVE-2026-65790","5120229","11923","Windows Server 2022","10.0.20348.5440","7.8","Publicly Disclosed:No;Exploited:No;Latest Software Release:Exploitation Unlikely","2026-08-11T07:00:00"
"CVE-2026-65790","5120229","11924","Windows Server 2022 (Server Core installation)","10.0.20348.5440","7.8","Publicly Disclosed:No;Exploited:No;Latest Software Release:Exploitation Unlikely","2026-08-11T07:00:00"
"CVE-2026-65790","5120249","11929","Windows 10 Version 21H2 for 32-bit Systems","10.0.19044.7663","7.8","Publicly Disclosed:No;Exploited:No;Latest Software Release:Exploitation Unlikely","2026-08-11T07:00:00"
"CVE-2026-65790","5120249","11930","Windows 10 Version 21H2 for ARM64-based Systems","10.0.19044.7663","7.8","Publicly Disclosed:No;Exploited:No;Latest Software Release:Exploitation Unlikely","2026-08-11T07:00:00"
"CVE-2026-65790","5120249","11931","Windows 10 Version 21H2 for x64-based Systems","10.0.19044.7663","7.8","Publicly Disclosed:No;Exploited:No;Latest Software Release:Exploitation Unlikely","2026-08-11T07:00:00"
"CVE-2026-65790","5120249","12097","Windows 10 Version 22H2 for x64-based Systems","10.0.19045.7663","7.8","Publicly Disclosed:No;Exploited:No;Latest Software Release:Exploitation Unlikely","2026-08-11T07:00:00"
"CVE-2026-65790","5120249","12098","Windows 10 Version 22H2 for ARM64-based Systems","10.0.19045.7663","7.8","Publicly Disclosed:No;Exploited:No;Latest Software Release:Exploitation Unlikely","2026-08-11T07:00:00"
"CVE-2026-65790","5120249","12099","Windows 10 Version 22H2 for 32-bit Systems","10.0.19045.7663","7.8","Publicly Disclosed:No;Exploited:No;Latest Software Release:Exploitation Unlikely","2026-08-11T07:00:00"
"CVE-2026-65790","5120233","12437","Windows Server 2025 (Server Core installation)","10.0.26100.33296","7.8","Publicly Disclosed:No;Exploited:No;Latest Software Release:Exploitation Unlikely","2026-08-11T07:00:00"
"CVE-2026-65790","5120233","12436","Windows Server 2025","10.0.26100.33296","7.8","Publicly Disclosed:No;Exploited:No;Latest Software Release:Exploitation Unlikely","2026-08-11T07:00:00"
"CVE-2026-65790","5120228","12437","Windows Server 2025 (Server Core installation)","10.0.26100.33222","7.8","Publicly Disclosed:No;Exploited:No;Latest Software Release:Exploitation Unlikely","2026-08-11T07:00:00"
"CVE-2026-65790","5120228","12436","Windows Server 2025","10.0.26100.33222","7.8","Publicly Disclosed:No;Exploited:No;Latest Software Release:Exploitation Unlikely","2026-08-11T07:00:00"
"CVE-2026-65790","5120240","12242","Windows 11 Version 23H2 for ARM64-based Systems","10.0.22631.7517","7.8","Publicly Disclosed:No;Exploited:No;Latest Software Release:Exploitation Unlikely","2026-08-11T07:00:00"
"CVE-2026-65790","5120240","12243","Windows 11 Version 23H2 for x64-based Systems","10.0.22631.7517","7.8","Publicly Disclosed:No;Exploited:No;Latest Software Release:Exploitation Unlikely","2026-08-11T07:00:00"
"CVE-2026-65790","5120418","10816","Windows Server 2016","10.0.14393.9418","7.8","Publicly Disclosed:No;Exploited:No;Latest Software Release:Exploitation Unlikely","2026-08-11T07:00:00"
"CVE-2026-65790","5120418","10855","Windows Server 2016 (Server Core installation)","10.0.14393.9418","7.8","Publicly Disclosed:No;Exploited:No;Latest Software Release:Exploitation Unlikely","2026-08-11T07:00:00"
"CVE-2026-65791","5120238","11571","Windows Server 2019","10.0.17763.9115","9.8","Publicly Disclosed:No;Exploited:No;Latest Software Release:Exploitation Unlikely","2026-08-11T07:00:00"
"CVE-2026-65791","5120238","11572","Windows Server 2019 (Server Core installation)","10.0.17763.9115","9.8","Publicly Disclosed:No;Exploited:No;Latest Software Release:Exploitation Unlikely","2026-08-11T07:00:00"
"CVE-2026-65791","5120242","11923","Windows Server 2022","10.0.20348.5499","9.8","Publicly Disclosed:No;Exploited:No;Latest Software Release:Exploitation Unlikely","2026-08-11T07:00:00"
"CVE-2026-65791","5120242","11924","Windows Server 2022 (Server Core installation)","10.0.20348.5499","9.8","Publicly Disclosed:No;Exploited:No;Latest Software Release:Exploitation Unlikely","2026-08-11T07:00:00"
"CVE-2026-65791","5120229","11923","Windows Server 2022","10.0.20348.5440","9.8","Publicly Disclosed:No;Exploited:No;Latest Software Release:Exploitation Unlikely","2026-08-11T07:00:00"
"CVE-2026-65791","5120229","11924","Windows Server 2022 (Server Core installation)","10.0.20348.5440","9.8","Publicly Disclosed:No;Exploited:No;Latest Software Release:Exploitation Unlikely","2026-08-11T07:00:00"
"CVE-2026-65791","5120233","12437","Windows Server 2025 (Server Core installation)","10.0.26100.33296","9.8","Publicly Disclosed:No;Exploited:No;Latest Software Release:Exploitation Unlikely","2026-08-11T07:00:00"
"CVE-2026-65791","5120233","12436","Windows Server 2025","10.0.26100.33296","9.8","Publicly Disclosed:No;Exploited:No;Latest Software Release:Exploitation Unlikely","2026-08-11T07:00:00"
"CVE-2026-65791","5120228","12437","Windows Server 2025 (Server Core installation)","10.0.26100.33222","9.8","Publicly Disclosed:No;Exploited:No;Latest Software Release:Exploitation Unlikely","2026-08-11T07:00:00"
"CVE-2026-65791","5120228","12436","Windows Server 2025","10.0.26100.33222","9.8","Publicly Disclosed:No;Exploited:No;Latest Software Release:Exploitation Unlikely","2026-08-11T07:00:00"
"CVE-2026-65791","5120418","10816","Windows Server 2016","10.0.14393.9418","9.8","Publicly Disclosed:No;Exploited:No;Latest Software Release:Exploitation Unlikely","2026-08-11T07:00:00"
"CVE-2026-65791","5120418","10855","Windows Server 2016 (Server Core installation)","10.0.14393.9418","9.8","Publicly Disclosed:No;Exploited:No;Latest Software Release:Exploitation Unlikely","2026-08-11T07:00:00"
"CVE-2026-65795","5120238","11571","Windows Server 2019","10.0.17763.9115","6.7","Publicly Disclosed:No;Exploited:No;Latest Software Release:Exploitation Unlikely","2026-08-11T07:00:00"
"CVE-2026-65795","5120238","11572","Windows Server 2019 (Server Core installation)","10.0.17763.9115","6.7","Publicly Disclosed:No;Exploited:No;Latest Software Release:Exploitation Unlikely","2026-08-11T07:00:00"
"CVE-2026-65795","5120242","11923","Windows Server 2022","10.0.20348.5499","6.7","Publicly Disclosed:No;Exploited:No;Latest Software Release:Exploitation Unlikely","2026-08-11T07:00:00"
"CVE-2026-65795","5120242","11924","Windows Server 2022 (Server Core installation)","10.0.20348.5499","6.7","Publicly Disclosed:No;Exploited:No;Latest Software Release:Exploitation Unlikely","2026-08-11T07:00:00"
"CVE-2026-65795","5120229","11923","Windows Server 2022","10.0.20348.5440","6.7","Publicly Disclosed:No;Exploited:No;Latest Software Release:Exploitation Unlikely","2026-08-11T07:00:00"
"CVE-2026-65795","5120229","11924","Windows Server 2022 (Server Core installation)","10.0.20348.5440","6.7","Publicly Disclosed:No;Exploited:No;Latest Software Release:Exploitation Unlikely","2026-08-11T07:00:00"
"CVE-2026-65795","5120249","11929","Windows 10 Version 21H2 for 32-bit Systems","10.0.19044.7663","6.7","Publicly Disclosed:No;Exploited:No;Latest Software Release:Exploitation Unlikely","2026-08-11T07:00:00"
"CVE-2026-65795","5120249","11930","Windows 10 Version 21H2 for ARM64-based Systems","10.0.19044.7663","6.7","Publicly Disclosed:No;Exploited:No;Latest Software Release:Exploitation Unlikely","2026-08-11T07:00:00"
"CVE-2026-65795","5120249","11931","Windows 10 Version 21H2 for x64-based Systems","10.0.19044.7663","6.7","Publicly Disclosed:No;Exploited:No;Latest Software Release:Exploitation Unlikely","2026-08-11T07:00:00"
"CVE-2026-65795","5120249","12097","Windows 10 Version 22H2 for x64-based Systems","10.0.19045.7663","6.7","Publicly Disclosed:No;Exploited:No;Latest Software Release:Exploitation Unlikely","2026-08-11T07:00:00"
"CVE-2026-65795","5120249","12098","Windows 10 Version 22H2 for ARM64-based Systems","10.0.19045.7663","6.7","Publicly Disclosed:No;Exploited:No;Latest Software Release:Exploitation Unlikely","2026-08-11T07:00:00"
"CVE-2026-65795","5120249","12099","Windows 10 Version 22H2 for 32-bit Systems","10.0.19045.7663","6.7","Publicly Disclosed:No;Exploited:No;Latest Software Release:Exploitation Unlikely","2026-08-11T07:00:00"
"CVE-2026-65795","5120233","12437","Windows Server 2025 (Server Core installation)","10.0.26100.33296","6.7","Publicly Disclosed:No;Exploited:No;Latest Software Release:Exploitation Unlikely","2026-08-11T07:00:00"
"CVE-2026-65795","5120233","12436","Windows Server 2025","10.0.26100.33296","6.7","Publicly Disclosed:No;Exploited:No;Latest Software Release:Exploitation Unlikely","2026-08-11T07:00:00"
"CVE-2026-65795","5120228","12437","Windows Server 2025 (Server Core installation)","10.0.26100.33222","6.7","Publicly Disclosed:No;Exploited:No;Latest Software Release:Exploitation Unlikely","2026-08-11T07:00:00"
"CVE-2026-65795","5120228","12436","Windows Server 2025","10.0.26100.33222","6.7","Publicly Disclosed:No;Exploited:No;Latest Software Release:Exploitation Unlikely","2026-08-11T07:00:00"
"CVE-2026-65795","5120240","12242","Windows 11 Version 23H2 for ARM64-based Systems","10.0.22631.7517","6.7","Publicly Disclosed:No;Exploited:No;Latest Software Release:Exploitation Unlikely","2026-08-11T07:00:00"
"CVE-2026-65795","5120240","12243","Windows 11 Version 23H2 for x64-based Systems","10.0.22631.7517","6.7","Publicly Disclosed:No;Exploited:No;Latest Software Release:Exploitation Unlikely","2026-08-11T07:00:00"
"CVE-2026-65795","5120418","10816","Windows Server 2016","10.0.14393.9418","6.7","Publicly Disclosed:No;Exploited:No;Latest Software Release:Exploitation Unlikely","2026-08-11T07:00:00"
"CVE-2026-65795","5120418","10855","Windows Server 2016 (Server Core installation)","10.0.14393.9418","6.7","Publicly Disclosed:No;Exploited:No;Latest Software Release:Exploitation Unlikely","2026-08-11T07:00:00"
"CVE-2026-65794","5120238","11571","Windows Server 2019","10.0.17763.9115","6.5","Publicly Disclosed:No;Exploited:No;Latest Software Release:Exploitation Unlikely","2026-08-11T07:00:00"
"CVE-2026-65794","5120238","11572","Windows Server 2019 (Server Core installation)","10.0.17763.9115","6.5","Publicly Disclosed:No;Exploited:No;Latest Software Release:Exploitation Unlikely","2026-08-11T07:00:00"
"CVE-2026-65794","5120242","11923","Windows Server 2022","10.0.20348.5499","6.5","Publicly Disclosed:No;Exploited:No;Latest Software Release:Exploitation Unlikely","2026-08-11T07:00:00"
"CVE-2026-65794","5120242","11924","Windows Server 2022 (Server Core installation)","10.0.20348.5499","6.5","Publicly Disclosed:No;Exploited:No;Latest Software Release:Exploitation Unlikely","2026-08-11T07:00:00"
"CVE-2026-65794","5120229","11923","Windows Server 2022","10.0.20348.5440","6.5","Publicly Disclosed:No;Exploited:No;Latest Software Release:Exploitation Unlikely","2026-08-11T07:00:00"
"CVE-2026-65794","5120229","11924","Windows Server 2022 (Server Core installation)","10.0.20348.5440","6.5","Publicly Disclosed:No;Exploited:No;Latest Software Release:Exploitation Unlikely","2026-08-11T07:00:00"
"CVE-2026-65794","5120249","11929","Windows 10 Version 21H2 for 32-bit Systems","10.0.19044.7663","6.5","Publicly Disclosed:No;Exploited:No;Latest Software Release:Exploitation Unlikely","2026-08-11T07:00:00"
"CVE-2026-65794","5120249","11930","Windows 10 Version 21H2 for ARM64-based Systems","10.0.19044.7663","6.5","Publicly Disclosed:No;Exploited:No;Latest Software Release:Exploitation Unlikely","2026-08-11T07:00:00"
"CVE-2026-65794","5120249","11931","Windows 10 Version 21H2 for x64-based Systems","10.0.19044.7663","6.5","Publicly Disclosed:No;Exploited:No;Latest Software Release:Exploitation Unlikely","2026-08-11T07:00:00"
"CVE-2026-65794","5120249","12097","Windows 10 Version 22H2 for x64-based Systems","10.0.19045.7663","6.5","Publicly Disclosed:No;Exploited:No;Latest Software Release:Exploitation Unlikely","2026-08-11T07:00:00"
"CVE-2026-65794","5120249","12098","Windows 10 Version 22H2 for ARM64-based Systems","10.0.19045.7663","6.5","Publicly Disclosed:No;Exploited:No;Latest Software Release:Exploitation Unlikely","2026-08-11T07:00:00"
"CVE-2026-65794","5120249","12099","Windows 10 Version 22H2 for 32-bit Systems","10.0.19045.7663","6.5","Publicly Disclosed:No;Exploited:No;Latest Software Release:Exploitation Unlikely","2026-08-11T07:00:00"
"CVE-2026-65794","5120233","12437","Windows Server 2025 (Server Core installation)","10.0.26100.33296","6.5","Publicly Disclosed:No;Exploited:No;Latest Software Release:Exploitation Unlikely","2026-08-11T07:00:00"
"CVE-2026-65794","5120233","12436","Windows Server 2025","10.0.26100.33296","6.5","Publicly Disclosed:No;Exploited:No;Latest Software Release:Exploitation Unlikely","2026-08-11T07:00:00"
"CVE-2026-65794","5120228","12437","Windows Server 2025 (Server Core installation)","10.0.26100.33222","6.5","Publicly Disclosed:No;Exploited:No;Latest Software Release:Exploitation Unlikely","2026-08-11T07:00:00"
"CVE-2026-65794","5120228","12436","Windows Server 2025","10.0.26100.33222","6.5","Publicly Disclosed:No;Exploited:No;Latest Software Release:Exploitation Unlikely","2026-08-11T07:00:00"
"CVE-2026-65794","5120240","12242","Windows 11 Version 23H2 for ARM64-based Systems","10.0.22631.7517","6.5","Publicly Disclosed:No;Exploited:No;Latest Software Release:Exploitation Unlikely","2026-08-11T07:00:00"
"CVE-2026-65794","5120240","12243","Windows 11 Version 23H2 for x64-based Systems","10.0.22631.7517","6.5","Publicly Disclosed:No;Exploited:No;Latest Software Release:Exploitation Unlikely","2026-08-11T07:00:00"
"CVE-2026-65794","5120418","10816","Windows Server 2016","10.0.14393.9418","6.5","Publicly Disclosed:No;Exploited:No;Latest Software Release:Exploitation Unlikely","2026-08-11T07:00:00"
"CVE-2026-65794","5120418","10855","Windows Server 2016 (Server Core installation)","10.0.14393.9418","6.5","Publicly Disclosed:No;Exploited:No;Latest Software Release:Exploitation Unlikely","2026-08-11T07:00:00"
"CVE-2026-65797","5120238","11571","Windows Server 2019","10.0.17763.9115","6.7","Publicly Disclosed:No;Exploited:No;Latest Software Release:Exploitation Less Likely","2026-08-11T07:00:00"
"CVE-2026-65797","5120238","11572","Windows Server 2019 (Server Core installation)","10.0.17763.9115","6.7","Publicly Disclosed:No;Exploited:No;Latest Software Release:Exploitation Less Likely","2026-08-11T07:00:00"
"CVE-2026-65797","5120242","11923","Windows Server 2022","10.0.20348.5499","6.7","Publicly Disclosed:No;Exploited:No;Latest Software Release:Exploitation Less Likely","2026-08-11T07:00:00"
"CVE-2026-65797","5120242","11924","Windows Server 2022 (Server Core installation)","10.0.20348.5499","6.7","Publicly Disclosed:No;Exploited:No;Latest Software Release:Exploitation Less Likely","2026-08-11T07:00:00"
"CVE-2026-65797","5120229","11923","Windows Server 2022","10.0.20348.5440","6.7","Publicly Disclosed:No;Exploited:No;Latest Software Release:Exploitation Less Likely","2026-08-11T07:00:00"
"CVE-2026-65797","5120229","11924","Windows Server 2022 (Server Core installation)","10.0.20348.5440","6.7","Publicly Disclosed:No;Exploited:No;Latest Software Release:Exploitation Less Likely","2026-08-11T07:00:00"
"CVE-2026-65797","5120249","11929","Windows 10 Version 21H2 for 32-bit Systems","10.0.19044.7663","6.7","Publicly Disclosed:No;Exploited:No;Latest Software Release:Exploitation Less Likely","2026-08-11T07:00:00"
"CVE-2026-65797","5120249","11930","Windows 10 Version 21H2 for ARM64-based Systems","10.0.19044.7663","6.7","Publicly Disclosed:No;Exploited:No;Latest Software Release:Exploitation Less Likely","2026-08-11T07:00:00"
"CVE-2026-65797","5120249","11931","Windows 10 Version 21H2 for x64-based Systems","10.0.19044.7663","6.7","Publicly Disclosed:No;Exploited:No;Latest Software Release:Exploitation Less Likely","2026-08-11T07:00:00"
"CVE-2026-65797","5120249","12097","Windows 10 Version 22H2 for x64-based Systems","10.0.19045.7663","6.7","Publicly Disclosed:No;Exploited:No;Latest Software Release:Exploitation Less Likely","2026-08-11T07:00:00"
"CVE-2026-65797","5120249","12098","Windows 10 Version 22H2 for ARM64-based Systems","10.0.19045.7663","6.7","Publicly Disclosed:No;Exploited:No;Latest Software Release:Exploitation Less Likely","2026-08-11T07:00:00"
"CVE-2026-65797","5120249","12099","Windows 10 Version 22H2 for 32-bit Systems","10.0.19045.7663","6.7","Publicly Disclosed:No;Exploited:No;Latest Software Release:Exploitation Less Likely","2026-08-11T07:00:00"
"CVE-2026-65797","5120233","12437","Windows Server 2025 (Server Core installation)","10.0.26100.33296","6.7","Publicly Disclosed:No;Exploited:No;Latest Software Release:Exploitation Less Likely","2026-08-11T07:00:00"
"CVE-2026-65797","5120233","12436","Windows Server 2025","10.0.26100.33296","6.7","Publicly Disclosed:No;Exploited:No;Latest Software Release:Exploitation Less Likely","2026-08-11T07:00:00"
"CVE-2026-65797","5120228","12437","Windows Server 2025 (Server Core installation)","10.0.26100.33222","6.7","Publicly Disclosed:No;Exploited:No;Latest Software Release:Exploitation Less Likely","2026-08-11T07:00:00"
"CVE-2026-65797","5120228","12436","Windows Server 2025","10.0.26100.33222","6.7","Publicly Disclosed:No;Exploited:No;Latest Software Release:Exploitation Less Likely","2026-08-11T07:00:00"
"CVE-2026-65797","5120240","12242","Windows 11 Version 23H2 for ARM64-based Systems","10.0.22631.7517","6.7","Publicly Disclosed:No;Exploited:No;Latest Software Release:Exploitation Less Likely","2026-08-11T07:00:00"
"CVE-2026-65797","5120240","12243","Windows 11 Version 23H2 for x64-based Systems","10.0.22631.7517","6.7","Publicly Disclosed:No;Exploited:No;Latest Software Release:Exploitation Less Likely","2026-08-11T07:00:00"
"CVE-2026-65797","5120418","10816","Windows Server 2016","10.0.14393.9418","6.7","Publicly Disclosed:No;Exploited:No;Latest Software Release:Exploitation Less Likely","2026-08-11T07:00:00"
"CVE-2026-65797","5120418","10855","Windows Server 2016 (Server Core installation)","10.0.14393.9418","6.7","Publicly Disclosed:No;Exploited:No;Latest Software Release:Exploitation Less Likely","2026-08-11T07:00:00"
"CVE-2026-65799","5120238","11571","Windows Server 2019","10.0.17763.9115","6.7","Publicly Disclosed:No;Exploited:No;Latest Software Release:Exploitation Unlikely","2026-08-11T07:00:00"
"CVE-2026-65799","5120238","11572","Windows Server 2019 (Server Core installation)","10.0.17763.9115","6.7","Publicly Disclosed:No;Exploited:No;Latest Software Release:Exploitation Unlikely","2026-08-11T07:00:00"
"CVE-2026-65799","5120242","11923","Windows Server 2022","10.0.20348.5499","6.7","Publicly Disclosed:No;Exploited:No;Latest Software Release:Exploitation Unlikely","2026-08-11T07:00:00"
"CVE-2026-65799","5120242","11924","Windows Server 2022 (Server Core installation)","10.0.20348.5499","6.7","Publicly Disclosed:No;Exploited:No;Latest Software Release:Exploitation Unlikely","2026-08-11T07:00:00"
"CVE-2026-65799","5120229","11923","Windows Server 2022","10.0.20348.5440","6.7","Publicly Disclosed:No;Exploited:No;Latest Software Release:Exploitation Unlikely","2026-08-11T07:00:00"
"CVE-2026-65799","5120229","11924","Windows Server 2022 (Server Core installation)","10.0.20348.5440","6.7","Publicly Disclosed:No;Exploited:No;Latest Software Release:Exploitation Unlikely","2026-08-11T07:00:00"
"CVE-2026-65799","5120249","11929","Windows 10 Version 21H2 for 32-bit Systems","10.0.19044.7663","6.7","Publicly Disclosed:No;Exploited:No;Latest Software Release:Exploitation Unlikely","2026-08-11T07:00:00"
"CVE-2026-65799","5120249","11930","Windows 10 Version 21H2 for ARM64-based Systems","10.0.19044.7663","6.7","Publicly Disclosed:No;Exploited:No;Latest Software Release:Exploitation Unlikely","2026-08-11T07:00:00"
"CVE-2026-65799","5120249","11931","Windows 10 Version 21H2 for x64-based Systems","10.0.19044.7663","6.7","Publicly Disclosed:No;Exploited:No;Latest Software Release:Exploitation Unlikely","2026-08-11T07:00:00"
"CVE-2026-65799","5120249","12097","Windows 10 Version 22H2 for x64-based Systems","10.0.19045.7663","6.7","Publicly Disclosed:No;Exploited:No;Latest Software Release:Exploitation Unlikely","2026-08-11T07:00:00"
"CVE-2026-65799","5120249","12098","Windows 10 Version 22H2 for ARM64-based Systems","10.0.19045.7663","6.7","Publicly Disclosed:No;Exploited:No;Latest Software Release:Exploitation Unlikely","2026-08-11T07:00:00"
"CVE-2026-65799","5120249","12099","Windows 10 Version 22H2 for 32-bit Systems","10.0.19045.7663","6.7","Publicly Disclosed:No;Exploited:No;Latest Software Release:Exploitation Unlikely","2026-08-11T07:00:00"
"CVE-2026-65799","5120233","12437","Windows Server 2025 (Server Core installation)","10.0.26100.33296","6.7","Publicly Disclosed:No;Exploited:No;Latest Software Release:Exploitation Unlikely","2026-08-11T07:00:00"
"CVE-2026-65799","5120233","12436","Windows Server 2025","10.0.26100.33296","6.7","Publicly Disclosed:No;Exploited:No;Latest Software Release:Exploitation Unlikely","2026-08-11T07:00:00"
"CVE-2026-65799","5120228","12437","Windows Server 2025 (Server Core installation)","10.0.26100.33222","6.7","Publicly Disclosed:No;Exploited:No;Latest Software Release:Exploitation Unlikely","2026-08-11T07:00:00"
"CVE-2026-65799","5120228","12436","Windows Server 2025","10.0.26100.33222","6.7","Publicly Disclosed:No;Exploited:No;Latest Software Release:Exploitation Unlikely","2026-08-11T07:00:00"
"CVE-2026-65799","5120240","12242","Windows 11 Version 23H2 for ARM64-based Systems","10.0.22631.7517","6.7","Publicly Disclosed:No;Exploited:No;Latest Software Release:Exploitation Unlikely","2026-08-11T07:00:00"
"CVE-2026-65799","5120240","12243","Windows 11 Version 23H2 for x64-based Systems","10.0.22631.7517","6.7","Publicly Disclosed:No;Exploited:No;Latest Software Release:Exploitation Unlikely","2026-08-11T07:00:00"
"CVE-2026-65799","5120418","10816","Windows Server 2016","10.0.14393.9418","6.7","Publicly Disclosed:No;Exploited:No;Latest Software Release:Exploitation Unlikely","2026-08-11T07:00:00"
"CVE-2026-65799","5120418","10855","Windows Server 2016 (Server Core installation)","10.0.14393.9418","6.7","Publicly Disclosed:No;Exploited:No;Latest Software Release:Exploitation Unlikely","2026-08-11T07:00:00"
"CVE-2026-65798","5120238","11571","Windows Server 2019","10.0.17763.9115","6.7","Publicly Disclosed:No;Exploited:No;Latest Software Release:Exploitation Less Likely","2026-08-11T07:00:00"
"CVE-2026-65798","5120238","11572","Windows Server 2019 (Server Core installation)","10.0.17763.9115","6.7","Publicly Disclosed:No;Exploited:No;Latest Software Release:Exploitation Less Likely","2026-08-11T07:00:00"
"CVE-2026-65798","5120242","11923","Windows Server 2022","10.0.20348.5499","6.7","Publicly Disclosed:No;Exploited:No;Latest Software Release:Exploitation Less Likely","2026-08-11T07:00:00"
"CVE-2026-65798","5120242","11924","Windows Server 2022 (Server Core installation)","10.0.20348.5499","6.7","Publicly Disclosed:No;Exploited:No;Latest Software Release:Exploitation Less Likely","2026-08-11T07:00:00"
"CVE-2026-65798","5120229","11923","Windows Server 2022","10.0.20348.5440","6.7","Publicly Disclosed:No;Exploited:No;Latest Software Release:Exploitation Less Likely","2026-08-11T07:00:00"
"CVE-2026-65798","5120229","11924","Windows Server 2022 (Server Core installation)","10.0.20348.5440","6.7","Publicly Disclosed:No;Exploited:No;Latest Software Release:Exploitation Less Likely","2026-08-11T07:00:00"
"CVE-2026-65798","5120249","11929","Windows 10 Version 21H2 for 32-bit Systems","10.0.19044.7663","6.7","Publicly Disclosed:No;Exploited:No;Latest Software Release:Exploitation Less Likely","2026-08-11T07:00:00"
"CVE-2026-65798","5120249","11930","Windows 10 Version 21H2 for ARM64-based Systems","10.0.19044.7663","6.7","Publicly Disclosed:No;Exploited:No;Latest Software Release:Exploitation Less Likely","2026-08-11T07:00:00"
"CVE-2026-65798","5120249","11931","Windows 10 Version 21H2 for x64-based Systems","10.0.19044.7663","6.7","Publicly Disclosed:No;Exploited:No;Latest Software Release:Exploitation Less Likely","2026-08-11T07:00:00"
"CVE-2026-65798","5120249","12097","Windows 10 Version 22H2 for x64-based Systems","10.0.19045.7663","6.7","Publicly Disclosed:No;Exploited:No;Latest Software Release:Exploitation Less Likely","2026-08-11T07:00:00"
"CVE-2026-65798","5120249","12098","Windows 10 Version 22H2 for ARM64-based Systems","10.0.19045.7663","6.7","Publicly Disclosed:No;Exploited:No;Latest Software Release:Exploitation Less Likely","2026-08-11T07:00:00"
"CVE-2026-65798","5120249","12099","Windows 10 Version 22H2 for 32-bit Systems","10.0.19045.7663","6.7","Publicly Disclosed:No;Exploited:No;Latest Software Release:Exploitation Less Likely","2026-08-11T07:00:00"
"CVE-2026-65798","5120233","12437","Windows Server 2025 (Server Core installation)","10.0.26100.33296","6.7","Publicly Disclosed:No;Exploited:No;Latest Software Release:Exploitation Less Likely","2026-08-11T07:00:00"
"CVE-2026-65798","5120233","12436","Windows Server 2025","10.0.26100.33296","6.7","Publicly Disclosed:No;Exploited:No;Latest Software Release:Exploitation Less Likely","2026-08-11T07:00:00"
"CVE-2026-65798","5120228","12437","Windows Server 2025 (Server Core installation)","10.0.26100.33222","6.7","Publicly Disclosed:No;Exploited:No;Latest Software Release:Exploitation Less Likely","2026-08-11T07:00:00"
"CVE-2026-65798","5120228","12436","Windows Server 2025","10.0.26100.33222","6.7","Publicly Disclosed:No;Exploited:No;Latest Software Release:Exploitation Less Likely","2026-08-11T07:00:00"
"CVE-2026-65798","5120240","12242","Windows 11 Version 23H2 for ARM64-based Systems","10.0.22631.7517","6.7","Publicly Disclosed:No;Exploited:No;Latest Software Release:Exploitation Less Likely","2026-08-11T07:00:00"
"CVE-2026-65798","5120240","12243","Windows 11 Version 23H2 for x64-based Systems","10.0.22631.7517","6.7","Publicly Disclosed:No;Exploited:No;Latest Software Release:Exploitation Less Likely","2026-08-11T07:00:00"
"CVE-2026-65798","5120418","10816","Windows Server 2016","10.0.14393.9418","6.7","Publicly Disclosed:No;Exploited:No;Latest Software Release:Exploitation Less Likely","2026-08-11T07:00:00"
"CVE-2026-65798","5120418","10855","Windows Server 2016 (Server Core installation)","10.0.14393.9418","6.7","Publicly Disclosed:No;Exploited:No;Latest Software Release:Exploitation Less Likely","2026-08-11T07:00:00"
"CVE-2026-65796","5120238","11571","Windows Server 2019","10.0.17763.9115","8.1","Publicly Disclosed:No;Exploited:No;Latest Software Release:Exploitation Unlikely","2026-08-11T07:00:00"
"CVE-2026-65796","5120238","11572","Windows Server 2019 (Server Core installation)","10.0.17763.9115","8.1","Publicly Disclosed:No;Exploited:No;Latest Software Release:Exploitation Unlikely","2026-08-11T07:00:00"
"CVE-2026-65796","5120242","11923","Windows Server 2022","10.0.20348.5499","8.1","Publicly Disclosed:No;Exploited:No;Latest Software Release:Exploitation Unlikely","2026-08-11T07:00:00"
"CVE-2026-65796","5120242","11924","Windows Server 2022 (Server Core installation)","10.0.20348.5499","8.1","Publicly Disclosed:No;Exploited:No;Latest Software Release:Exploitation Unlikely","2026-08-11T07:00:00"
"CVE-2026-65796","5120229","11923","Windows Server 2022","10.0.20348.5440","8.1","Publicly Disclosed:No;Exploited:No;Latest Software Release:Exploitation Unlikely","2026-08-11T07:00:00"
"CVE-2026-65796","5120229","11924","Windows Server 2022 (Server Core installation)","10.0.20348.5440","8.1","Publicly Disclosed:No;Exploited:No;Latest Software Release:Exploitation Unlikely","2026-08-11T07:00:00"
"CVE-2026-65796","5120233","12437","Windows Server 2025 (Server Core installation)","10.0.26100.33296","8.1","Publicly Disclosed:No;Exploited:No;Latest Software Release:Exploitation Unlikely","2026-08-11T07:00:00"
"CVE-2026-65796","5120233","12436","Windows Server 2025","10.0.26100.33296","8.1","Publicly Disclosed:No;Exploited:No;Latest Software Release:Exploitation Unlikely","2026-08-11T07:00:00"
"CVE-2026-65796","5120228","12437","Windows Server 2025 (Server Core installation)","10.0.26100.33222","8.1","Publicly Disclosed:No;Exploited:No;Latest Software Release:Exploitation Unlikely","2026-08-11T07:00:00"
"CVE-2026-65796","5120228","12436","Windows Server 2025","10.0.26100.33222","8.1","Publicly Disclosed:No;Exploited:No;Latest Software Release:Exploitation Unlikely","2026-08-11T07:00:00"
"CVE-2026-65796","5120418","10816","Windows Server 2016","10.0.14393.9418","8.1","Publicly Disclosed:No;Exploited:No;Latest Software Release:Exploitation Unlikely","2026-08-11T07:00:00"
"CVE-2026-65796","5120418","10855","Windows Server 2016 (Server Core installation)","10.0.14393.9418","8.1","Publicly Disclosed:No;Exploited:No;Latest Software Release:Exploitation Unlikely","2026-08-11T07:00:00"
"CVE-2026-65810","5120704","11650-10378","Microsoft .NET Framework 4.8 on Windows Server 2012","4.8.4805.0","7.8","Publicly Disclosed:No;Exploited:No;Latest Software Release:Exploitation Less Likely","2026-08-11T07:00:00"
"CVE-2026-65810","5120704","11650-10379","Microsoft .NET Framework 4.8 on Windows Server 2012 (Server Core installation)","4.8.4805.0","7.8","Publicly Disclosed:No;Exploited:No;Latest Software Release:Exploitation Less Likely","2026-08-11T07:00:00"
"CVE-2026-65810","5120706","11650-10483","Microsoft .NET Framework 4.8 on Windows Server 2012 R2","4.8.4805.0","7.8","Publicly Disclosed:No;Exploited:No;Latest Software Release:Exploitation Less Likely","2026-08-11T07:00:00"
"CVE-2026-65810","5120706","11650-10543","Microsoft .NET Framework 4.8 on Windows Server 2012 R2 (Server Core installation)","4.8.4805.0","7.8","Publicly Disclosed:No;Exploited:No;Latest Software Release:Exploitation Less Likely","2026-08-11T07:00:00"
"CVE-2026-65810","5120699","11863-10378","Microsoft .NET Framework 4.6.2/4.7/4.7.1/4.7.2 on Windows Server 2012","4.7.4144.0","7.8","Publicly Disclosed:No;Exploited:No;Latest Software Release:Exploitation Less Likely","2026-08-11T07:00:00"
"CVE-2026-65810","5120699","11863-10379","Microsoft .NET Framework 4.6.2/4.7/4.7.1/4.7.2 on Windows Server 2012 (Server Core installation)","4.7.4144.0","7.8","Publicly Disclosed:No;Exploited:No;Latest Software Release:Exploitation Less Likely","2026-08-11T07:00:00"
"CVE-2026-65810","5120700","11863-10483","Microsoft .NET Framework 4.6.2/4.7/4.7.1/4.7.2 on Windows Server 2012 R2","4.7.4144.0","7.8","Publicly Disclosed:No;Exploited:No;Latest Software Release:Exploitation Less Likely","2026-08-11T07:00:00"
"CVE-2026-65810","5120700","11863-10543","Microsoft .NET Framework 4.6.2/4.7/4.7.1/4.7.2 on Windows Server 2012 R2 (Server Core installation)","4.7.4144.0","7.8","Publicly Disclosed:No;Exploited:No;Latest Software Release:Exploitation Less Likely","2026-08-11T07:00:00"
"CVE-2026-65810","5120716","2472-10378","Microsoft .NET Framework 3.5 on Windows Server 2012","2.0.50727.8984 & 3.0.30729.8980","7.8","Publicly Disclosed:No;Exploited:No;Latest Software Release:Exploitation Less Likely","2026-08-11T07:00:00"
"CVE-2026-65810","5120716","2472-10379","Microsoft .NET Framework 3.5 on Windows Server 2012 (Server Core installation)","2.0.50727.8984 & 3.0.30729.8980","7.8","Publicly Disclosed:No;Exploited:No;Latest Software Release:Exploitation Less Likely","2026-08-11T07:00:00"
"CVE-2026-65810","5120695","2472-10483","Microsoft .NET Framework 3.5 on Windows Server 2012 R2","2.0.50727.8984 & 3.0.30729.8980","7.8","Publicly Disclosed:No;Exploited:No;Latest Software Release:Exploitation Less Likely","2026-08-11T07:00:00"
"CVE-2026-65810","5120695","2472-10543","Microsoft .NET Framework 3.5 on Windows Server 2012 R2 (Server Core installation)","2.0.50727.8984 & 3.0.30729.8980","7.8","Publicly Disclosed:No;Exploited:No;Latest Software Release:Exploitation Less Likely","2026-08-11T07:00:00"
"CVE-2026-66802","5120238","11571","Windows Server 2019","10.0.17763.9115","8.1","Publicly Disclosed:No;Exploited:No;Latest Software Release:Exploitation Less Likely","2026-08-11T07:00:00"
"CVE-2026-66802","5120238","11572","Windows Server 2019 (Server Core installation)","10.0.17763.9115","8.1","Publicly Disclosed:No;Exploited:No;Latest Software Release:Exploitation Less Likely","2026-08-11T07:00:00"
"CVE-2026-66802","5120242","11923","Windows Server 2022","10.0.20348.5499","8.1","Publicly Disclosed:No;Exploited:No;Latest Software Release:Exploitation Less Likely","2026-08-11T07:00:00"
"CVE-2026-66802","5120242","11924","Windows Server 2022 (Server Core installation)","10.0.20348.5499","8.1","Publicly Disclosed:No;Exploited:No;Latest Software Release:Exploitation Less Likely","2026-08-11T07:00:00"
"CVE-2026-66802","5120229","11923","Windows Server 2022","10.0.20348.5440","8.1","Publicly Disclosed:No;Exploited:No;Latest Software Release:Exploitation Less Likely","2026-08-11T07:00:00"
"CVE-2026-66802","5120229","11924","Windows Server 2022 (Server Core installation)","10.0.20348.5440","8.1","Publicly Disclosed:No;Exploited:No;Latest Software Release:Exploitation Less Likely","2026-08-11T07:00:00"
"CVE-2026-66802","5120233","12437","Windows Server 2025 (Server Core installation)","10.0.26100.33296","8.1","Publicly Disclosed:No;Exploited:No;Latest Software Release:Exploitation Less Likely","2026-08-11T07:00:00"
"CVE-2026-66802","5120233","12436","Windows Server 2025","10.0.26100.33296","8.1","Publicly Disclosed:No;Exploited:No;Latest Software Release:Exploitation Less Likely","2026-08-11T07:00:00"
"CVE-2026-66802","5120228","12437","Windows Server 2025 (Server Core installation)","10.0.26100.33222","8.1","Publicly Disclosed:No;Exploited:No;Latest Software Release:Exploitation Less Likely","2026-08-11T07:00:00"
"CVE-2026-66802","5120228","12436","Windows Server 2025","10.0.26100.33222","8.1","Publicly Disclosed:No;Exploited:No;Latest Software Release:Exploitation Less Likely","2026-08-11T07:00:00"
"CVE-2026-56179","5120233","12437","Windows Server 2025 (Server Core installation)","10.0.26100.33296","8.3","Publicly Disclosed:No;Exploited:No;Latest Software Release:Exploitation Less Likely","2026-08-11T07:00:00"
"CVE-2026-56179","5120233","12436","Windows Server 2025","10.0.26100.33296","8.3","Publicly Disclosed:No;Exploited:No;Latest Software Release:Exploitation Less Likely","2026-08-11T07:00:00"
"CVE-2026-56179","5120228","12437","Windows Server 2025 (Server Core installation)","10.0.26100.33222","8.3","Publicly Disclosed:No;Exploited:No;Latest Software Release:Exploitation Less Likely","2026-08-11T07:00:00"
"CVE-2026-56179","5120228","12436","Windows Server 2025","10.0.26100.33222","8.3","Publicly Disclosed:No;Exploited:No;Latest Software Release:Exploitation Less Likely","2026-08-11T07:00:00"
"CVE-2026-70354","5120716","2472-10378","Microsoft .NET Framework 3.5 on Windows Server 2012","2.0.50727.8984 & 3.0.30729.8980","7.8","Publicly Disclosed:No;Exploited:No;Latest Software Release:Exploitation Less Likely","2026-08-11T07:00:00"
"CVE-2026-70354","5120716","2472-10379","Microsoft .NET Framework 3.5 on Windows Server 2012 (Server Core installation)","2.0.50727.8984 & 3.0.30729.8980","7.8","Publicly Disclosed:No;Exploited:No;Latest Software Release:Exploitation Less Likely","2026-08-11T07:00:00"
"CVE-2026-70354","5120695","2472-10483","Microsoft .NET Framework 3.5 on Windows Server 2012 R2","2.0.50727.8984 & 3.0.30729.8980","7.8","Publicly Disclosed:No;Exploited:No;Latest Software Release:Exploitation Less Likely","2026-08-11T07:00:00"
"CVE-2026-70354","5120695","2472-10543","Microsoft .NET Framework 3.5 on Windows Server 2012 R2 (Server Core installation)","2.0.50727.8984 & 3.0.30729.8980","7.8","Publicly Disclosed:No;Exploited:No;Latest Software Release:Exploitation Less Likely","2026-08-11T07:00:00"
"CVE-2026-70354","5120700","11863-10543","Microsoft .NET Framework 4.6.2/4.7/4.7.1/4.7.2 on Windows Server 2012 R2 (Server Core installation)","4.7.4144.0","7.8","Publicly Disclosed:No;Exploited:No;Latest Software Release:Exploitation Less Likely","2026-08-11T07:00:00"
"CVE-2026-70354","5120700","11863-10483","Microsoft .NET Framework 4.6.2/4.7/4.7.1/4.7.2 on Windows Server 2012 R2","4.7.4144.0","7.8","Publicly Disclosed:No;Exploited:No;Latest Software Release:Exploitation Less Likely","2026-08-11T07:00:00"
"CVE-2026-70354","5120699","11863-10379","Microsoft .NET Framework 4.6.2/4.7/4.7.1/4.7.2 on Windows Server 2012 (Server Core installation)","4.7.4144.0","7.8","Publicly Disclosed:No;Exploited:No;Latest Software Release:Exploitation Less Likely","2026-08-11T07:00:00"
"CVE-2026-70354","5120699","11863-10378","Microsoft .NET Framework 4.6.2/4.7/4.7.1/4.7.2 on Windows Server 2012","4.7.4144.0","7.8","Publicly Disclosed:No;Exploited:No;Latest Software Release:Exploitation Less Likely","2026-08-11T07:00:00"
"CVE-2026-70354","5120704","11650-10378","Microsoft .NET Framework 4.8 on Windows Server 2012","4.8.4805.0","7.8","Publicly Disclosed:No;Exploited:No;Latest Software Release:Exploitation Less Likely","2026-08-11T07:00:00"
"CVE-2026-70354","5120704","11650-10379","Microsoft .NET Framework 4.8 on Windows Server 2012 (Server Core installation)","4.8.4805.0","7.8","Publicly Disclosed:No;Exploited:No;Latest Software Release:Exploitation Less Likely","2026-08-11T07:00:00"
"CVE-2026-70354","5120706","11650-10543","Microsoft .NET Framework 4.8 on Windows Server 2012 R2 (Server Core installation)","4.8.4805.0","7.8","Publicly Disclosed:No;Exploited:No;Latest Software Release:Exploitation Less Likely","2026-08-11T07:00:00"
"CVE-2026-70354","5120706","11650-10483","Microsoft .NET Framework 4.8 on Windows Server 2012 R2","4.8.4805.0","7.8","Publicly Disclosed:No;Exploited:No;Latest Software Release:Exploitation Less Likely","2026-08-11T07:00:00"
"CVE-2026-71331","5120238","11571","Windows Server 2019","10.0.17763.9115","8.1","Publicly Disclosed:No;Exploited:No;Latest Software Release:Exploitation Less Likely","2026-08-11T07:00:00"
"CVE-2026-71331","5120238","11572","Windows Server 2019 (Server Core installation)","10.0.17763.9115","8.1","Publicly Disclosed:No;Exploited:No;Latest Software Release:Exploitation Less Likely","2026-08-11T07:00:00"
"CVE-2026-71331","5120242","11923","Windows Server 2022","10.0.20348.5499","8.1","Publicly Disclosed:No;Exploited:No;Latest Software Release:Exploitation Less Likely","2026-08-11T07:00:00"
"CVE-2026-71331","5120242","11924","Windows Server 2022 (Server Core installation)","10.0.20348.5499","8.1","Publicly Disclosed:No;Exploited:No;Latest Software Release:Exploitation Less Likely","2026-08-11T07:00:00"
"CVE-2026-71331","5120229","11923","Windows Server 2022","10.0.20348.5440","8.1","Publicly Disclosed:No;Exploited:No;Latest Software Release:Exploitation Less Likely","2026-08-11T07:00:00"
"CVE-2026-71331","5120229","11924","Windows Server 2022 (Server Core installation)","10.0.20348.5440","8.1","Publicly Disclosed:No;Exploited:No;Latest Software Release:Exploitation Less Likely","2026-08-11T07:00:00"
"CVE-2026-71331","5120233","12437","Windows Server 2025 (Server Core installation)","10.0.26100.33296","8.1","Publicly Disclosed:No;Exploited:No;Latest Software Release:Exploitation Less Likely","2026-08-11T07:00:00"
"CVE-2026-71331","5120233","12436","Windows Server 2025","10.0.26100.33296","8.1","Publicly Disclosed:No;Exploited:No;Latest Software Release:Exploitation Less Likely","2026-08-11T07:00:00"
"CVE-2026-62738","5120238","11571","Windows Server 2019","10.0.17763.9115","5.5","Publicly Disclosed:No;Exploited:No;Latest Software Release:Exploitation Less Likely","2026-08-11T07:00:00"
"CVE-2026-62738","5120238","11572","Windows Server 2019 (Server Core installation)","10.0.17763.9115","5.5","Publicly Disclosed:No;Exploited:No;Latest Software Release:Exploitation Less Likely","2026-08-11T07:00:00"
"CVE-2026-62738","5120242","11923","Windows Server 2022","10.0.20348.5499","5.5","Publicly Disclosed:No;Exploited:No;Latest Software Release:Exploitation Less Likely","2026-08-11T07:00:00"
"CVE-2026-62738","5120242","11924","Windows Server 2022 (Server Core installation)","10.0.20348.5499","5.5","Publicly Disclosed:No;Exploited:No;Latest Software Release:Exploitation Less Likely","2026-08-11T07:00:00"
"CVE-2026-62738","5120229","11923","Windows Server 2022","10.0.20348.5440","5.5","Publicly Disclosed:No;Exploited:No;Latest Software Release:Exploitation Less Likely","2026-08-11T07:00:00"
"CVE-2026-62738","5120229","11924","Windows Server 2022 (Server Core installation)","10.0.20348.5440","5.5","Publicly Disclosed:No;Exploited:No;Latest Software Release:Exploitation Less Likely","2026-08-11T07:00:00"
"CVE-2026-62738","5120249","11929","Windows 10 Version 21H2 for 32-bit Systems","10.0.19044.7663","5.5","Publicly Disclosed:No;Exploited:No;Latest Software Release:Exploitation Less Likely","2026-08-11T07:00:00"
"CVE-2026-62738","5120249","11930","Windows 10 Version 21H2 for ARM64-based Systems","10.0.19044.7663","5.5","Publicly Disclosed:No;Exploited:No;Latest Software Release:Exploitation Less Likely","2026-08-11T07:00:00"
"CVE-2026-62738","5120249","11931","Windows 10 Version 21H2 for x64-based Systems","10.0.19044.7663","5.5","Publicly Disclosed:No;Exploited:No;Latest Software Release:Exploitation Less Likely","2026-08-11T07:00:00"
"CVE-2026-62738","5120249","12097","Windows 10 Version 22H2 for x64-based Systems","10.0.19045.7663","5.5","Publicly Disclosed:No;Exploited:No;Latest Software Release:Exploitation Less Likely","2026-08-11T07:00:00"
"CVE-2026-62738","5120249","12098","Windows 10 Version 22H2 for ARM64-based Systems","10.0.19045.7663","5.5","Publicly Disclosed:No;Exploited:No;Latest Software Release:Exploitation Less Likely","2026-08-11T07:00:00"
"CVE-2026-62738","5120249","12099","Windows 10 Version 22H2 for 32-bit Systems","10.0.19045.7663","5.5","Publicly Disclosed:No;Exploited:No;Latest Software Release:Exploitation Less Likely","2026-08-11T07:00:00"
"CVE-2026-62738","5120233","12437","Windows Server 2025 (Server Core installation)","10.0.26100.33296","5.5","Publicly Disclosed:No;Exploited:No;Latest Software Release:Exploitation Less Likely","2026-08-11T07:00:00"
"CVE-2026-62738","5120233","12436","Windows Server 2025","10.0.26100.33296","5.5","Publicly Disclosed:No;Exploited:No;Latest Software Release:Exploitation Less Likely","2026-08-11T07:00:00"
"CVE-2026-62738","5120228","12437","Windows Server 2025 (Server Core installation)","10.0.26100.33222","5.5","Publicly Disclosed:No;Exploited:No;Latest Software Release:Exploitation Less Likely","2026-08-11T07:00:00"
"CVE-2026-62738","5120228","12436","Windows Server 2025","10.0.26100.33222","5.5","Publicly Disclosed:No;Exploited:No;Latest Software Release:Exploitation Less Likely","2026-08-11T07:00:00"
"CVE-2026-62738","5120240","12242","Windows 11 Version 23H2 for ARM64-based Systems","10.0.22631.7517","5.5","Publicly Disclosed:No;Exploited:No;Latest Software Release:Exploitation Less Likely","2026-08-11T07:00:00"
"CVE-2026-62738","5120240","12243","Windows 11 Version 23H2 for x64-based Systems","10.0.22631.7517","5.5","Publicly Disclosed:No;Exploited:No;Latest Software Release:Exploitation Less Likely","2026-08-11T07:00:00"
"CVE-2026-62738","5120418","10816","Windows Server 2016","10.0.14393.9418","5.5","Publicly Disclosed:No;Exploited:No;Latest Software Release:Exploitation Less Likely","2026-08-11T07:00:00"
"CVE-2026-62738","5120418","10855","Windows Server 2016 (Server Core installation)","10.0.14393.9418","5.5","Publicly Disclosed:No;Exploited:No;Latest Software Release:Exploitation Less Likely","2026-08-11T07:00:00"
